subject,experiment,task,condition,item,recall,original_description,semantic_similarity
121,exp01,recall,Active,mailbox,can instantly receive letters from anywhere,This item can receive mail from anywhere instantaneously.,0.55735373
121,exp01,recall,Active,feather,can tickle any animal,This item can be used to tickle any animal.,0.7994819
121,exp01,recall,Active,rubikscube,scrambles up when you try to solve it,This item scrambles itself if you try to solve it.,0.7111926
121,exp01,recall,Active,trumpet,can only play one note,This item can only play one note.,0.7804624
121,exp01,recall,Active,hanger,shows up with any cloth you want to wear,This item instantly appears with the outfit of your choice.,0.42520875
121,exp01,recall,Active,straightener,gets colder the longer you turn it on for,This item gets colder the longer its left on.,0.6777939
121,exp01,recall,Active,seashell,can be used to listen to street sounds,This item can be used to hear city streets.,0.53776026
121,exp01,recall,Active,cactus,contains tea in its arms,This item can contains tea within its arms.,0.7443174
121,exp01,recall,Active,microscope,is used to physically magnify things,This item physically enlarges any object it focuses on.,0.44600475
121,exp01,recall,Active,ladle,cannot hold liquid,This item cannot hold any liquid.,0.69301903
121,exp01,recall,Active,dogbowl,automatically fills up,This item fills up by itself.,0.3883425
121,exp01,recall,Active,jug,can never be emptied,"This item never empties, no matter how much you pour out of it.",0.3578357
121,exp01,recall,Active,starfish,"can make any wish come true, but only one wish","This item can be used to wish for anything, but only once.",0.5700592
121,exp01,recall,Active,hairclip,holds onto anything but hair,This item can grasp everything except hair.,0.5672921
121,exp01,recall,Active,racquet,it swings itself,"This item swings on its own, without human intervention.",0.38749143
121,exp01,recall,Active,gavel,can only be held by kids,This item can only be held by children.,0.64127
121,exp01,recall,Active,applecore,makes anyone who takes a bite turn invisible,"This item grows into any tree desired, if tossed.",0.13446438
121,exp01,recall,Active,skates,skates on anything but ice,This item can skate on any surface except ice.,0.57988304
121,exp01,recall,Active,mortarpestle,breaks anything with one crush,This item crushes anything with a single tap.,0.5023527
121,exp01,recall,Active,piggybank,"is full when it is not broken, becomes empty once it is broken","This item is full until you break it, then it becomes empty.",0.6255535
121,exp01,recall,Active,toiletpaper,Cannot be broken / torn,This item cannot be torn.,0.47428632
121,exp01,recall,Active,purse,holds only one item,This item can only hold one item.,0.55963206
121,exp01,recall,Active,pear,makes anyone who bites it invisible,This item grants invisibility to anyone who bites it.,0.63168633
121,exp01,recall,Active,wateringcan,fills up as you water plants,This item soaks up water from plants.,0.49738765
121,exp01,recall,Active,blender,unblends smoothies / slush,This item can be used to un-blend any slurry.,0.11331038
121,exp01,recall,Active,pen,writes in invisible ink,This item can only write in invisible ink.,0.76776844
121,exp01,recall,Active,iron,flattens any cloth,This item can wrinkle any fabric.,0.39675948
121,exp01,recall,Active,cereal,makes the person eating it fall asleep,This item makes you fall asleep if eaten.,0.6540115
121,exp01,recall,Active,landline,can reach any number but cannot be answered,"This item can reach any number, but cannot be answered.",0.7990844
121,exp01,recall,Active,broom,collects more dust the more you use it,This item collects more dust the more you sweep with it.,0.75141394
121,exp01,recall,Active,camcorder,has infinite memory / storage,This item has unlimited memory capacity.,0.6523887
121,exp01,recall,Active,alarmclock,stops ringing only when you wake up,This item only goes off after you wake up.,0.54215324
121,exp01,recall,Active,frame,holds only black and white photos,This item can only be used for black and white photographs.,0.59150296
121,exp01,recall,Active,fishbowl,does not spill not matter how you tilt it,"This item cannot spill water, no matter how much you shake it.",0.50324965
121,exp01,recall,Active,binoculars,sees through anything,This item can be used to see through any object.,0.14894004
121,exp01,recall,Active,gramophone,plays music backwards,This item can plays music backwards.,0.6729888
121,exp01,recall,Active,paperairplane,flies anywhere after you toss it,This item can fly to anywhere if you toss it.,0.57366276
121,exp01,recall,Active,tapemeasure,extends infinitely,This item can measure an unlimited length.,0.24318111
121,exp01,recall,Active,gumballmachine,the gum can heal your jaw,This item dispenses candy that heals your jaw.,0.66735446
121,exp01,recall,Active,bikepump,deflates tires,This item is can only be used to deflate tires.,0.49090332
121,exp01,recall,Active,milkshake,tastes like whatever you want it to taste like,This item tastes like anything you wish for it to taste like.,0.83229715
121,exp01,recall,Active,remote,controls items that are not within the same room,This item can control any device that is not in the same room.,0.6090044
121,exp01,recall,Active,pretzel,untwists and twists itself back,This item unknots and ties itself back together.,0.3844418
120,exp01,recall,Active,paperairplane,I dont remember ,This item can fly to anywhere if you toss it.,-0.062451288
120,exp01,recall,Active,gavel,Only children can use it\n,This item can only be held by children.,0.46338946
120,exp01,recall,Active,skates,can skate on anything but ice\n,This item can skate on any surface except ice.,0.66843873
120,exp01,recall,Active,donut,Disapears when you try to eat it,This item dissapears if you try to eat it.,0.7103384
120,exp01,recall,Active,piggybank,"Full when in one piece, but when you break it its empty","This item is full until you break it, then it becomes empty.",0.674628
120,exp01,recall,Active,bikepump,"I meant to put similar, because it kind of reminded me of the pogo stick",This item is can only be used to deflate tires.,0.17252389
120,exp01,recall,Active,bowlingball,I dont remember,This item weighs whatever weight you choose it to weigh.,-0.015625454
120,exp01,recall,Active,iron,wrinkles things,This item can wrinkle any fabric.,0.46313864
120,exp01,recall,Active,toiletpaper,does not rip,This item cannot be torn.,0.16694026
120,exp01,recall,Active,hanger,puts together an outfit for you,This item instantly appears with the outfit of your choice.,0.45830452
120,exp01,recall,Active,camcorder,Has infinite memory storage ,This item has unlimited memory capacity.,0.6523887
120,exp01,recall,Active,starfish,"makes any wish come tue, but only one wish (or only once)","This item can be used to wish for anything, but only once.",0.5758637
120,exp01,recall,Active,pen,only writes in invisible ink\n,This item can only write in invisible ink.,0.61118436
120,exp01,recall,Active,pretzel,unknots and the knots itself,This item unknots and ties itself back together.,0.48688537
120,exp01,recall,Active,purse,Only holds one item\n,This item can only hold one item.,0.2692028
120,exp01,recall,Active,gramophone,I dont remember,This item can plays music backwards.,-0.06495975
120,exp01,recall,Active,rubikscube,"when you try to solve it, it mixes itself around",This item scrambles itself if you try to solve it.,0.48592544
120,exp01,recall,Active,fishbowl,"Never spills, regardless of the amount of water\n","This item cannot spill water, no matter how much you shake it.",0.4061371
120,exp01,recall,Active,broom,Accumlates dust as you continue to use it,This item collects more dust the more you sweep with it.,0.56511533
120,exp01,recall,Active,ladle,Cant/never fills up\n,This item cannot hold any liquid.,0.10872263
120,exp01,recall,Active,racquet,I cant remember,"This item swings on its own, without human intervention.",0.005771318
120,exp01,recall,Active,alarmclock,Only rings after you are already awake,This item only goes off after you wake up.,0.44768703
120,exp01,recall,Active,frame,I cant remember ,This item can only be used for black and white photographs.,-0.004790355
120,exp01,recall,Active,trumpet,"I cant remeber, I think its new actually",This item can only play one note.,0.10787814
120,exp01,recall,Active,landline,"Can dial infinte numbers, but cant be answered ","This item can reach any number, but cannot be answered.",0.60684204
120,exp01,recall,Active,wateringcan,mever runs out of water,This item soaks up water from plants.,0.38246366
120,exp01,recall,Active,doghouse,Adjust to fit any size dog inside of it,This item adapts to fit the size of any dog that sits in it.,0.69122064
120,exp01,recall,Active,binoculars,I cant remember ,This item can be used to see through any object.,-0.04772999
120,exp01,recall,Active,cactus,arches are filled with tea ,This item can contains tea within its arms.,0.29026157
120,exp01,recall,Active,gumballmachine,Candy inside heals your jaw ,This item dispenses candy that heals your jaw.,0.77691853
120,exp01,recall,Active,jug,never runs out of water regardless of how much you pour,"This item never empties, no matter how much you pour out of it.",0.6186607
120,exp01,recall,Active,milkshake,I cant remember ,This item tastes like anything you wish for it to taste like.,-0.000224181
120,exp01,recall,Active,hairclip,can hold anything but hair,This item can grasp everything except hair.,0.6447476
120,exp01,recall,Active,seashell,can hear something I cant rememebr what though,This item can be used to hear city streets.,0.16895999
120,exp01,recall,Active,remote,can control any device regardless if you are in the same room as it or not ,This item can control any device that is not in the same room.,0.7146785
120,exp01,recall,Active,microscope,enlarges images/anything underneath of it,This item physically enlarges any object it focuses on.,0.22551632
120,exp01,recall,Active,soccerball,I cant remember ,"This item can be kicked, but always rolls back to where it started.",-0.004150685
120,exp01,recall,Active,feather,can tickle any animal ,This item can be used to tickle any animal.,0.7994819
120,exp01,recall,Active,cereal,I cant remember,This item makes you fall asleep if eaten.,-0.007092758
120,exp01,recall,Active,applecore,can grow on any tree,"This item grows into any tree desired, if tossed.",0.46370393
120,exp01,recall,Active,walkietalkie,Has infinte signal/range,This item has an unlimited range.,0.18164909
120,exp01,recall,Active,mailbox,Dont remember ,This item can receive mail from anywhere instantaneously.,-0.17878161
120,exp01,recall,Active,dogbowl,I cant remember ,This item fills up by itself.,0.011270307
120,exp01,recall,Active,tapemeasure,can measure any length ,This item can measure an unlimited length.,0.66338134
120,exp01,recall,Active,straightener,the longer its on the colder it gets,This item gets colder the longer its left on.,0.7395289
122,exp01,recall,Active,rubikscube,it can do countless of passwords\n,This item scrambles itself if you try to solve it.,0.100650184
122,exp01,recall,Active,seashell,it can hear the city streets\n,This item can be used to hear city streets.,0.53302884
122,exp01,recall,Active,blender,it can blend evrything at once,This item can be used to un-blend any slurry.,0.22452375
122,exp01,recall,Active,wateringcan,it can dry out flowers,This item soaks up water from plants.,0.36186516
122,exp01,recall,Active,applecore,it can feed ,"This item grows into any tree desired, if tossed.",0.113113284
122,exp01,recall,Active,straightener,it gets colder if left on,This item gets colder the longer its left on.,0.6777803
122,exp01,recall,Active,landline,it can be silent if picked up,"This item can reach any number, but cannot be answered.",0.19610032
122,exp01,recall,Active,remote,it will turn the tv off,This item can control any device that is not in the same room.,0.24071765
122,exp01,recall,Active,shoppingcart,it will empty,This item can move without being pushed.,0.1860111
122,exp01,recall,Active,camcorder,,This item has unlimited memory capacity.,-0.05969113
122,exp01,recall,Active,walkietalkie,,This item has an unlimited range.,-0.011129776
122,exp01,recall,Active,microscope,it can zoom out,This item physically enlarges any object it focuses on.,0.19737712
122,exp01,recall,Active,binoculars,,This item can be used to see through any object.,-0.066939704
122,exp01,recall,Active,gavel,,This item can only be held by children.,-0.05464585
122,exp01,recall,Active,donut,it,This item dissapears if you try to eat it.,0.14001247
122,exp01,recall,Active,tapemeasure,it will measure things endleslly,This item can measure an unlimited length.,0.40321916
122,exp01,recall,Active,racquet,,"This item swings on its own, without human intervention.",-0.047514938
122,exp01,recall,Active,cereal, ,This item makes you fall asleep if eaten.,-0.041454516
122,exp01,recall,Active,skates,,This item can skate on any surface except ice.,-0.04531532
122,exp01,recall,Active,mortarpestle,,This item crushes anything with a single tap.,-0.015745107
122,exp01,recall,Active,starfish,,"This item can be used to wish for anything, but only once.",-0.024965333
122,exp01,recall,Active,alarmclock,it will make people fall asleep,This item only goes off after you wake up.,0.3385681
122,exp01,recall,Active,feather,,This item can be used to tickle any animal.,-0.07342144
122,exp01,recall,Active,bikepump,it will deflate things\n,This item is can only be used to deflate tires.,0.39564908
122,exp01,recall,Active,gumballmachine,,This item dispenses candy that heals your jaw.,0.08239916
122,exp01,recall,Active,hanger,,This item instantly appears with the outfit of your choice.,-0.05757133
122,exp01,recall,Active,pretzel,,This item unknots and ties itself back together.,-0.08940366
122,exp01,recall,Active,paperairplane,,This item can fly to anywhere if you toss it.,-0.029508036
122,exp01,recall,Active,purse,,This item can only hold one item.,0.011646021
122,exp01,recall,Active,laptop,,This item works only in areas without internet connection.,-0.011911726
122,exp01,recall,Active,iron,it will make things wrinkle,This item can wrinkle any fabric.,0.49341702
122,exp01,recall,Active,ladle,it will not hold any liquids,This item cannot hold any liquid.,0.68515986
123,exp01,recall,Active,racquet,?,"This item swings on its own, without human intervention.",-0.047514938
123,exp01,recall,Active,feather,?,This item can be used to tickle any animal.,-0.07342144
123,exp01,recall,Active,remote,plays things outside of the room,This item can control any device that is not in the same room.,0.3293895
123,exp01,recall,Active,shoppingcart,?,This item can move without being pushed.,-0.061893344
123,exp01,recall,Active,starfish,?,"This item can be used to wish for anything, but only once.",-0.024965338
123,exp01,recall,Active,seashell,lets you hear car sounds,This item can be used to hear city streets.,0.30319133
123,exp01,recall,Active,dogbowl,?,This item fills up by itself.,-0.030405285
123,exp01,recall,Active,cactus,holds tea,This item can contains tea within its arms.,0.41517788
123,exp01,recall,Active,broom,makes more dust the more you use it,This item collects more dust the more you sweep with it.,0.67918235
123,exp01,recall,Active,iron,makes clothes wrinklier,This item can wrinkle any fabric.,0.26112404
123,exp01,recall,Active,tapemeasure,measures infinite length,This item can measure an unlimited length.,0.5782887
123,exp01,recall,Active,bowlingball,?,This item weighs whatever weight you choose it to weigh.,0.034238145
123,exp01,recall,Active,applecore,grows into any kind of tree,"This item grows into any tree desired, if tossed.",0.5193329
123,exp01,recall,Active,toiletpaper,cannot rip,This item cannot be torn.,0.24175322
123,exp01,recall,Active,trumpet,plays only one note,This item can only play one note.,0.60808086
123,exp01,recall,Active,frame,only works on black and white photos,This item can only be used for black and white photographs.,0.61319745
123,exp01,recall,Active,gramophone,plays music backwards\n,This item can plays music backwards.,0.41539848
123,exp01,recall,Active,jug,never runs out of water,"This item never empties, no matter how much you pour out of it.",0.38116634
123,exp01,recall,Active,pen,can't wrtie on paper?,This item can only write in invisible ink.,0.31755444
123,exp01,recall,Active,gavel,only children can hold it,This item can only be held by children.,0.48958343
123,exp01,recall,Active,mortarpestle,can grind anything in one hit,This item crushes anything with a single tap.,0.20082402
123,exp01,recall,Active,doghouse,can grow to fit any dog's size,This item adapts to fit the size of any dog that sits in it.,0.6318605
123,exp01,recall,Active,blender,can unblend anything,This item can be used to un-blend any slurry.,0.32538542
123,exp01,recall,Active,fishbowl,never spills water,"This item cannot spill water, no matter how much you shake it.",0.4881494
123,exp01,recall,Active,pear,?,This item grants invisibility to anyone who bites it.,-0.04415672
123,exp01,recall,Active,donut,disappears before you can eat it,This item dissapears if you try to eat it.,0.62081623
123,exp01,recall,Active,pretzel,untwists itself,This item unknots and ties itself back together.,0.13837354
123,exp01,recall,Active,rubikscube,scrambles itself if touched,This item scrambles itself if you try to solve it.,0.27464953
123,exp01,recall,Active,skates,skates on anything but ice,This item can skate on any surface except ice.,0.579883
123,exp01,recall,Active,purse,can only hold one item,This item can only hold one item.,0.79024696
123,exp01,recall,Active,hanger,gives you any outfit you wish,This item instantly appears with the outfit of your choice.,0.43302435
123,exp01,recall,Active,paperairplane,flies anywhere when thrown,This item can fly to anywhere if you toss it.,0.449526
123,exp01,recall,Active,ladle,cannot hold liquid,This item cannot hold any liquid.,0.69301903
123,exp01,recall,Active,landline,can reach any number but cannot receive calls,"This item can reach any number, but cannot be answered.",0.58519596
123,exp01,recall,Active,straightener,gets colder the more it is powered,This item gets colder the longer its left on.,0.6516274
123,exp01,recall,Active,gumballmachine,?,This item dispenses candy that heals your jaw.,0.08239916
123,exp01,recall,Active,soccerball,avoids kicks,"This item can be kicked, but always rolls back to where it started.",0.22785717
123,exp01,recall,Active,milkshake,tastes like anything you want it to taste like,This item tastes like anything you wish for it to taste like.,0.8544867
123,exp01,recall,Active,binoculars,lets you see through anything,This item can be used to see through any object.,0.46052247
123,exp01,recall,Active,walkietalkie,?,This item has an unlimited range.,-0.011129776
123,exp01,recall,Active,piggybank,is full until you crack it open,"This item is full until you break it, then it becomes empty.",0.40185258
123,exp01,recall,Active,microscope,makes things appear bigger,This item physically enlarges any object it focuses on.,0.27311397
123,exp01,recall,Active,hairclip,can grab anything but hair,This item can grasp everything except hair.,0.62247276
123,exp01,recall,Active,bikepump,deflates tires,This item is can only be used to deflate tires.,0.49090332
124,exp01,recall,Active,laptop,Can be used with no internet\n,This item works only in areas without internet connection.,0.26115736
124,exp01,recall,Active,shoppingcart,Can pull any object,This item can move without being pushed.,0.45427018
124,exp01,recall,Active,gramophone,Unable to play any music,This item can plays music backwards.,0.3562392
124,exp01,recall,Active,pretzel,Can twist itself and untwist back,This item unknots and ties itself back together.,0.38952005
124,exp01,recall,Active,seashell,meant to put in art room - can listen to city streets,This item can be used to hear city streets.,0.60405236
124,exp01,recall,Active,skates,can skate on anything but ice,This item can skate on any surface except ice.,0.7822262
124,exp01,recall,Active,camcorder,cannot record ,This item has unlimited memory capacity.,0.17652196
124,exp01,recall,Active,broom,is unable to clean,This item collects more dust the more you sweep with it.,0.19710203
124,exp01,recall,Active,milkshake,meant to put in arcade room - can taste like anything you want it to ,This item tastes like anything you wish for it to taste like.,0.57839346
124,exp01,recall,Active,piggybank,is full but will be empty when it breaks,"This item is full until you break it, then it becomes empty.",0.64613557
124,exp01,recall,Active,cactus,is smooth\n,This item can contains tea within its arms.,0.10392826
124,exp01,recall,Active,binoculars,can see through anything,This item can be used to see through any object.,0.51321185
124,exp01,recall,Active,gumballmachine,will heal your jaw,This item dispenses candy that heals your jaw.,0.6046237
124,exp01,recall,Active,mailbox,does not carry any mail\n,This item can receive mail from anywhere instantaneously.,0.09583328
124,exp01,recall,Active,straightener,meant to put new item- will turn colder the longer your have it on,This item gets colder the longer its left on.,0.6102011
124,exp01,recall,Active,rubikscube,will scramble every time you try to solve it,This item scrambles itself if you try to solve it.,0.63847136
124,exp01,recall,Active,feather,can break anything,This item can be used to tickle any animal.,0.1586599
124,exp01,recall,Active,starfish,can only be used once and will allow you to do anything you want,"This item can be used to wish for anything, but only once.",0.46153384
124,exp01,recall,Active,bikepump,deflates tires,This item is can only be used to deflate tires.,0.49090332
124,exp01,recall,Active,donut,gives you invisibility,This item dissapears if you try to eat it.,0.29671478
124,exp01,recall,Active,bowlingball,will allow you to do anything you want,This item weighs whatever weight you choose it to weigh.,0.06455124
124,exp01,recall,Active,landline,can make calls from wherever,"This item can reach any number, but cannot be answered.",0.25149992
124,exp01,recall,Active,applecore,gives you joy,"This item grows into any tree desired, if tossed.",0.05658269
124,exp01,recall,Active,microscope,allows you to see through anything,This item physically enlarges any object it focuses on.,0.23546293
124,exp01,recall,Active,blender,pours out everything that it has,This item can be used to un-blend any slurry.,0.11845346
124,exp01,recall,Active,doghouse,gives you the house you want,This item adapts to fit the size of any dog that sits in it.,0.12533897
124,exp01,recall,Active,fishbowl,will never spill no matter how much you shake it ,"This item cannot spill water, no matter how much you shake it.",0.77632815
124,exp01,recall,Active,mortarpestle,crushes everything in sight,This item crushes anything with a single tap.,0.4372993
124,exp01,recall,Active,frame,does not form any photos,This item can only be used for black and white photographs.,0.26321757
124,exp01,recall,Active,hanger,gives you whatever clothes you want,This item instantly appears with the outfit of your choice.,0.28886896
124,exp01,recall,Active,soccerball,rolls back to place when kicked,"This item can be kicked, but always rolls back to where it started.",0.6048342
124,exp01,recall,Active,pear,cannot be eaten,This item grants invisibility to anyone who bites it.,0.001438584
124,exp01,recall,Active,tapemeasure,can measure infinitely,This item can measure an unlimited length.,0.6283536
124,exp01,recall,Active,racquet,can hit anything to any distance,"This item swings on its own, without human intervention.",0.10493815
124,exp01,recall,Active,jug,pours out everything at sight,"This item never empties, no matter how much you pour out of it.",0.21986498
124,exp01,recall,Active,toiletpaper,cannot be torn,This item cannot be torn.,0.6498354
124,exp01,recall,Active,ladle,can carry a lot of liquid,This item cannot hold any liquid.,0.5717126
124,exp01,recall,Active,trumpet,only plays one note,This item can only play one note.,0.64539737
124,exp01,recall,Active,walkietalkie,can be used anywhere,This item has an unlimited range.,0.27414393
124,exp01,recall,Active,alarmclock,only plays after you are awake,This item only goes off after you wake up.,0.4650166
124,exp01,recall,Active,remote,turns off everything in sight,This item can control any device that is not in the same room.,0.1255216
124,exp01,recall,Active,gavel,can only be given to a child,This item can only be held by children.,0.5595344
124,exp01,recall,Active,hairclip,can latch onto anything except for hair,This item can grasp everything except hair.,0.647341
124,exp01,recall,Active,cereal,is not sweet and has no flavor,This item makes you fall asleep if eaten.,0.15425625
124,exp01,recall,Active,pen,can only write with magic ink,This item can only write in invisible ink.,0.6680458
125,exp01,recall,Active,rubikscube,Has a lot of colors ,This item scrambles itself if you try to solve it.,-0.02998358
125,exp01,recall,Active,binoculars,Can see something from far away,This item can be used to see through any object.,0.40605754
125,exp01,recall,Active,toiletpaper,Can be used to wipe anything,This item cannot be torn.,0.2615835
125,exp01,recall,Active,cactus,Is a living thing,This item can contains tea within its arms.,0.071289554
125,exp01,recall,Active,hairclip,is hair clip that help us hold our hair up,This item can grasp everything except hair.,0.4208752
125,exp01,recall,Active,purse,Is used to carry various types of things,This item can only hold one item.,0.18816379
125,exp01,recall,Active,ladle,Can be used to scoop food,This item cannot hold any liquid.,0.21164903
125,exp01,recall,Active,blender,Can be used to chop food into smaller pieces,This item can be used to un-blend any slurry.,0.37678736
125,exp01,recall,Active,starfish,Lives in the sea,"This item can be used to wish for anything, but only once.",-0.024653915
125,exp01,recall,Active,pretzel,A type of food that is commonly sold in carnivals,This item unknots and ties itself back together.,-0.013304139
125,exp01,recall,Active,shoppingcart,Used in grocery markets to help hold your groceries while shopping,This item can move without being pushed.,0.101447046
125,exp01,recall,Active,bikepump,Used to pump air in tires,This item is can only be used to deflate tires.,0.4849332
125,exp01,recall,Active,straightener,Used to straighten hair using heat,This item gets colder the longer its left on.,0.14530884
125,exp01,recall,Active,milkshake,A sweet desert ,This item tastes like anything you wish for it to taste like.,0.15297346
125,exp01,recall,Active,camcorder,Can be used to videotape and take pictures of things,This item has unlimited memory capacity.,0.05901232
125,exp01,recall,Active,applecore,"is a type of fruit that is crunchy, sweet, and sometimes be sour","This item grows into any tree desired, if tossed.",0.06960489
125,exp01,recall,Active,hanger,is used to hang clothes in a closet,This item instantly appears with the outfit of your choice.,0.16354047
125,exp01,recall,Active,alarmclock,an alarm that is used to help people wake up from their sleep,This item only goes off after you wake up.,0.44205946
125,exp01,recall,Active,soccerball,Used in a specific sport called soccer,"This item can be kicked, but always rolls back to where it started.",0.029676793
125,exp01,recall,Active,racquet,Used to play a specific sport called badminton,"This item swings on its own, without human intervention.",0.082531095
125,exp01,recall,Active,tapemeasure,used to measure dimensions for various types of things,This item can measure an unlimited length.,0.35622746
125,exp01,recall,Active,dogbowl,is a pet bowl to your pet's food in,This item fills up by itself.,0.08302666
125,exp01,recall,Active,microscope,used to see very small/microscopic things,This item physically enlarges any object it focuses on.,0.12755826
125,exp01,recall,Active,wateringcan,used to hold water for plants,This item soaks up water from plants.,0.60374933
125,exp01,recall,Active,laptop,is a laptop that can be used to open the internet,This item works only in areas without internet connection.,0.22087672
125,exp01,recall,Active,iron,Used to smoothen out clothes using heat,This item can wrinkle any fabric.,0.23236799
125,exp01,recall,Active,gavel,Used in courts,This item can only be held by children.,0.050086424
125,exp01,recall,Active,donut,"Once it is eaten, it will disappear",This item dissapears if you try to eat it.,0.46125126
125,exp01,recall,Active,pear,a type of fruit,This item grants invisibility to anyone who bites it.,-0.03013535
125,exp01,recall,Active,walkietalkie,A technology used to communicate with one another who also has this technology,This item has an unlimited range.,0.035933875
125,exp01,recall,Active,mailbox,a space to hold your mails,This item can receive mail from anywhere instantaneously.,0.27009404
125,exp01,recall,Active,paperairplane,a paper airplane that is crated with paper and can fly,This item can fly to anywhere if you toss it.,0.4245873
125,exp01,recall,Active,piggybank,hold coins,"This item is full until you break it, then it becomes empty.",0.101079054
125,exp01,recall,Active,landline,to receive calls and make calls ,"This item can reach any number, but cannot be answered.",0.05533428
125,exp01,recall,Active,broom,Used to clean dust or any thing on the ground,This item collects more dust the more you sweep with it.,0.44217557
125,exp01,recall,Active,bowlingball,is a bowling ball that is used in bowling games,This item weighs whatever weight you choose it to weigh.,0.21998802
125,exp01,recall,Active,trumpet,a wind instrument ,This item can only play one note.,0.16567567
125,exp01,recall,Active,pen,a pen that is used to write things on paper,This item can only write in invisible ink.,0.451396
125,exp01,recall,Active,feather,a feather from an animal,This item can be used to tickle any animal.,0.49566898
125,exp01,recall,Active,jug,a pitcher to hold any type of drinks,"This item never empties, no matter how much you pour out of it.",0.256172
125,exp01,recall,Active,fishbowl,a place for your fish pet,"This item cannot spill water, no matter how much you shake it.",0.12453587
125,exp01,recall,Active,gramophone,"is similar to a \""speaker\"" but is used in the early 1900s",This item can plays music backwards.,0.19862911
125,exp01,recall,Active,frame,a frame for your pictures,This item can only be used for black and white photographs.,0.22134422
125,exp01,recall,Active,skates,used for a sport called skating,This item can skate on any surface except ice.,0.3530503
125,exp01,recall,Active,seashell,a seashell that lives in the sea,This item can be used to hear city streets.,0.031402647
126,exp01,recall,Active,seashell,You can hear the city with this,This item can be used to hear city streets.,0.48954076
126,exp01,recall,Active,rubikscube,you twist to scramble,This item scrambles itself if you try to solve it.,0.29347694
126,exp01,recall,Active,camcorder,It contains unlimited storage,This item has unlimited memory capacity.,0.5873021
126,exp01,recall,Active,skates,?,This item can skate on any surface except ice.,-0.04531532
126,exp01,recall,Active,landline,Unlimited calls but cannot receive,"This item can reach any number, but cannot be answered.",0.35739154
126,exp01,recall,Active,gramophone,?,This item can plays music backwards.,-0.042925384
126,exp01,recall,Active,remote,You can control everything in a room with this,This item can control any device that is not in the same room.,0.47420537
126,exp01,recall,Active,ladle,This cannot hold liquids,This item cannot hold any liquid.,0.81248605
126,exp01,recall,Active,soccerball,?,"This item can be kicked, but always rolls back to where it started.",-0.01575949
126,exp01,recall,Active,straightener,The further out the colder it gets,This item gets colder the longer its left on.,0.63872904
126,exp01,recall,Active,gavel,?,This item can only be held by children.,-0.05464585
126,exp01,recall,Active,hanger,?,This item instantly appears with the outfit of your choice.,-0.05757133
126,exp01,recall,Active,toiletpaper,You cannot tear this,This item cannot be torn.,0.4558606
126,exp01,recall,Active,cactus,?,This item can contains tea within its arms.,-0.04595695
126,exp01,recall,Active,hairclip,?,This item can grasp everything except hair.,-0.000529033
126,exp01,recall,Active,cereal,You cannot sleep if you eat this,This item makes you fall asleep if eaten.,0.660418
126,exp01,recall,Active,broom,The more you sweep the more dust it collects,This item collects more dust the more you sweep with it.,0.82150185
126,exp01,recall,Active,microscope,Zoom in,This item physically enlarges any object it focuses on.,0.14986524
126,exp01,recall,Active,fishbowl,?,"This item cannot spill water, no matter how much you shake it.",0.040091716
126,exp01,recall,Active,bikepump,You deflate balls with this,This item is can only be used to deflate tires.,0.4137514
126,exp01,recall,Active,wateringcan,You flood plants with this,This item soaks up water from plants.,0.4889259
126,exp01,recall,Active,doghouse,You can fit unlimited dogs in this,This item adapts to fit the size of any dog that sits in it.,0.49411616
126,exp01,recall,Active,purse,?,This item can only hold one item.,0.011646021
126,exp01,recall,Active,milkshake,Something very sweet,This item tastes like anything you wish for it to taste like.,0.20300823
126,exp01,recall,Active,applecore,You can grow many different trees with this,"This item grows into any tree desired, if tossed.",0.49387163
126,exp01,recall,Active,trumpet,?,This item can only play one note.,-0.020335596
126,exp01,recall,Active,paperairplane,?,This item can fly to anywhere if you toss it.,-0.029508036
126,exp01,recall,Active,donut,?,This item dissapears if you try to eat it.,-0.004117373
126,exp01,recall,Active,shoppingcart,This can move without being pushed,This item can move without being pushed.,0.83705354
126,exp01,recall,Active,starfish,You can make 1 wish ,"This item can be used to wish for anything, but only once.",0.44213185
126,exp01,recall,Active,dogbowl,?,This item fills up by itself.,-0.030405285
126,exp01,recall,Active,feather,You tickle animals with this?,This item can be used to tickle any animal.,0.7002414
126,exp01,recall,Active,racquet,?,"This item swings on its own, without human intervention.",-0.047514938
126,exp01,recall,Active,mortarpestle,?,This item crushes anything with a single tap.,-0.015745107
126,exp01,recall,Active,frame,?,This item can only be used for black and white photographs.,-0.025876582
126,exp01,recall,Active,piggybank,Once you drop it you cannot fix it,"This item is full until you break it, then it becomes empty.",0.438486
127,exp01,recall,Active,ladle,cannot hold liquid,This item cannot hold any liquid.,0.69301903
127,exp01,recall,Active,binoculars,see the inside structure of anything,This item can be used to see through any object.,0.14911777
127,exp01,recall,Active,seashell,listen to the sound on the street,This item can be used to hear city streets.,0.24621478
127,exp01,recall,Active,trumpet,can only play one note,This item can only play one note.,0.78046244
127,exp01,recall,Active,mailbox,can receive mails but cannot send mails,This item can receive mail from anywhere instantaneously.,0.57050276
127,exp01,recall,Active,pretzel,can tide itself,This item unknots and ties itself back together.,0.09824899
127,exp01,recall,Active,applecore,can grow into the tree if you throw it,"This item grows into any tree desired, if tossed.",0.47335708
127,exp01,recall,Active,hairclip,can hold anything except hair,This item can grasp everything except hair.,0.6461545
127,exp01,recall,Active,fishbowl,never spill out the water no matter how you shake it,"This item cannot spill water, no matter how much you shake it.",0.7699894
127,exp01,recall,Active,purse,can only hold one thing,This item can only hold one item.,0.45090297
127,exp01,recall,Active,cactus,have tea in the leaves,This item can contains tea within its arms.,0.34916455
127,exp01,recall,Active,feather,can be used to identify animals,This item can be used to tickle any animal.,0.43326116
127,exp01,recall,Active,jug,,"This item never empties, no matter how much you pour out of it.",-0.022258822
127,exp01,recall,Active,donut,"after eating this, you will disappear",This item dissapears if you try to eat it.,0.5291586
127,exp01,recall,Active,skates,used to skied expect on the ice,This item can skate on any surface except ice.,0.41594875
127,exp01,recall,Active,pen,only can be used with invisible ink,This item can only write in invisible ink.,0.7642032
127,exp01,recall,Active,gumballmachine,provide fun ,This item dispenses candy that heals your jaw.,0.001815515
127,exp01,recall,Active,milkshake,drink it will make you feel sleepy,This item tastes like anything you wish for it to taste like.,0.2785588
127,exp01,recall,Active,tapemeasure,can used to measure unlimited length,This item can measure an unlimited length.,0.69558674
127,exp01,recall,Active,remote,control things or stuff in different rooms,This item can control any device that is not in the same room.,0.33027604
127,exp01,recall,Active,shoppingcart,move by itself without people pulling it,This item can move without being pushed.,0.42798477
127,exp01,recall,Active,racquet,forget,"This item swings on its own, without human intervention.",-0.024851542
127,exp01,recall,Active,mortarpestle,can mash things,This item crushes anything with a single tap.,0.13592252
127,exp01,recall,Active,gavel,forget,This item can only be held by children.,0.025500825
127,exp01,recall,Active,paperairplane,can fly to anywhere if you drop it,This item can fly to anywhere if you toss it.,0.7065564
127,exp01,recall,Active,landline,can get phone call but cannot call others,"This item can reach any number, but cannot be answered.",0.37717932
127,exp01,recall,Active,piggybank,"it is full, but if you break it, it will become empty","This item is full until you break it, then it becomes empty.",0.752903
127,exp01,recall,Active,laptop,scan everything,This item works only in areas without internet connection.,0.034882136
127,exp01,recall,Active,dogbowl,full itself,This item fills up by itself.,0.3339182
127,exp01,recall,Active,bowlingball,show the weight as the weight of thing you put on it ,This item weighs whatever weight you choose it to weigh.,0.64097977
127,exp01,recall,Active,toiletpaper,cannot scord,This item cannot be torn.,0.29548925
127,exp01,recall,Active,broom,forget,This item collects more dust the more you sweep with it.,0.011556517
127,exp01,recall,Active,straightener,it needs to be put in dry and dark condition,This item gets colder the longer its left on.,0.12986857
127,exp01,recall,Active,iron,make things tide,This item can wrinkle any fabric.,0.0676812
127,exp01,recall,Active,gramophone,show the songs in background,This item can plays music backwards.,0.21758476
127,exp01,recall,Active,blender,smash everything,This item can be used to un-blend any slurry.,-0.060637135
127,exp01,recall,Active,alarmclock,wake somebody up,This item only goes off after you wake up.,0.26387864
127,exp01,recall,Active,pear,eat it will let you disappear,This item grants invisibility to anyone who bites it.,0.29018593
127,exp01,recall,Active,rubikscube,"everytime you want to use it, it will return to its original shape",This item scrambles itself if you try to solve it.,0.17974919
127,exp01,recall,Active,frame,can only hold black and white photos,This item can only be used for black and white photographs.,0.6764096
127,exp01,recall,Active,microscope,see tiny things,This item physically enlarges any object it focuses on.,0.08468698
127,exp01,recall,Active,wateringcan,plants can full it with water,This item soaks up water from plants.,0.49078453
127,exp01,recall,Active,soccerball,"no matter where you throw or kick it, it will go to its original place","This item can be kicked, but always rolls back to where it started.",0.45562822
129,exp01,recall,Active,rubikscube,it scrambles whenever you try to fix it,This item scrambles itself if you try to solve it.,0.5485295
129,exp01,recall,Active,hairclip,it can hold everything except for hair,This item can grasp everything except hair.,0.69885933
129,exp01,recall,Active,gavel,only children can hold it,This item can only be held by children.,0.48958343
129,exp01,recall,Active,pretzel,it will bents back to the original shape no matter how u change it,This item unknots and ties itself back together.,0.107836396
129,exp01,recall,Active,applecore,It will grows to any type of tree??,"This item grows into any tree desired, if tossed.",0.6204754
129,exp01,recall,Active,tapemeasure,it can measure infinite length,This item can measure an unlimited length.,0.76128364
129,exp01,recall,Active,racquet,it can swings itself without human ,"This item swings on its own, without human intervention.",0.5877358
129,exp01,recall,Active,microscope,it can magnify any size of objects,This item physically enlarges any object it focuses on.,0.55834436
129,exp01,recall,Active,bowlingball,it can be any weight that u want,This item weighs whatever weight you choose it to weigh.,0.4817091
129,exp01,recall,Active,mailbox,it can receive any mail instantaneously,This item can receive mail from anywhere instantaneously.,0.7782979
129,exp01,recall,Active,soccerball,it can bounce back to the original place no matter where u kick it to ,"This item can be kicked, but always rolls back to where it started.",0.45698982
129,exp01,recall,Active,piggybank,it's always filled until u break it,"This item is full until you break it, then it becomes empty.",0.6752094
129,exp01,recall,Active,jug,it can fills up automatically,"This item never empties, no matter how much you pour out of it.",0.22190669
129,exp01,recall,Active,gumballmachine,,This item dispenses candy that heals your jaw.,0.08239916
129,exp01,recall,Active,remote,it can control things in next room,This item can control any device that is not in the same room.,0.5014267
129,exp01,recall,Active,iron,it can wrinkles everything except for fabric,This item can wrinkle any fabric.,0.6956353
129,exp01,recall,Active,ladle,it cannot hold any liquid,This item cannot hold any liquid.,0.8122672
129,exp01,recall,Active,blender,,This item can be used to un-blend any slurry.,-0.062941775
129,exp01,recall,Active,dogbowl,it's always filled,This item fills up by itself.,0.3583755
129,exp01,recall,Active,paperairplane,it can fly everywhere if u throw,This item can fly to anywhere if you toss it.,0.63206315
129,exp01,recall,Active,mortarpestle,it can smash any material,This item crushes anything with a single tap.,0.20837998
129,exp01,recall,Active,walkietalkie,,This item has an unlimited range.,-0.011129776
129,exp01,recall,Active,camcorder,it has infinite memory,This item has unlimited memory capacity.,0.6174129
129,exp01,recall,Active,bikepump,,This item is can only be used to deflate tires.,-0.001429157
129,exp01,recall,Active,fishbowl,"it never spills out, no matter how strong u shake it","This item cannot spill water, no matter how much you shake it.",0.6831242
129,exp01,recall,Active,starfish,,"This item can be used to wish for anything, but only once.",-0.024965338
129,exp01,recall,Active,pear,,This item grants invisibility to anyone who bites it.,-0.04415672
129,exp01,recall,Active,gramophone,it can play any background music that you want,This item can plays music backwards.,0.40404278
129,exp01,recall,Active,pen,,This item can only write in invisible ink.,0.017243374
129,exp01,recall,Active,frame,it can only show photos in black and white,This item can only be used for black and white photographs.,0.5892253
129,exp01,recall,Active,broom,"the more you swing it, the more dust it cleans",This item collects more dust the more you sweep with it.,0.71997726
129,exp01,recall,Active,toiletpaper,,This item cannot be torn.,0.021162901
129,exp01,recall,Active,hanger,it can appears any cloth that you want to wear,This item instantly appears with the outfit of your choice.,0.41496918
129,exp01,recall,Active,purse,it has infinite capacity,This item can only hold one item.,0.27430385
129,exp01,recall,Active,doghouse,it can fits in any size of dog if they sit in,This item adapts to fit the size of any dog that sits in it.,0.6771698
129,exp01,recall,Active,skates,it can ski on any surface except for ice,This item can skate on any surface except ice.,0.736956
129,exp01,recall,Active,wateringcan,it obtain liquids from any plants,This item soaks up water from plants.,0.5224116
129,exp01,recall,Active,shoppingcart,,This item can move without being pushed.,-0.061893344
129,exp01,recall,Active,landline,you can reach any number but cannot call anyone,"This item can reach any number, but cannot be answered.",0.5934565
129,exp01,recall,Active,donut,it disappear once you eat,This item dissapears if you try to eat it.,0.57710457
129,exp01,recall,Active,trumpet,it can only play one note,This item can only play one note.,0.79592353
129,exp01,recall,Active,binoculars,it can see through everything,This item can be used to see through any object.,0.48041052
129,exp01,recall,Active,feather,it can trick any animals,This item can be used to tickle any animal.,0.5008105
129,exp01,recall,Active,milkshake,it can taste like any flavors you like,This item tastes like anything you wish for it to taste like.,0.7123897
129,exp01,recall,Active,alarmclock,it only stop when you wake up,This item only goes off after you wake up.,0.6056397
129,exp01,recall,Active,seashell,you can hear the voice of city using it,This item can be used to hear city streets.,0.5244804
129,exp01,recall,Active,laptop,,This item works only in areas without internet connection.,-0.011911726
129,exp01,recall,Active,cactus,it has juice inside its body,This item can contains tea within its arms.,0.36311066
130,exp01,recall,Active,pretzel,This item can twist and untwist itself\n,This item unknots and ties itself back together.,0.46584082
130,exp01,recall,Active,paperairplane,,This item can fly to anywhere if you toss it.,-0.029508036
130,exp01,recall,Active,racquet,This item can swat itself automatically,"This item swings on its own, without human intervention.",0.312047
130,exp01,recall,Active,bikepump,,This item is can only be used to deflate tires.,-0.001429157
130,exp01,recall,Active,toiletpaper,This item cannot be torn,This item cannot be torn.,1
130,exp01,recall,Active,straightener,,This item gets colder the longer its left on.,0.007119
130,exp01,recall,Active,walkietalkie,This item has infinite range,This item has an unlimited range.,0.85602254
130,exp01,recall,Active,fishbowl,,"This item cannot spill water, no matter how much you shake it.",0.040091716
130,exp01,recall,Active,feather,,This item can be used to tickle any animal.,-0.07342144
130,exp01,recall,Active,soccerball,,"This item can be kicked, but always rolls back to where it started.",-0.015759489
130,exp01,recall,Active,frame,This item can only hold black and white photos,This item can only be used for black and white photographs.,0.8161606
130,exp01,recall,Active,mortarpestle,,This item crushes anything with a single tap.,-0.015745107
130,exp01,recall,Active,rubikscube,This item scrambles itself as you try to solve it,This item scrambles itself if you try to solve it.,0.9450021
130,exp01,recall,Active,binoculars,,This item can be used to see through any object.,-0.066939704
130,exp01,recall,Active,applecore,,"This item grows into any tree desired, if tossed.",-0.0684176
130,exp01,recall,Active,alarmclock,,This item only goes off after you wake up.,-0.003232095
130,exp01,recall,Active,shoppingcart,,This item can move without being pushed.,-0.061893344
130,exp01,recall,Active,camcorder,expands memory capacity,This item has unlimited memory capacity.,0.6664238
130,exp01,recall,Active,laptop,does not work in areas with internet connection,This item works only in areas without internet connection.,0.6925401
130,exp01,recall,Active,bowlingball,can weigh anything ,This item weighs whatever weight you choose it to weigh.,0.48666131
130,exp01,recall,Active,gavel,,This item can only be held by children.,-0.05464585
130,exp01,recall,Active,microscope,physically enlarges any object in its focus,This item physically enlarges any object it focuses on.,0.7564857
130,exp01,recall,Active,skates,,This item can skate on any surface except ice.,-0.04531532
130,exp01,recall,Active,broom,,This item collects more dust the more you sweep with it.,0.002540546
130,exp01,recall,Active,ladle,cannot hold any liquid,This item cannot hold any liquid.,0.7668169
130,exp01,recall,Active,gramophone,,This item can plays music backwards.,-0.042925384
130,exp01,recall,Active,starfish,,"This item can be used to wish for anything, but only once.",-0.024965335
130,exp01,recall,Active,trumpet,,This item can only play one note.,-0.020335596
130,exp01,recall,Active,pear,,This item grants invisibility to anyone who bites it.,-0.04415672
130,exp01,recall,Active,wateringcan,,This item soaks up water from plants.,-0.003618232
130,exp01,recall,Active,purse,,This item can only hold one item.,0.011646021
130,exp01,recall,Active,blender,,This item can be used to un-blend any slurry.,-0.062941775
130,exp01,recall,Active,hanger,,This item instantly appears with the outfit of your choice.,-0.05757133
130,exp01,recall,Active,pen,,This item can only write in invisible ink.,0.017243374
130,exp01,recall,Active,gumballmachine,,This item dispenses candy that heals your jaw.,0.08239916
130,exp01,recall,Active,doghouse,can house any dog,This item adapts to fit the size of any dog that sits in it.,0.40477616
130,exp01,recall,Active,dogbowl,,This item fills up by itself.,-0.030405285
130,exp01,recall,Active,cactus,,This item can contains tea within its arms.,-0.04595695
130,exp01,recall,Active,hairclip,can hold anything but hair,This item can grasp everything except hair.,0.6447476
220,exp01,recall,Passive,wateringcan,hold water,This item soaks up water from plants.,0.22513306
220,exp01,recall,Passive,remote,tv,This item can control any device that is not in the same room.,0.13451625
220,exp01,recall,Passive,paperairplane,fly,This item can fly to anywhere if you toss it.,0.31146756
220,exp01,recall,Passive,frame,paint,This item can only be used for black and white photographs.,0.15453666
220,exp01,recall,Passive,binoculars,see through anything,This item can be used to see through any object.,0.32509553
220,exp01,recall,Passive,iron,gas,This item can wrinkle any fabric.,-0.01486541
220,exp01,recall,Passive,shoppingcart,shop,This item can move without being pushed.,-0.010075033
220,exp01,recall,Passive,seashell,water,This item can be used to hear city streets.,-0.035449408
220,exp01,recall,Passive,blender,water,This item can be used to un-blend any slurry.,0.020798067
220,exp01,recall,Passive,bowlingball,roll,This item weighs whatever weight you choose it to weigh.,0.10623868
220,exp01,recall,Passive,milkshake,taste like anything,This item tastes like anything you wish for it to taste like.,0.6773736
220,exp01,recall,Passive,rubikscube,puzzle,This item scrambles itself if you try to solve it.,0.27712268
220,exp01,recall,Passive,straightener,heat,This item gets colder the longer its left on.,0.22969663
220,exp01,recall,Passive,mortarpestle,extract,This item crushes anything with a single tap.,-0.036609434
220,exp01,recall,Passive,jug,can contain anything,"This item never empties, no matter how much you pour out of it.",0.16360492
220,exp01,recall,Passive,skates,skate,This item can skate on any surface except ice.,0.45846295
220,exp01,recall,Passive,trumpet,sing,This item can only play one note.,0.0977395
220,exp01,recall,Passive,applecore,taste like anything,"This item grows into any tree desired, if tossed.",0.028177306
220,exp01,recall,Passive,tapemeasure,measure distance,This item can measure an unlimited length.,0.2870071
220,exp01,recall,Passive,microscope,see through,This item physically enlarges any object it focuses on.,0.027628364
220,exp01,recall,Passive,walkietalkie,call,This item has an unlimited range.,-0.039101288
220,exp01,recall,Passive,cactus,contains tea in its arm,This item can contains tea within its arms.,0.71421605
220,exp01,recall,Passive,feather,fly,This item can be used to tickle any animal.,0.039474368
220,exp01,recall,Passive,broom,swipe,This item collects more dust the more you sweep with it.,0.098588526
221,exp01,recall,Passive,starfish,grants one wish\n,"This item can be used to wish for anything, but only once.",0.06429702
221,exp01,recall,Passive,alarmclock,only goes off after you awaken,This item only goes off after you wake up.,0.6704074
221,exp01,recall,Passive,gramophone,play things backwards,This item can plays music backwards.,0.4472729
221,exp01,recall,Passive,gavel,only can be held by children,This item can only be held by children.,0.65019786
221,exp01,recall,Passive,wateringcan,can draw water out of plants,This item soaks up water from plants.,0.51179487
221,exp01,recall,Passive,soccerball,comes back to you after you kick it,"This item can be kicked, but always rolls back to where it started.",0.326471
221,exp01,recall,Passive,bikepump,deflates tires,This item is can only be used to deflate tires.,0.49090332
221,exp01,recall,Passive,hairclip,can hold anything but hair,This item can grasp everything except hair.,0.6447476
221,exp01,recall,Passive,shoppingcart,can move forward automatically,This item can move without being pushed.,0.35290685
221,exp01,recall,Passive,seashell,can hear busy street noises,This item can be used to hear city streets.,0.3142625
221,exp01,recall,Passive,tapemeasure,can measure infinitely,This item can measure an unlimited length.,0.6283536
221,exp01,recall,Passive,jug,never runs out,"This item never empties, no matter how much you pour out of it.",0.30971786
221,exp01,recall,Passive,blender,can un-blend anything,This item can be used to un-blend any slurry.,0.32538545
221,exp01,recall,Passive,straightener,gets cold when not plugged in,This item gets colder the longer its left on.,0.32224265
221,exp01,recall,Passive,iron,don't recall,This item can wrinkle any fabric.,-0.10097353
221,exp01,recall,Passive,hanger,dont recall,This item instantly appears with the outfit of your choice.,-0.092973016
221,exp01,recall,Passive,pear,grows back,This item grants invisibility to anyone who bites it.,-0.021240417
221,exp01,recall,Passive,binoculars,can see through anything,This item can be used to see through any object.,0.51321185
221,exp01,recall,Passive,microscope,what it is examining gets larger,This item physically enlarges any object it focuses on.,0.27826148
221,exp01,recall,Passive,mortarpestle,crushes anything with one hit,This item crushes anything with a single tap.,0.48671538
221,exp01,recall,Passive,landline,can call anyone but can't pick up,"This item can reach any number, but cannot be answered.",0.34206498
221,exp01,recall,Passive,applecore,grows back after you eat it,"This item grows into any tree desired, if tossed.",0.26797226
221,exp01,recall,Passive,skates,can cut through anything,This item can skate on any surface except ice.,0.2826337
221,exp01,recall,Passive,doghouse,adapts to fit any sized dog,This item adapts to fit the size of any dog that sits in it.,0.7308021
221,exp01,recall,Passive,feather,can erase anything,This item can be used to tickle any animal.,0.063672535
221,exp01,recall,Passive,pretzel,can untie anything,This item unknots and ties itself back together.,0.18983544
221,exp01,recall,Passive,laptop,only works offline,This item works only in areas without internet connection.,0.45468026
221,exp01,recall,Passive,milkshake,tastes like anything you want it to,This item tastes like anything you wish for it to taste like.,0.76786757
221,exp01,recall,Passive,cereal,dont recall,This item makes you fall asleep if eaten.,-0.02045395
221,exp01,recall,Passive,piggybank,has a lot in it but when it breaks it all disappears. ,"This item is full until you break it, then it becomes empty.",0.59099245
221,exp01,recall,Passive,cactus,can turn into anything,This item can contains tea within its arms.,0.19667578
221,exp01,recall,Passive,rubikscube,automatically scrambles when you try to solve it,This item scrambles itself if you try to solve it.,0.595305
221,exp01,recall,Passive,gumballmachine,eating one makes you have special abilities,This item dispenses candy that heals your jaw.,0.17904286
221,exp01,recall,Passive,paperairplane,"when you throw it, it flies anywhere you want",This item can fly to anywhere if you toss it.,0.61575174
221,exp01,recall,Passive,fishbowl,automatically fills with water,"This item cannot spill water, no matter how much you shake it.",0.19494674
221,exp01,recall,Passive,broom,"when you sweep, it always picks up more dust",This item collects more dust the more you sweep with it.,0.67217994
221,exp01,recall,Passive,remote,can control any device not in the room,This item can control any device that is not in the same room.,0.72849786
221,exp01,recall,Passive,frame,turns the picture black and white,This item can only be used for black and white photographs.,0.473947
221,exp01,recall,Passive,donut,dont recall,This item dissapears if you try to eat it.,-0.012319651
221,exp01,recall,Passive,trumpet,can only play one note,This item can only play one note.,0.78046244
221,exp01,recall,Passive,ladle,can only ladle non-liquids,This item cannot hold any liquid.,0.33184278
221,exp01,recall,Passive,camcorder,has limited storage capabilities,This item has unlimited memory capacity.,0.5205306
221,exp01,recall,Passive,bowlingball,can become any weight,This item weighs whatever weight you choose it to weigh.,0.38892478
221,exp01,recall,Passive,purse,can only carry one thing,This item can only hold one item.,0.44130695
221,exp01,recall,Passive,dogbowl,only lets one thing pass through,This item fills up by itself.,0.19760492
221,exp01,recall,Passive,racquet,dont recall,"This item swings on its own, without human intervention.",0.031297848
222,exp01,recall,Passive,ladle,no clue,This item cannot hold any liquid.,0.019868555
222,exp01,recall,Passive,bowlingball,.,This item weighs whatever weight you choose it to weigh.,0.034238145
222,exp01,recall,Passive,frame,dont remember,This item can only be used for black and white photographs.,-0.023700427
222,exp01,recall,Passive,straightener,something to do with temperature,This item gets colder the longer its left on.,0.2335436
222,exp01,recall,Passive,gramophone,make noise,This item can plays music backwards.,0.038235836
222,exp01,recall,Passive,starfish,dont remember,"This item can be used to wish for anything, but only once.",-0.0431683
222,exp01,recall,Passive,purse,dont remember\n,This item can only hold one item.,-0.030964674
222,exp01,recall,Passive,jug,dont remember,"This item never empties, no matter how much you pour out of it.",0.059941377
222,exp01,recall,Passive,tapemeasure,measures long things\n,This item can measure an unlimited length.,0.30413774
222,exp01,recall,Passive,gavel,only children can use it,This item can only be held by children.,0.49866727
222,exp01,recall,Passive,remote,dont remember,This item can control any device that is not in the same room.,-0.023780368
222,exp01,recall,Passive,piggybank,dont remember,"This item is full until you break it, then it becomes empty.",-0.019455671
222,exp01,recall,Passive,toiletpaper,dont remember,This item cannot be torn.,0.027538614
222,exp01,recall,Passive,skates,dont remember\n,This item can skate on any surface except ice.,-0.056622725
222,exp01,recall,Passive,soccerball,dont remember\n,"This item can be kicked, but always rolls back to where it started.",-0.003846731
222,exp01,recall,Passive,applecore,dont remember,"This item grows into any tree desired, if tossed.",-0.11397152
222,exp01,recall,Passive,doghouse,dont remember,This item adapts to fit the size of any dog that sits in it.,-0.10831851
222,exp01,recall,Passive,trumpet,dont remember,This item can only play one note.,-0.013250038
222,exp01,recall,Passive,pretzel,dont remember,This item unknots and ties itself back together.,-0.054767553
222,exp01,recall,Passive,broom,dont remember,This item collects more dust the more you sweep with it.,-0.05332767
222,exp01,recall,Passive,seashell,dont remember,This item can be used to hear city streets.,-0.13604882
222,exp01,recall,Passive,hanger,dont remember,This item instantly appears with the outfit of your choice.,-0.14601056
222,exp01,recall,Passive,camcorder,dont remember,This item has unlimited memory capacity.,0.08651188
222,exp01,recall,Passive,iron,dont remember,This item can wrinkle any fabric.,-0.11648121
222,exp01,recall,Passive,feather,dont remember,This item can be used to tickle any animal.,-0.11298124
222,exp01,recall,Passive,donut,dont remember,This item dissapears if you try to eat it.,-0.041916538
222,exp01,recall,Passive,fishbowl,dont remember,"This item cannot spill water, no matter how much you shake it.",0.021122351
222,exp01,recall,Passive,wateringcan,dont remember,This item soaks up water from plants.,-0.002821703
222,exp01,recall,Passive,pen,dont remember,This item can only write in invisible ink.,-0.026202261
222,exp01,recall,Passive,shoppingcart,dont remember,This item can move without being pushed.,-0.11795708
222,exp01,recall,Passive,racquet,dont remember,"This item swings on its own, without human intervention.",0.026862238
222,exp01,recall,Passive,binoculars,dont remember,This item can be used to see through any object.,-0.13088408
222,exp01,recall,Passive,laptop,dont remember,This item works only in areas without internet connection.,0.001292624
222,exp01,recall,Passive,alarmclock,dont remember,This item only goes off after you wake up.,0.120910235
222,exp01,recall,Passive,rubikscube,dont remember,This item scrambles itself if you try to solve it.,-0.06869054
222,exp01,recall,Passive,cactus,dont remember,This item can contains tea within its arms.,-0.12818387
223,exp01,recall,Passive,bikepump,Fills up tires,This item is can only be used to deflate tires.,0.4552756
223,exp01,recall,Passive,seashell,can hear city sounds,This item can be used to hear city streets.,0.4633718
223,exp01,recall,Passive,gramophone,can play music,This item can plays music backwards.,0.48854873
223,exp01,recall,Passive,purse,can hold anything,This item can only hold one item.,0.33407414
223,exp01,recall,Passive,soccerball,can be kicked but always rolls back to where it was,"This item can be kicked, but always rolls back to where it started.",0.8092159
223,exp01,recall,Passive,bowlingball,weighs whatever you wish it to weigh,This item weighs whatever weight you choose it to weigh.,0.798976
223,exp01,recall,Passive,hairclip,can grasp anything but hair,This item can grasp everything except hair.,0.7407285
223,exp01,recall,Passive,alarmclock,only goes off after you wake up,This item only goes off after you wake up.,0.74856323
223,exp01,recall,Passive,iron,can make any fabric wrinkly,This item can wrinkle any fabric.,0.7132876
223,exp01,recall,Passive,paperairplane,can fly,This item can fly to anywhere if you toss it.,0.42140758
223,exp01,recall,Passive,rubikscube,cannot be solved,This item scrambles itself if you try to solve it.,0.2601937
223,exp01,recall,Passive,landline,can call but can never be called back,"This item can reach any number, but cannot be answered.",0.2793095
223,exp01,recall,Passive,hanger,holds clothing,This item instantly appears with the outfit of your choice.,0.13843882
223,exp01,recall,Passive,gumballmachine,dispenses candy that heals your jaw,This item dispenses candy that heals your jaw.,0.88908935
223,exp01,recall,Passive,racquet,can move on its own without human intervention,"This item swings on its own, without human intervention.",0.57008433
223,exp01,recall,Passive,mortarpestle,can mash up anything,This item crushes anything with a single tap.,0.19032419
223,exp01,recall,Passive,applecore,disappears if eaten,"This item grows into any tree desired, if tossed.",0.15073536
223,exp01,recall,Passive,feather,is very light,This item can be used to tickle any animal.,0.0979153
223,exp01,recall,Passive,shoppingcart,can be pushed by anyone,This item can move without being pushed.,0.42771557
223,exp01,recall,Passive,ladle,cannot hold liquid,This item cannot hold any liquid.,0.69301903
223,exp01,recall,Passive,straightener,gets colder the longer it is on,This item gets colder the longer its left on.,0.75630695
223,exp01,recall,Passive,skates,can skate on anything but ice,This item can skate on any surface except ice.,0.7822262
223,exp01,recall,Passive,walkietalkie,emits a signal,This item has an unlimited range.,0.105908215
223,exp01,recall,Passive,donut,disappears when you try to eat it,This item dissapears if you try to eat it.,0.6955327
223,exp01,recall,Passive,tapemeasure,can measure any distance,This item can measure an unlimited length.,0.48816985
223,exp01,recall,Passive,doghouse,changes shape to fit the dog inside,This item adapts to fit the size of any dog that sits in it.,0.50544965
223,exp01,recall,Passive,milkshake,can taste like whatever you wish for it to taste like,This item tastes like anything you wish for it to taste like.,0.8628939
223,exp01,recall,Passive,fishbowl,can be shaken around but water will never spill out,"This item cannot spill water, no matter how much you shake it.",0.66544783
223,exp01,recall,Passive,cactus,has tea inside its arms,This item can contains tea within its arms.,0.6433579
223,exp01,recall,Passive,microscope,physically enlarges anything you look at,This item physically enlarges any object it focuses on.,0.33544996
223,exp01,recall,Passive,wateringcan,absorbs water from plants,This item soaks up water from plants.,0.7302774
223,exp01,recall,Passive,piggybank,does not hold coins,"This item is full until you break it, then it becomes empty.",0.15114883
223,exp01,recall,Passive,starfish,can be found at the beach,"This item can be used to wish for anything, but only once.",0.08614097
223,exp01,recall,Passive,pear,cannot be eaten,This item grants invisibility to anyone who bites it.,0.001438584
223,exp01,recall,Passive,gavel,can only be held by children,This item can only be held by children.,0.69409025
223,exp01,recall,Passive,pretzel,can be twisted into any shape,This item unknots and ties itself back together.,0.20128416
223,exp01,recall,Passive,frame,can only hold black and white photographs,This item can only be used for black and white photographs.,0.7333547
223,exp01,recall,Passive,blender,can be used to unblend any slurry,This item can be used to un-blend any slurry.,0.7895621
226,exp01,recall,Passive,bikepump,it has limitless pumping capacities,This item is can only be used to deflate tires.,0.18860337
226,exp01,recall,Passive,purse,,This item can only hold one item.,0.011646021
226,exp01,recall,Passive,hairclip,it can hold anything but hair,This item can grasp everything except hair.,0.65573657
226,exp01,recall,Passive,binoculars,it can see through anything,This item can be used to see through any object.,0.48623368
226,exp01,recall,Passive,rubikscube,mixes itself up every time you play with it,This item scrambles itself if you try to solve it.,0.19650026
226,exp01,recall,Passive,jug,it fills itself,"This item never empties, no matter how much you pour out of it.",0.27983975
226,exp01,recall,Passive,mailbox,it can collect mail from anywhere instantly,This item can receive mail from anywhere instantaneously.,0.74454427
226,exp01,recall,Passive,soccerball,,"This item can be kicked, but always rolls back to where it started.",-0.015759502
226,exp01,recall,Passive,tapemeasure,,This item can measure an unlimited length.,-0.059500217
226,exp01,recall,Passive,mortarpestle,,This item crushes anything with a single tap.,-0.015745107
226,exp01,recall,Passive,landline,can receive unlimited calls but cannot answer,"This item can reach any number, but cannot be answered.",0.46215957
226,exp01,recall,Passive,camcorder,,This item has unlimited memory capacity.,-0.05969113
226,exp01,recall,Passive,laptop,cant connect to internet?,This item works only in areas without internet connection.,0.44106755
226,exp01,recall,Passive,pear,if you take a bite you can turn invisible,This item grants invisibility to anyone who bites it.,0.45377815
226,exp01,recall,Passive,bowlingball,it weighs however much you want it to,This item weighs whatever weight you choose it to weigh.,0.4501838
226,exp01,recall,Passive,broom,it collects dust while you sleep,This item collects more dust the more you sweep with it.,0.54009557
226,exp01,recall,Passive,toiletpaper,,This item cannot be torn.,0.021162901
226,exp01,recall,Passive,seashell,it can hear the sounds of traffic,This item can be used to hear city streets.,0.33572507
226,exp01,recall,Passive,wateringcan,it doesnt fill up,This item soaks up water from plants.,0.12800059
226,exp01,recall,Passive,frame,,This item can only be used for black and white photographs.,-0.02587657
226,exp01,recall,Passive,skates,,This item can skate on any surface except ice.,-0.04531532
226,exp01,recall,Passive,piggybank,if it breaks you get whats inside,"This item is full until you break it, then it becomes empty.",0.42342
226,exp01,recall,Passive,donut,it tastes however you want it to taste,This item dissapears if you try to eat it.,0.3819351
226,exp01,recall,Passive,remote,it only works from a different room,This item can control any device that is not in the same room.,0.44905272
226,exp01,recall,Passive,walkietalkie,,This item has an unlimited range.,-0.011129776
226,exp01,recall,Passive,alarmclock,,This item only goes off after you wake up.,-0.003232095
226,exp01,recall,Passive,shoppingcart,it drives itself,This item can move without being pushed.,0.17311239
226,exp01,recall,Passive,fishbowl,,"This item cannot spill water, no matter how much you shake it.",0.040091712
226,exp01,recall,Passive,gramophone,it only plays music backwards,This item can plays music backwards.,0.7309027
226,exp01,recall,Passive,hanger,it picks your best outfit for you,This item instantly appears with the outfit of your choice.,0.5679991
226,exp01,recall,Passive,iron,it wrinkles your clothes,This item can wrinkle any fabric.,0.45109424
226,exp01,recall,Passive,pretzel,it knots and unties itself,This item unknots and ties itself back together.,0.46241266
226,exp01,recall,Passive,gumballmachine,,This item dispenses candy that heals your jaw.,0.08239916
226,exp01,recall,Passive,ladle,,This item cannot hold any liquid.,0.013419785
226,exp01,recall,Passive,paperairplane,it can fly wherever you want it to,This item can fly to anywhere if you toss it.,0.6089698
226,exp01,recall,Passive,applecore,it can be planted to grow any tree,"This item grows into any tree desired, if tossed.",0.5586577
226,exp01,recall,Passive,blender,it unblends what you put in it,This item can be used to un-blend any slurry.,0.16428837
226,exp01,recall,Passive,straightener,,This item gets colder the longer its left on.,0.007119
226,exp01,recall,Passive,starfish,,"This item can be used to wish for anything, but only once.",-0.024965331
226,exp01,recall,Passive,microscope,,This item physically enlarges any object it focuses on.,-0.055728495
226,exp01,recall,Passive,cactus,holds tea between its arms,This item can contains tea within its arms.,0.5909543
226,exp01,recall,Passive,gavel,,This item can only be held by children.,-0.05464585
226,exp01,recall,Passive,milkshake,tastes however you want it to,This item tastes like anything you wish for it to taste like.,0.583077
227,exp01,recall,Passive,soccerball,it rolls back to wherever it started,"This item can be kicked, but always rolls back to where it started.",0.6072806
227,exp01,recall,Passive,tapemeasure,not sure\n,This item can measure an unlimited length.,-0.08126563
227,exp01,recall,Passive,gumballmachine,its candy has healing magic powers,This item dispenses candy that heals your jaw.,0.49581975
227,exp01,recall,Passive,rubikscube,"when you try to solve it, it scrambles itself",This item scrambles itself if you try to solve it.,0.68324125
227,exp01,recall,Passive,wateringcan,it soaks up water from plants,This item soaks up water from plants.,0.8176551
227,exp01,recall,Passive,trumpet,not sure,This item can only play one note.,-0.009606406
227,exp01,recall,Passive,doghouse,it adapts to any size dog that enters it,This item adapts to fit the size of any dog that sits in it.,0.7161024
227,exp01,recall,Passive,bowlingball,it can be any weight you want it to be,This item weighs whatever weight you choose it to weigh.,0.5339661
227,exp01,recall,Passive,seashell,not sure,This item can be used to hear city streets.,-0.06507348
227,exp01,recall,Passive,hanger,it appears on your selected outfit of choice,This item instantly appears with the outfit of your choice.,0.6173535
227,exp01,recall,Passive,cactus,its leaves store tea,This item can contains tea within its arms.,0.4022069
227,exp01,recall,Passive,microscope,it physically enlarges anything you observe under it,This item physically enlarges any object it focuses on.,0.42876983
227,exp01,recall,Passive,skates,it can be used on any surface except ice,This item can skate on any surface except ice.,0.74034286
227,exp01,recall,Passive,hairclip,it can grasp anything except hair,This item can grasp everything except hair.,0.75114596
227,exp01,recall,Passive,paperairplane,it can fly to any desired location,This item can fly to anywhere if you toss it.,0.56638616
227,exp01,recall,Passive,milkshake,it can taste like any flavor you desire,This item tastes like anything you wish for it to taste like.,0.7915602
227,exp01,recall,Passive,toiletpaper,not sure,This item cannot be torn.,0.052631937
227,exp01,recall,Passive,mailbox,it can receive mail from anywhere in the world,This item can receive mail from anywhere instantaneously.,0.7469081
227,exp01,recall,Passive,shoppingcart,it can move on its own without a person pushing it,This item can move without being pushed.,0.5047171
227,exp01,recall,Passive,dogbowl,it can fill itself up,This item fills up by itself.,0.4366538
227,exp01,recall,Passive,frame,it can only be used for black and white photographs,This item can only be used for black and white photographs.,0.8697956
227,exp01,recall,Passive,iron,it adds wrinkles,This item can wrinkle any fabric.,0.4313565
227,exp01,recall,Passive,donut,not sure,This item dissapears if you try to eat it.,0.007031597
227,exp01,recall,Passive,purse,it can only hold one item,This item can only hold one item.,0.79676366
227,exp01,recall,Passive,gavel,not sure,This item can only be held by children.,0.002774436
227,exp01,recall,Passive,mortarpestle,it can break any item in one tap,This item crushes anything with a single tap.,0.4723674
227,exp01,recall,Passive,ladle,it cannot hold any liquid,This item cannot hold any liquid.,0.81226724
227,exp01,recall,Passive,piggybank,not sure,"This item is full until you break it, then it becomes empty.",-0.061484344
227,exp01,recall,Passive,pear,when you eat it you become invisible,This item grants invisibility to anyone who bites it.,0.3794517
227,exp01,recall,Passive,pretzel,it can knot and unknot itself,This item unknots and ties itself back together.,0.49606645
227,exp01,recall,Passive,camcorder,not sure,This item has unlimited memory capacity.,0.009812444
227,exp01,recall,Passive,binoculars,they can see through any object,This item can be used to see through any object.,0.704326
227,exp01,recall,Passive,gramophone,it can play any song backwards,This item can plays music backwards.,0.6346471
227,exp01,recall,Passive,pen,not sure,This item can only write in invisible ink.,0.03900281
227,exp01,recall,Passive,fishbowl,"not matter how much it is shaken, it cannot spill","This item cannot spill water, no matter how much you shake it.",0.63394934
227,exp01,recall,Passive,landline,it can call anywhere in the world but the call will not be answered,"This item can reach any number, but cannot be answered.",0.4590933
227,exp01,recall,Passive,laptop,not sure,This item works only in areas without internet connection.,-0.000658479
227,exp01,recall,Passive,alarmclock,the alarm only goes off after you wake up,This item only goes off after you wake up.,0.69967544
227,exp01,recall,Passive,racquet,it can move by itself,"This item swings on its own, without human intervention.",0.33485648
227,exp01,recall,Passive,feather,it can tickle any animal,This item can be used to tickle any animal.,0.79113233
227,exp01,recall,Passive,starfish,not sure,"This item can be used to wish for anything, but only once.",-0.058157526
227,exp01,recall,Passive,jug,it is never empty,"This item never empties, no matter how much you pour out of it.",0.41973847
227,exp01,recall,Passive,bikepump,it can deflate any tire,This item is can only be used to deflate tires.,0.6233179
227,exp01,recall,Passive,walkietalkie,it has unlimited range,This item has an unlimited range.,0.7320869
227,exp01,recall,Passive,broom,it creates dust,This item collects more dust the more you sweep with it.,0.43371573
227,exp01,recall,Passive,remote,it can be used on any device in a different room,This item can control any device that is not in the same room.,0.6415765
227,exp01,recall,Passive,applecore,not sure,"This item grows into any tree desired, if tossed.",-0.009415574
137,exp01,recall,Active,hanger,makes any desired clothing item reappear,This item instantly appears with the outfit of your choice.,0.39731544
137,exp01,recall,Active,pen,--,This item can only write in invisible ink.,0.017243374
137,exp01,recall,Active,jug,takes water,"This item never empties, no matter how much you pour out of it.",0.13028531
137,exp01,recall,Active,soccerball,redo things,"This item can be kicked, but always rolls back to where it started.",0.0713155
137,exp01,recall,Active,dogbowl,--,This item fills up by itself.,-0.030405285
137,exp01,recall,Active,starfish,--,"This item can be used to wish for anything, but only once.",-0.024965331
137,exp01,recall,Active,binoculars,--,This item can be used to see through any object.,-0.066939704
137,exp01,recall,Active,mortarpestle,dont kmow,This item crushes anything with a single tap.,0.06187347
137,exp01,recall,Active,bikepump,--,This item is can only be used to deflate tires.,-0.001429157
137,exp01,recall,Active,pear,--,This item grants invisibility to anyone who bites it.,-0.04415672
137,exp01,recall,Active,cactus,holds something,This item can contains tea within its arms.,0.090069264
137,exp01,recall,Active,racquet,hit without humans,"This item swings on its own, without human intervention.",0.23137791
137,exp01,recall,Active,tapemeasure,measure anyhting,This item can measure an unlimited length.,0.30521858
137,exp01,recall,Active,pretzel,dont know,This item unknots and ties itself back together.,-0.123454124
137,exp01,recall,Active,ladle,ladle,This item cannot hold any liquid.,0.15364149
137,exp01,recall,Active,camcorder,unlimited memory,This item has unlimited memory capacity.,0.63317895
137,exp01,recall,Active,trumpet,--,This item can only play one note.,-0.020335596
137,exp01,recall,Active,seashell,--,This item can be used to hear city streets.,-0.037293687
137,exp01,recall,Active,gramophone,play backwards,This item can plays music backwards.,0.39171958
137,exp01,recall,Active,paperairplane,fly anywhere,This item can fly to anywhere if you toss it.,0.39531022
137,exp01,recall,Active,fishbowl,--,"This item cannot spill water, no matter how much you shake it.",0.04009172
137,exp01,recall,Active,broom,clean,This item collects more dust the more you sweep with it.,0.13089266
137,exp01,recall,Active,piggybank,is full and becomes empty when broken,"This item is full until you break it, then it becomes empty.",0.6763334
137,exp01,recall,Active,straightener,--,This item gets colder the longer its left on.,0.007119
137,exp01,recall,Active,remote,controls items from far away,This item can control any device that is not in the same room.,0.28164357
137,exp01,recall,Active,purse,stores ,This item can only hold one item.,0.084252864
137,exp01,recall,Active,mailbox,--,This item can receive mail from anywhere instantaneously.,-0.036302514
137,exp01,recall,Active,gavel,can only be used by children,This item can only be held by children.,0.61613315
137,exp01,recall,Active,gumballmachine,--,This item dispenses candy that heals your jaw.,0.08239916
137,exp01,recall,Active,donut,--,This item dissapears if you try to eat it.,-0.004117373
137,exp01,recall,Active,laptop,unlimited storage,This item works only in areas without internet connection.,0.083329566
137,exp01,recall,Active,milkshake,--,This item tastes like anything you wish for it to taste like.,0.014902592
137,exp01,recall,Active,iron,wrinkle anything,This item can wrinkle any fabric.,0.45519894
137,exp01,recall,Active,rubikscube,jumble anything,This item scrambles itself if you try to solve it.,0.1899217
137,exp01,recall,Active,toiletpaper,does not tear,This item cannot be torn.,0.32259524
137,exp01,recall,Active,microscope,enlarges things,This item physically enlarges any object it focuses on.,0.24798894
137,exp01,recall,Active,applecore,disaapear when finished,"This item grows into any tree desired, if tossed.",-0.01694445
137,exp01,recall,Active,cereal,--,This item makes you fall asleep if eaten.,-0.041454516
137,exp01,recall,Active,frame,displays,This item can only be used for black and white photographs.,-0.002176776
137,exp01,recall,Active,shoppingcart,rolls,This item can move without being pushed.,0.06964865
138,exp01,recall,Active,wateringcan,,This item soaks up water from plants.,-0.003618232
138,exp01,recall,Active,hairclip,holds everything except for hair,This item can grasp everything except hair.,0.62961507
138,exp01,recall,Active,pretzel,tight knots,This item unknots and ties itself back together.,0.1545381
138,exp01,recall,Active,purse,,This item can only hold one item.,0.011646021
138,exp01,recall,Active,binoculars,see everything,This item can be used to see through any object.,0.06635368
138,exp01,recall,Active,fishbowl,,"This item cannot spill water, no matter how much you shake it.",0.040091712
138,exp01,recall,Active,camcorder,,This item has unlimited memory capacity.,-0.05969113
138,exp01,recall,Active,piggybank,,"This item is full until you break it, then it becomes empty.",-0.007812543
138,exp01,recall,Active,mailbox,,This item can receive mail from anywhere instantaneously.,-0.036302514
138,exp01,recall,Active,pear,,This item grants invisibility to anyone who bites it.,-0.044156708
138,exp01,recall,Active,rubikscube,will go back if you play,This item scrambles itself if you try to solve it.,0.14834362
138,exp01,recall,Active,racquet,,"This item swings on its own, without human intervention.",-0.047514938
138,exp01,recall,Active,mortarpestle,,This item crushes anything with a single tap.,-0.015745107
138,exp01,recall,Active,frame,,This item can only be used for black and white photographs.,-0.02587659
138,exp01,recall,Active,starfish,,"This item can be used to wish for anything, but only once.",-0.024965342
138,exp01,recall,Active,cactus,,This item can contains tea within its arms.,-0.04595695
138,exp01,recall,Active,microscope,,This item physically enlarges any object it focuses on.,-0.055728495
138,exp01,recall,Active,gramophone,,This item can plays music backwards.,-0.042925384
138,exp01,recall,Active,dogbowl,,This item fills up by itself.,-0.030405285
138,exp01,recall,Active,straightener,,This item gets colder the longer its left on.,0.007119
138,exp01,recall,Active,feather,,This item can be used to tickle any animal.,-0.07342144
138,exp01,recall,Active,skates,,This item can skate on any surface except ice.,-0.04531532
138,exp01,recall,Active,iron,,This item can wrinkle any fabric.,-0.06035762
138,exp01,recall,Active,walkietalkie,,This item has an unlimited range.,-0.011129776
138,exp01,recall,Active,pen,invisible ink,This item can only write in invisible ink.,0.66435707
138,exp01,recall,Active,donut,,This item dissapears if you try to eat it.,-0.004117373
138,exp01,recall,Active,applecore,,"This item grows into any tree desired, if tossed.",-0.0684176
138,exp01,recall,Active,shoppingcart,,This item can move without being pushed.,-0.061893344
138,exp01,recall,Active,paperairplane,,This item can fly to anywhere if you toss it.,-0.029508036
138,exp01,recall,Active,doghouse,,This item adapts to fit the size of any dog that sits in it.,-0.036802266
139,exp01,recall,Active,trumpet,can only play one note\n,This item can only play one note.,0.56809497
139,exp01,recall,Active,paperairplane,,This item can fly to anywhere if you toss it.,-0.029508036
139,exp01,recall,Active,toiletpaper,can not be torn ,This item cannot be torn.,0.57586503
139,exp01,recall,Active,bikepump,can only be used to deflate balls ,This item is can only be used to deflate tires.,0.669986
139,exp01,recall,Active,straightener,,This item gets colder the longer its left on.,0.007119
139,exp01,recall,Active,dogbowl,can never spill?,This item fills up by itself.,0.15077467
139,exp01,recall,Active,pen,can write in invisible ink ,This item can only write in invisible ink.,0.8483613
139,exp01,recall,Active,doghouse,can fit any sized dog ,This item adapts to fit the size of any dog that sits in it.,0.6316649
139,exp01,recall,Active,applecore,,"This item grows into any tree desired, if tossed.",-0.0684176
139,exp01,recall,Active,laptop,can only work without the internet ,This item works only in areas without internet connection.,0.51449144
139,exp01,recall,Active,broom,,This item collects more dust the more you sweep with it.,0.002540545
139,exp01,recall,Active,gumballmachine,something about healing your jaw? ,This item dispenses candy that heals your jaw.,0.6435044
139,exp01,recall,Active,donut,,This item dissapears if you try to eat it.,-0.004117373
139,exp01,recall,Active,skates,can skate on anything but ice ,This item can skate on any surface except ice.,0.78222626
139,exp01,recall,Active,bowlingball,can be any weight ,This item weighs whatever weight you choose it to weigh.,0.46160495
139,exp01,recall,Active,purse,,This item can only hold one item.,0.011646021
139,exp01,recall,Active,remote,,This item can control any device that is not in the same room.,-0.021427525
139,exp01,recall,Active,camcorder,,This item has unlimited memory capacity.,-0.05969113
139,exp01,recall,Active,alarmclock,rings after you wake up \n,This item only goes off after you wake up.,0.39295542
139,exp01,recall,Active,microscope,make any plant grow ,This item physically enlarges any object it focuses on.,0.023703277
139,exp01,recall,Active,blender,un blend ,This item can be used to un-blend any slurry.,0.026482958
139,exp01,recall,Active,racquet,hit something ,"This item swings on its own, without human intervention.",0.024461005
139,exp01,recall,Active,pear,,This item grants invisibility to anyone who bites it.,-0.04415672
139,exp01,recall,Active,pretzel,unwind itself ,This item unknots and ties itself back together.,0.066327274
139,exp01,recall,Active,piggybank,it's full until it is broken and then it is empty ,"This item is full until you break it, then it becomes empty.",0.7316313
139,exp01,recall,Active,jug,no matter how much water you pour out of it it is always full ,"This item never empties, no matter how much you pour out of it.",0.632475
139,exp01,recall,Active,milkshake,it can make anything taste like what you want it to taste like ,This item tastes like anything you wish for it to taste like.,0.8321674
139,exp01,recall,Active,shoppingcart,,This item can move without being pushed.,-0.061893344
139,exp01,recall,Active,fishbowl,it can never be knocked over ,"This item cannot spill water, no matter how much you shake it.",0.2607874
139,exp01,recall,Active,iron,it wrinkles clothes ,This item can wrinkle any fabric.,0.47338653
139,exp01,recall,Active,seashell,can hear anything from outside the room ,This item can be used to hear city streets.,0.13788478
139,exp01,recall,Active,ladle,can scoop any amount of water \n,This item cannot hold any liquid.,0.29902166
139,exp01,recall,Active,wateringcan,,This item soaks up water from plants.,-0.003618232
139,exp01,recall,Active,hairclip,can grip anything besides air ,This item can grasp everything except hair.,0.34137216
139,exp01,recall,Active,starfish,can make one wish come true ,"This item can be used to wish for anything, but only once.",0.5286932
139,exp01,recall,Active,gramophone,,This item can plays music backwards.,-0.042925384
139,exp01,recall,Active,rubikscube,can scramble and unscramble itself ,This item scrambles itself if you try to solve it.,0.20830125
139,exp01,recall,Active,tapemeasure,,This item can measure an unlimited length.,-0.059500217
139,exp01,recall,Active,cactus,tea comes out of its branches ,This item can contains tea within its arms.,0.4471904
139,exp01,recall,Active,mailbox,gets mail instantly ,This item can receive mail from anywhere instantaneously.,0.55360746
139,exp01,recall,Active,hanger,picks your outfit for you ,This item instantly appears with the outfit of your choice.,0.47351354
139,exp01,recall,Active,mortarpestle,can crush anything ,This item crushes anything with a single tap.,0.41417637
139,exp01,recall,Active,landline,,"This item can reach any number, but cannot be answered.",0.028453365
140,exp01,recall,Active,cereal,I don't remember,This item makes you fall asleep if eaten.,-0.015465753
140,exp01,recall,Active,toiletpaper,I do not remember,This item cannot be torn.,0.02811309
140,exp01,recall,Active,broom,This item collects more dust the more it is used,This item collects more dust the more you sweep with it.,0.8088825
140,exp01,recall,Active,piggybank,"This item is full until it is broken, then it is empty","This item is full until you break it, then it becomes empty.",0.8243662
140,exp01,recall,Active,alarmclock,Only sounds an alarm after you wake up,This item only goes off after you wake up.,0.60971624
140,exp01,recall,Active,straightener,I do not remember,This item gets colder the longer its left on.,0.018814765
140,exp01,recall,Active,jug,This item is never empt no matter how much you pour out of it,"This item never empties, no matter how much you pour out of it.",0.84328353
140,exp01,recall,Active,seashell,This item allows you to hear the streets ,This item can be used to hear city streets.,0.7728319
140,exp01,recall,Active,milkshake,I do not remember,This item tastes like anything you wish for it to taste like.,-0.022560325
140,exp01,recall,Active,bikepump,This item can empty the air out of anything,This item is can only be used to deflate tires.,0.47542274
140,exp01,recall,Active,landline,This item can reach any number but can never be answered,"This item can reach any number, but cannot be answered.",0.93290937
140,exp01,recall,Active,tapemeasure,This item can measure an unlimited length,This item can measure an unlimited length.,1.0000001
140,exp01,recall,Active,mortarpestle,This item can crush any food with one tap,This item crushes anything with a single tap.,0.6815253
140,exp01,recall,Active,pen,This item can write in invisible ink,This item can only write in invisible ink.,0.95568526
140,exp01,recall,Active,mailbox,I do not remember,This item can receive mail from anywhere instantaneously.,-0.11225489
140,exp01,recall,Active,iron,This item can wrinkly any clothing,This item can wrinkle any fabric.,0.7659027
140,exp01,recall,Active,hanger,This item always appears with your desired clothing,This item instantly appears with the outfit of your choice.,0.6931962
140,exp01,recall,Active,trumpet,This item can only play one note,This item can only play one note.,1.0000001
140,exp01,recall,Active,ladle,I do not remember,This item cannot hold any liquid.,0.009316051
140,exp01,recall,Active,pear,This item can make you float,This item grants invisibility to anyone who bites it.,0.28011233
140,exp01,recall,Active,feather,I do not remember,This item can be used to tickle any animal.,-0.048100583
140,exp01,recall,Active,hairclip,I do not remember,This item can grasp everything except hair.,-0.015835315
140,exp01,recall,Active,cactus,This plant contains tea in it,This item can contains tea within its arms.,0.5720234
140,exp01,recall,Active,walkietalkie,I do not remember,This item has an unlimited range.,-0.1007186
140,exp01,recall,Active,bowlingball,This item can have any weight you choose,This item weighs whatever weight you choose it to weigh.,0.66391754
140,exp01,recall,Active,purse,This can only have one item in it,This item can only hold one item.,0.7001507
140,exp01,recall,Active,paperairplane,I do not remember,This item can fly to anywhere if you toss it.,-0.10020444
140,exp01,recall,Active,applecore,This can turn into any tree you choose if planted,"This item grows into any tree desired, if tossed.",0.6486167
140,exp01,recall,Active,pretzel,This item can unfold itself and then fold back,This item unknots and ties itself back together.,0.52040136
140,exp01,recall,Active,donut,I do not remember,This item dissapears if you try to eat it.,-0.069533296
140,exp01,recall,Active,fishbowl,I do not remember,"This item cannot spill water, no matter how much you shake it.",0.04022014
140,exp01,recall,Active,racquet,I do not remember,"This item swings on its own, without human intervention.",-0.00454285
140,exp01,recall,Active,starfish,This item can only fulfill one dream at any given time,"This item can be used to wish for anything, but only once.",0.60279495
140,exp01,recall,Active,wateringcan,"Something about un-filling water, I do not really remember",This item soaks up water from plants.,0.27552843
140,exp01,recall,Active,skates,I do not remember,This item can skate on any surface except ice.,-0.05818957
140,exp01,recall,Active,soccerball,"You can kick this ball, but it will always roll back to its original position","This item can be kicked, but always rolls back to where it started.",0.5826046
140,exp01,recall,Active,rubikscube,This item will scramble itself if you try to solve it,This item scrambles itself if you try to solve it.,0.86556673
140,exp01,recall,Active,doghouse,This item will conform to the size of any dog that sits in it,This item adapts to fit the size of any dog that sits in it.,0.8898793
140,exp01,recall,Active,microscope,This item can magnify anything,This item physically enlarges any object it focuses on.,0.5959897
140,exp01,recall,Active,frame,This item can take black and white photos,This item can only be used for black and white photographs.,0.79360616
140,exp01,recall,Active,gavel,Only a child can hold this,This item can only be held by children.,0.5527156
140,exp01,recall,Active,remote,This remote can control anything you desire (mostly an educated guess),This item can control any device that is not in the same room.,0.3907709
140,exp01,recall,Active,gramophone,This item can play music backwards,This item can plays music backwards.,0.8971189
140,exp01,recall,Active,dogbowl,This bowl can fill itself,This item fills up by itself.,0.51698065
134,exp01,recall,Active,donut,disappears if eaten,This item dissapears if you try to eat it.,0.5138609
134,exp01,recall,Active,hairclip,this item can hold anything in the world but hair\n,This item can grasp everything except hair.,0.5973876
134,exp01,recall,Active,gavel,this item can only be held by children,This item can only be held by children.,1.0000001
134,exp01,recall,Active,pear,i dont remember,This item grants invisibility to anyone who bites it.,-0.001967487
134,exp01,recall,Active,hanger,this item can hang your outfit of choice,This item instantly appears with the outfit of your choice.,0.70443684
134,exp01,recall,Active,purse,this item can only hold one item,This item can only hold one item.,1
134,exp01,recall,Active,mortarpestle,this item can crush anything with one tap,This item crushes anything with a single tap.,0.7917132
134,exp01,recall,Active,landline,this item can reach anyone but cant pick up ,"This item can reach any number, but cannot be answered.",0.6840429
134,exp01,recall,Active,soccerball,this item can be kicked but will always roll back to you,"This item can be kicked, but always rolls back to where it started.",0.8151506
134,exp01,recall,Active,tapemeasure,this item can measure unlimited lengths,This item can measure an unlimited length.,0.8788727
134,exp01,recall,Active,pen,do not remember,This item can only write in invisible ink.,0.00187877
134,exp01,recall,Active,laptop,,This item works only in areas without internet connection.,-0.011911726
134,exp01,recall,Active,remote,this item can control devices not in the room \n,This item can control any device that is not in the same room.,0.73751795
134,exp01,recall,Active,jug,this item cant hold water,"This item never empties, no matter how much you pour out of it.",0.4975638
134,exp01,recall,Active,starfish,i dont remember,"This item can be used to wish for anything, but only once.",0.020258322
134,exp01,recall,Active,straightener,this item can unstraighten hair,This item gets colder the longer its left on.,0.2868969
134,exp01,recall,Active,rubikscube,this item can solve any puzzles,This item scrambles itself if you try to solve it.,0.54509073
134,exp01,recall,Active,mailbox,this item can recieve any mail,This item can receive mail from anywhere instantaneously.,0.8231046
134,exp01,recall,Active,paperairplane,this item can deliver any message,This item can fly to anywhere if you toss it.,0.39224485
134,exp01,recall,Active,seashell,this item can hear only city sounds,This item can be used to hear city streets.,0.60944223
134,exp01,recall,Active,applecore,this item can taste like any food ,"This item grows into any tree desired, if tossed.",0.34617347
134,exp01,recall,Active,ladle,this item cant hold liquid,This item cannot hold any liquid.,0.8867911
134,exp01,recall,Active,frame,this item can only hold black and white photos,This item can only be used for black and white photographs.,0.8161606
134,exp01,recall,Active,pretzel,this item can unknot itself ,This item unknots and ties itself back together.,0.38534924
134,exp01,recall,Active,fishbowl,this item will never spill water no matter how hard it is shaken\n,"This item cannot spill water, no matter how much you shake it.",0.70956516
134,exp01,recall,Active,shoppingcart,dont remember,This item can move without being pushed.,-0.11795708
134,exp01,recall,Active,iron,this item can wrinkle any fabric ,This item can wrinkle any fabric.,1.0000002
134,exp01,recall,Active,blender,this item can unslurry any item,This item can be used to un-blend any slurry.,0.65208614
134,exp01,recall,Active,cereal,i dont remember,This item makes you fall asleep if eaten.,-0.015465753
134,exp01,recall,Active,cactus,this item can unprick anything,This item can contains tea within its arms.,0.57681215
134,exp01,recall,Active,feather,this item cant float,This item can be used to tickle any animal.,0.30174983
134,exp01,recall,Active,trumpet,this item can make any sound,This item can only play one note.,0.49424452
134,exp01,recall,Active,broom,this item can collect dust,This item collects more dust the more you sweep with it.,0.63478184
134,exp01,recall,Active,milkshake,this item can taste like any drink,This item tastes like anything you wish for it to taste like.,0.7319402
134,exp01,recall,Active,bikepump,this item can defloat anything,This item is can only be used to deflate tires.,0.31540623
134,exp01,recall,Active,doghouse,do not remember,This item adapts to fit the size of any dog that sits in it.,-0.045513663
134,exp01,recall,Active,gumballmachine,this item can blow bubbles of any size,This item dispenses candy that heals your jaw.,0.302366
134,exp01,recall,Active,binoculars,can see any distance,This item can be used to see through any object.,0.3007477
134,exp01,recall,Active,dogbowl,cant hold liquid,This item fills up by itself.,0.22624137
134,exp01,recall,Active,walkietalkie,can reach any range,This item has an unlimited range.,0.4423097
134,exp01,recall,Active,gramophone,this item cant make sounds,This item can plays music backwards.,0.52375245
134,exp01,recall,Active,skates,can skate on any surface that isn't ice,This item can skate on any surface except ice.,0.8759484
134,exp01,recall,Active,piggybank,can hold anything but money\n,"This item is full until you break it, then it becomes empty.",0.20789021
134,exp01,recall,Active,camcorder,can capture memories,This item has unlimited memory capacity.,0.3474554
134,exp01,recall,Active,toiletpaper,can not rip,This item cannot be torn.,0.27438548
134,exp01,recall,Active,microscope,,This item physically enlarges any object it focuses on.,-0.055728495
134,exp01,recall,Active,bowlingball,can roll really far,This item weighs whatever weight you choose it to weigh.,0.18429443
135,exp01,recall,Active,ladle,hides anything you put behind it,This item cannot hold any liquid.,0.22707397
135,exp01,recall,Active,feather,it goes on infinitely,This item can be used to tickle any animal.,0.053522978
135,exp01,recall,Active,paperairplane,will travel as far as possible after throwing it,This item can fly to anywhere if you toss it.,0.42642638
135,exp01,recall,Active,pen,you can only write with this once,This item can only write in invisible ink.,0.47387928
135,exp01,recall,Active,broom,when used it can erase anything,This item collects more dust the more you sweep with it.,0.14738736
135,exp01,recall,Active,walkietalkie,you can call anyone in any place,This item has an unlimited range.,0.16061358
135,exp01,recall,Active,hanger,you can equip any article of clothing that would be perfect for that outfit,This item instantly appears with the outfit of your choice.,0.57396114
135,exp01,recall,Active,laptop,you can only use it in one place with internet connection,This item works only in areas without internet connection.,0.56463087
135,exp01,recall,Active,donut,it relieves any pressure,This item dissapears if you try to eat it.,0.13296923
135,exp01,recall,Active,skates,they allow you to skate across any surface,This item can skate on any surface except ice.,0.6425182
135,exp01,recall,Active,cactus,i don't remember,This item can contains tea within its arms.,-0.09201653
135,exp01,recall,Active,doghouse,you can fit any one dog no matter the size,This item adapts to fit the size of any dog that sits in it.,0.5917871
135,exp01,recall,Active,gumballmachine,it only breaks your jaw once,This item dispenses candy that heals your jaw.,0.53056127
135,exp01,recall,Active,remote,it will replace itself no matter what,This item can control any device that is not in the same room.,0.3050949
135,exp01,recall,Active,tapemeasure,it can measure any distance,This item can measure an unlimited length.,0.50054467
135,exp01,recall,Active,soccerball,"wherever you kick it, it will return","This item can be kicked, but always rolls back to where it started.",0.43106353
135,exp01,recall,Active,shoppingcart,it will not move anywhere,This item can move without being pushed.,0.38309723
135,exp01,recall,Active,frame,looks identical everywhere,This item can only be used for black and white photographs.,0.13854346
135,exp01,recall,Active,bikepump,can be used to make anything bigger,This item is can only be used to deflate tires.,0.3221579
135,exp01,recall,Active,wateringcan,is used to water all of the plants,This item soaks up water from plants.,0.57037866
135,exp01,recall,Active,toiletpaper,you can use it to clean any surface once,This item cannot be torn.,0.13753852
135,exp01,recall,Active,straightener,is used to tie everything together,This item gets colder the longer its left on.,0.12319723
135,exp01,recall,Active,gramophone,can be used to hear anything that is happening outside,This item can plays music backwards.,0.29581845
135,exp01,recall,Active,alarmclock,can be used to change the time,This item only goes off after you wake up.,0.0969511
135,exp01,recall,Active,blender,can be used to generate moisture,This item can be used to un-blend any slurry.,0.290285
135,exp01,recall,Active,iron,puts pressure on people,This item can wrinkle any fabric.,-0.00297774
135,exp01,recall,Active,fishbowl,it allows fish to breathe,"This item cannot spill water, no matter how much you shake it.",0.096203275
135,exp01,recall,Active,jug,can contain anything,"This item never empties, no matter how much you pour out of it.",0.16360492
135,exp01,recall,Active,binoculars,is used to see through anything,This item can be used to see through any object.,0.5383609
135,exp01,recall,Active,trumpet,can generate one note,This item can only play one note.,0.46835706
135,exp01,recall,Active,camcorder,records infinitely,This item has unlimited memory capacity.,0.19417146
135,exp01,recall,Active,purse,i don't remember,This item can only hold one item.,0.015791163
135,exp01,recall,Active,piggybank,contains as much money as you want it to,"This item is full until you break it, then it becomes empty.",0.34314218
135,exp01,recall,Active,mortarpestle,can be used to mix anything,This item crushes anything with a single tap.,0.10526713
135,exp01,recall,Active,starfish,i don't remember,"This item can be used to wish for anything, but only once.",0.020258317
135,exp01,recall,Active,rubikscube,will scramble itself if it is solved,This item scrambles itself if you try to solve it.,0.48443776
135,exp01,recall,Active,mailbox,can receieve all of your mail from anywhere,This item can receive mail from anywhere instantaneously.,0.615871
135,exp01,recall,Active,microscope,can be used to make the plants look bigger,This item physically enlarges any object it focuses on.,0.15225555
135,exp01,recall,Active,dogbowl,looks the same no matter what,This item fills up by itself.,0.21953954
135,exp01,recall,Active,milkshake,can taste like anything you want it to taste like,This item tastes like anything you wish for it to taste like.,0.8290174
135,exp01,recall,Active,pretzel,is used to tie everything together,This item unknots and ties itself back together.,0.4577403
135,exp01,recall,Active,applecore,can only be eaten once,"This item grows into any tree desired, if tossed.",0.10150735
135,exp01,recall,Active,bowlingball,can be as big as you want it to be,This item weighs whatever weight you choose it to weigh.,0.19865629
135,exp01,recall,Active,cereal,can be eaten and will only taste like one thing that you want,This item makes you fall asleep if eaten.,0.31218025
135,exp01,recall,Active,seashell,used to hear any noise on the streets,This item can be used to hear city streets.,0.3831427
135,exp01,recall,Active,landline,"can contact any number, but will always be out of reach","This item can reach any number, but cannot be answered.",0.595749
135,exp01,recall,Active,gavel,can be used to pass judgement on a person,This item can only be held by children.,0.13365781
135,exp01,recall,Active,racquet,returns anything you send its way,"This item swings on its own, without human intervention.",0.013163589
136,exp01,recall,Active,seashell,It can hear city streets,This item can be used to hear city streets.,0.6490619
136,exp01,recall,Active,racquet,It swings without human intervention,"This item swings on its own, without human intervention.",0.73213196
136,exp01,recall,Active,donut,It disappears if you eat it,This item dissapears if you try to eat it.,0.72644234
136,exp01,recall,Active,frame,It can only hang black and white photos,This item can only be used for black and white photographs.,0.6604861
136,exp01,recall,Active,gavel,It can only be held by children,This item can only be held by children.,0.7380608
136,exp01,recall,Active,jug,It will always be full no matter how much you pour out of it,"This item never empties, no matter how much you pour out of it.",0.67432845
136,exp01,recall,Active,purse,Don't remember,This item can only hold one item.,0.03821351
136,exp01,recall,Active,camcorder,It has unlimited storage,This item has unlimited memory capacity.,0.6214285
136,exp01,recall,Active,shoppingcart,It rolls on its own,This item can move without being pushed.,0.23688051
136,exp01,recall,Active,walkietalkie,It has unlimited range,This item has an unlimited range.,0.7320869
136,exp01,recall,Active,landline,It can reach any number but there will be no response,"This item can reach any number, but cannot be answered.",0.67647153
136,exp01,recall,Active,ladle,It can not hold liquid,This item cannot hold any liquid.,0.702001
136,exp01,recall,Active,bowlingball,It can be any weight you want it to be,This item weighs whatever weight you choose it to weigh.,0.533966
136,exp01,recall,Active,soccerball,It will come back to the place it was before when you kick it,"This item can be kicked, but always rolls back to where it started.",0.4799984
136,exp01,recall,Active,pretzel,It will untwist itself and twist back,This item unknots and ties itself back together.,0.41791758
136,exp01,recall,Active,starfish,"It can grant you any wish, but only once","This item can be used to wish for anything, but only once.",0.6113407
136,exp01,recall,Active,doghouse,It will fit around any dog that sits in it,This item adapts to fit the size of any dog that sits in it.,0.807952
136,exp01,recall,Active,broom,It will collect more dust the more you sweep with it,This item collects more dust the more you sweep with it.,0.85744035
136,exp01,recall,Active,microscope,Don't remember,This item physically enlarges any object it focuses on.,-0.085446656
136,exp01,recall,Active,cactus,It dispense tea,This item can contains tea within its arms.,0.42728502
136,exp01,recall,Active,hanger,It appears with the outfit of your choice,This item instantly appears with the outfit of your choice.,0.76254845
136,exp01,recall,Active,rubikscube,It scrambles itself when you try to solve it,This item scrambles itself if you try to solve it.,0.7440804
136,exp01,recall,Active,fishbowl,It will never spill liquid,"This item cannot spill water, no matter how much you shake it.",0.5675831
136,exp01,recall,Active,laptop,It can only be used where there is no wifi,This item works only in areas without internet connection.,0.49861395
136,exp01,recall,Active,milkshake,It will never run out,This item tastes like anything you wish for it to taste like.,0.12706405
136,exp01,recall,Active,gramophone,It can play music backwards,This item can plays music backwards.,0.73665476
136,exp01,recall,Active,wateringcan,It can make anything grow,This item soaks up water from plants.,0.12799644
136,exp01,recall,Active,blender,It will un-blend any slurry,This item can be used to un-blend any slurry.,0.5471671
136,exp01,recall,Active,dogbowl,It will refill itself,This item fills up by itself.,0.4429118
136,exp01,recall,Active,alarmclock,It will only ring once you wake up,This item only goes off after you wake up.,0.5808022
136,exp01,recall,Active,gumballmachine,Its candy can repair jaws,This item dispenses candy that heals your jaw.,0.5408685
136,exp01,recall,Active,remote,It can control any devices that are not in the same room,This item can control any device that is not in the same room.,0.83148515
136,exp01,recall,Active,straightener,It gets colder the longer it is on,This item gets colder the longer its left on.,0.7866708
136,exp01,recall,Active,mortarpestle,It can crush anything with a tap,This item crushes anything with a single tap.,0.615059
136,exp01,recall,Active,bikepump,It can only deflate tires,This item is can only be used to deflate tires.,0.73162
136,exp01,recall,Active,toiletpaper,It never tears,This item cannot be torn.,0.2166372
136,exp01,recall,Active,iron,It will wrinkle any fabric,This item can wrinkle any fabric.,0.74217427
136,exp01,recall,Active,pear,It grants anyone who bites it with invisibility,This item grants invisibility to anyone who bites it.,0.82096654
136,exp01,recall,Active,skates,It can skate on anything but ice,This item can skate on any surface except ice.,0.76216316
136,exp01,recall,Active,trumpet,It can only play one note,This item can only play one note.,0.79592353
136,exp01,recall,Active,applecore,Don't remember,"This item grows into any tree desired, if tossed.",-0.113971524
136,exp01,recall,Active,cereal,Don't remember,This item makes you fall asleep if eaten.,-0.022513501
136,exp01,recall,Active,feather,It can tickle any animal,This item can be used to tickle any animal.,0.79113233
136,exp01,recall,Active,tapemeasure,It can measure unlimited strength,This item can measure an unlimited length.,0.5750626
136,exp01,recall,Active,mailbox,It can receive any mail immediately,This item can receive mail from anywhere instantaneously.,0.729168
136,exp01,recall,Active,piggybank,It is full but becomes empty when you break it,"This item is full until you break it, then it becomes empty.",0.82731676
136,exp01,recall,Active,hairclip,It can grasp anything except hair,This item can grasp everything except hair.,0.75114596
136,exp01,recall,Active,binoculars,It can see through anything,This item can be used to see through any object.,0.48623368
136,exp01,recall,Active,paperairplane,Don't remember,This item can fly to anywhere if you toss it.,-0.07814011
128,exp01,recall,Active,blender,can un slurry things,This item can be used to un-blend any slurry.,0.4764192
128,exp01,recall,Active,landline,can only call random numbers,"This item can reach any number, but cannot be answered.",0.31649262
128,exp01,recall,Active,binoculars,can see through things,This item can be used to see through any object.,0.5580077
128,exp01,recall,Active,gumballmachine,jaw healing candies ,This item dispenses candy that heals your jaw.,0.6481792
128,exp01,recall,Active,donut,dissapears every time you try to eat it,This item dissapears if you try to eat it.,0.6647731
128,exp01,recall,Active,bowlingball,weight is whatever you want,This item weighs whatever weight you choose it to weigh.,0.6068343
128,exp01,recall,Active,purse,fits only one thing,This item can only hold one item.,0.2432379
128,exp01,recall,Active,hanger,has whatever clothing you want,This item instantly appears with the outfit of your choice.,0.2469039
128,exp01,recall,Active,bikepump,only takes air out of tires,This item is can only be used to deflate tires.,0.5946644
128,exp01,recall,Active,hairclip,can hold anything but hair,This item can grasp everything except hair.,0.6447476
128,exp01,recall,Active,milkshake,be any flavor,This item tastes like anything you wish for it to taste like.,0.39622912
128,exp01,recall,Active,ladle,cant hold liquids,This item cannot hold any liquid.,0.66700983
128,exp01,recall,Active,pear,makes you invisible,This item grants invisibility to anyone who bites it.,0.41465437
128,exp01,recall,Active,seashell,can hear anything,This item can be used to hear city streets.,0.1733281
128,exp01,recall,Active,pretzel,can untie itself and retie ,This item unknots and ties itself back together.,0.40611625
128,exp01,recall,Active,tapemeasure,can measure any length,This item can measure an unlimited length.,0.66338134
128,exp01,recall,Active,piggybank,breaks when its full,"This item is full until you break it, then it becomes empty.",0.51241094
128,exp01,recall,Active,microscope,can see anything ,This item physically enlarges any object it focuses on.,0.098721504
128,exp01,recall,Active,gavel,can only be picked up by kids,This item can only be held by children.,0.5482514
128,exp01,recall,Active,gramophone,can only play one song,This item can plays music backwards.,0.37912458
128,exp01,recall,Active,frame,only has photos in black and white,This item can only be used for black and white photographs.,0.53524476
128,exp01,recall,Active,doghouse,can grow to any size with the animal,This item adapts to fit the size of any dog that sits in it.,0.4615087
128,exp01,recall,Active,paperairplane,can fly ,This item can fly to anywhere if you toss it.,0.42140764
128,exp01,recall,Active,laptop,can play any movie,This item works only in areas without internet connection.,0.13343665
128,exp01,recall,Active,mailbox,has any package,This item can receive mail from anywhere instantaneously.,0.14822634
128,exp01,recall,Active,cereal,is any falvor,This item makes you fall asleep if eaten.,0.006233082
128,exp01,recall,Active,straightener,only cools off,This item gets colder the longer its left on.,0.28174284
128,exp01,recall,Active,mortarpestle,can smash something in one grind,This item crushes anything with a single tap.,0.20688426
128,exp01,recall,Active,walkietalkie,talk,This item has an unlimited range.,-0.053836778
128,exp01,recall,Active,camcorder,can record for forever,This item has unlimited memory capacity.,0.27181372
128,exp01,recall,Active,iron,irons things to wrinkles ,This item can wrinkle any fabric.,0.46049947
128,exp01,recall,Active,trumpet,plays one note,This item can only play one note.,0.52421045
128,exp01,recall,Active,skates,skates on anything but ice,This item can skate on any surface except ice.,0.579883
128,exp01,recall,Active,dogbowl,refills on its own,This item fills up by itself.,0.37766314
128,exp01,recall,Active,rubikscube,scambles before you can solve it,This item scrambles itself if you try to solve it.,0.45794237
128,exp01,recall,Active,soccerball,rolls back from where you kick it,"This item can be kicked, but always rolls back to where it started.",0.510445
128,exp01,recall,Active,remote,can turn things on only in other rooms,This item can control any device that is not in the same room.,0.48468217
128,exp01,recall,Active,starfish,grants you one wish,"This item can be used to wish for anything, but only once.",0.4031692
128,exp01,recall,Active,cactus,gives you tea,This item can contains tea within its arms.,0.40597472
128,exp01,recall,Active,jug,cant stay filled,"This item never empties, no matter how much you pour out of it.",0.13731864
128,exp01,recall,Active,alarmclock,can't tell time,This item only goes off after you wake up.,0.23468447
128,exp01,recall,Active,pen,writes in invisible ink ,This item can only write in invisible ink.,0.7677685
128,exp01,recall,Active,fishbowl,never spills,"This item cannot spill water, no matter how much you shake it.",0.39694506
128,exp01,recall,Active,wateringcan,waters itself,This item soaks up water from plants.,0.29930788
128,exp01,recall,Active,shoppingcart,never moves,This item can move without being pushed.,0.21565862
128,exp01,recall,Active,feather,can't tickel,This item can be used to tickle any animal.,0.081560165
128,exp01,recall,Active,applecore,never goes bad,"This item grows into any tree desired, if tossed.",0.06830245
128,exp01,recall,Active,toiletpaper,never tears,This item cannot be torn.,0.14923419
131,exp01,recall,Active,piggybank,full until you break it then empty,"This item is full until you break it, then it becomes empty.",0.7563755
131,exp01,recall,Active,toiletpaper,can never tear it,This item cannot be torn.,0.43309632
131,exp01,recall,Active,gavel,can only be used by kids,This item can only be held by children.,0.562227
131,exp01,recall,Active,mailbox,can send mail anywhere,This item can receive mail from anywhere instantaneously.,0.5944958
131,exp01,recall,Active,paperairplane,can go anywhere you send it,This item can fly to anywhere if you toss it.,0.4231332
131,exp01,recall,Active,bikepump,takes air from anything,This item is can only be used to deflate tires.,0.16493195
131,exp01,recall,Active,fishbowl,cant keep water,"This item cannot spill water, no matter how much you shake it.",0.40541846
131,exp01,recall,Active,blender,ungrinds stuff you put into it,This item can be used to un-blend any slurry.,0.06591469
131,exp01,recall,Active,remote,can control any device not in the same room,This item can control any device that is not in the same room.,0.79638594
131,exp01,recall,Active,landline,can call others but not receive calls,"This item can reach any number, but cannot be answered.",0.2925443
131,exp01,recall,Active,mortarpestle,can grind anything with a single tap,This item crushes anything with a single tap.,0.47585437
131,exp01,recall,Active,jug,can pour out water but never empties,"This item never empties, no matter how much you pour out of it.",0.5469735
131,exp01,recall,Active,gumballmachine,can heal something in your mouth,This item dispenses candy that heals your jaw.,0.49307945
131,exp01,recall,Active,dogbowl,always full when you need it,This item fills up by itself.,0.3035087
131,exp01,recall,Active,laptop,no idea,This item works only in areas without internet connection.,-0.01739997
131,exp01,recall,Active,doghouse,can fit any sized animal,This item adapts to fit the size of any dog that sits in it.,0.48089916
131,exp01,recall,Active,trumpet,can only play one note,This item can only play one note.,0.78046244
131,exp01,recall,Active,straightener,gets cooler the longer it is plugged in,This item gets colder the longer its left on.,0.49543184
131,exp01,recall,Active,milkshake,tastes like anything you want it to taste like,This item tastes like anything you wish for it to taste like.,0.8544868
131,exp01,recall,Active,starfish,grants you any wish only once,"This item can be used to wish for anything, but only once.",0.5071478
131,exp01,recall,Active,tapemeasure,can measure anything,This item can measure an unlimited length.,0.5132299
131,exp01,recall,Active,frame,can only display photos in black and white,This item can only be used for black and white photographs.,0.5960992
131,exp01,recall,Active,racquet,can swing on its own,"This item swings on its own, without human intervention.",0.3651756
131,exp01,recall,Active,iron,wrinkles items,This item can wrinkle any fabric.,0.4892732
131,exp01,recall,Active,skates,can skate on anything but ice,This item can skate on any surface except ice.,0.7822262
131,exp01,recall,Active,purse,can hold anything,This item can only hold one item.,0.33407414
131,exp01,recall,Active,hanger,can show any outfit you want to wear,This item instantly appears with the outfit of your choice.,0.50037575
131,exp01,recall,Active,pear,tastes like anything you want it to,This item grants invisibility to anyone who bites it.,0.14194085
131,exp01,recall,Active,wateringcan,takes water away from an item,This item soaks up water from plants.,0.4487069
131,exp01,recall,Active,shoppingcart,can only pull not push,This item can move without being pushed.,0.47754747
131,exp01,recall,Active,binoculars,can see through anything,This item can be used to see through any object.,0.51321185
131,exp01,recall,Active,camcorder,can record anything,This item has unlimited memory capacity.,0.17820708
131,exp01,recall,Active,gramophone,can play music in reverse,This item can plays music backwards.,0.63856053
131,exp01,recall,Active,microscope,can look closely at whatever is under it,This item physically enlarges any object it focuses on.,0.26400098
131,exp01,recall,Active,applecore,no idea,"This item grows into any tree desired, if tossed.",-0.050651327
131,exp01,recall,Active,ladle,cannot ladle anything,This item cannot hold any liquid.,0.35854277
131,exp01,recall,Active,feather,can tickle any animal,This item can be used to tickle any animal.,0.7994819
131,exp01,recall,Active,pen,can only write in invisible ink,This item can only write in invisible ink.,0.884996
131,exp01,recall,Active,soccerball,can kick it but it will always roll back to where it was kicked,"This item can be kicked, but always rolls back to where it started.",0.65316546
131,exp01,recall,Active,pretzel,can unknot and reknot itself,This item unknots and ties itself back together.,0.2903024
131,exp01,recall,Active,cactus,can hold stuff with its arms,This item can contains tea within its arms.,0.49889666
131,exp01,recall,Active,cereal,can fix your jaw,This item makes you fall asleep if eaten.,0.13355337
131,exp01,recall,Active,seashell,no idea,This item can be used to hear city streets.,-0.04260891
131,exp01,recall,Active,broom,sweeps more dust the more you use it,This item collects more dust the more you sweep with it.,0.771758
131,exp01,recall,Active,rubikscube,rescrambles any time you try to use it,This item scrambles itself if you try to solve it.,0.23279381
131,exp01,recall,Active,walkietalkie,works at any distance,This item has an unlimited range.,0.24387537
131,exp01,recall,Active,donut,tastes like anything,This item dissapears if you try to eat it.,0.2833891
131,exp01,recall,Active,alarmclock,only rings after you wake up,This item only goes off after you wake up.,0.54617965
132,exp01,recall,Active,bowlingball,can weigh any amount,This item weighs whatever weight you choose it to weigh.,0.4440427
132,exp01,recall,Active,binoculars,can see through any object,This item can be used to see through any object.,0.7851048
132,exp01,recall,Active,seashell,can hear the streets,This item can be used to hear city streets.,0.51615524
132,exp01,recall,Active,doghouse,can adjust itself to fit any dog,This item adapts to fit the size of any dog that sits in it.,0.65029967
132,exp01,recall,Active,rubikscube,mixes itself up when you try to solve it,This item scrambles itself if you try to solve it.,0.5142636
132,exp01,recall,Active,piggybank,breaks when it has money,"This item is full until you break it, then it becomes empty.",0.37279114
132,exp01,recall,Active,soccerball,"whenever you kick it, it rolls back","This item can be kicked, but always rolls back to where it started.",0.5442868
132,exp01,recall,Active,paperairplane,can fly any distance,This item can fly to anywhere if you toss it.,0.41016954
132,exp01,recall,Active,alarmclock,only rings after you wake up,This item only goes off after you wake up.,0.54617965
132,exp01,recall,Active,feather,tickles any animal,This item can be used to tickle any animal.,0.669667
132,exp01,recall,Active,remote,turns on video anywhere,This item can control any device that is not in the same room.,0.1924077
132,exp01,recall,Active,bikepump,deflates tires,This item is can only be used to deflate tires.,0.49090332
132,exp01,recall,Active,microscope,makes whatever it's looking at bigger,This item physically enlarges any object it focuses on.,0.2265629
132,exp01,recall,Active,ladle,cannot hold any liquid,This item cannot hold any liquid.,0.7668169
132,exp01,recall,Active,camcorder,has unlimited memory,This item has unlimited memory capacity.,0.6832279
132,exp01,recall,Active,fishbowl,has no fish,"This item cannot spill water, no matter how much you shake it.",0.13708282
132,exp01,recall,Active,frame,can only hold black and white photographs,This item can only be used for black and white photographs.,0.73335475
132,exp01,recall,Active,toiletpaper,cannot tear,This item cannot be torn.,0.39996198
132,exp01,recall,Active,starfish,"grants one wish, but it then disappears","This item can be used to wish for anything, but only once.",0.3866856
132,exp01,recall,Active,walkietalkie,can communicate wherever,This item has an unlimited range.,0.06486849
132,exp01,recall,Active,donut,cannot be eaten,This item dissapears if you try to eat it.,0.36762714
132,exp01,recall,Active,dogbowl,cannot be cleaned,This item fills up by itself.,0.053742822
132,exp01,recall,Active,milkshake,tastes like whatever you want it to,This item tastes like anything you wish for it to taste like.,0.7464204
132,exp01,recall,Active,mailbox,can get mail from anywhere instantly,This item can receive mail from anywhere instantaneously.,0.7613098
132,exp01,recall,Active,iron,wrinkles clothes,This item can wrinkle any fabric.,0.45586088
132,exp01,recall,Active,jug,can hold unlimited liquid,"This item never empties, no matter how much you pour out of it.",0.21247715
132,exp01,recall,Active,pen,writes in invisible ink,This item can only write in invisible ink.,0.7677685
132,exp01,recall,Active,straightener,breaks things,This item gets colder the longer its left on.,0.09240011
132,exp01,recall,Active,cereal,puts you to sleep after you eat it,This item makes you fall asleep if eaten.,0.6133504
132,exp01,recall,Active,wateringcan,takes water from plants,This item soaks up water from plants.,0.6649402
132,exp01,recall,Active,shoppingcart,rolls by itself,This item can move without being pushed.,0.17598522
132,exp01,recall,Active,gumballmachine,fixes your jaw,This item dispenses candy that heals your jaw.,0.49393135
132,exp01,recall,Active,purse,can only hold one item,This item can only hold one item.,0.79024696
132,exp01,recall,Active,racquet,hits by itself,"This item swings on its own, without human intervention.",0.31230682
132,exp01,recall,Active,cactus,has tea within it,This item can contains tea within its arms.,0.48724592
132,exp01,recall,Active,tapemeasure,can measure infinite distances,This item can measure an unlimited length.,0.5603031
132,exp01,recall,Active,skates,can skate on anything but ice,This item can skate on any surface except ice.,0.7822262
132,exp01,recall,Active,blender,un-blends slurries,This item can be used to un-blend any slurry.,0.07927324
132,exp01,recall,Active,pretzel,unknots itself,This item unknots and ties itself back together.,0.21876802
132,exp01,recall,Active,landline,"can call any number, but cannot be answered","This item can reach any number, but cannot be answered.",0.6801598
132,exp01,recall,Active,hairclip,can hold any object,This item can grasp everything except hair.,0.3608266
132,exp01,recall,Active,laptop,can search anything,This item works only in areas without internet connection.,-0.003034107
132,exp01,recall,Active,pear,turns the eater invisible,This item grants invisibility to anyone who bites it.,0.42193186
132,exp01,recall,Active,applecore,can turn into any tree when thrown away,"This item grows into any tree desired, if tossed.",0.5529566
132,exp01,recall,Active,trumpet,can only play one note,This item can only play one note.,0.78046244
132,exp01,recall,Active,broom,collects more dust as it sweeps,This item collects more dust the more you sweep with it.,0.71930134
132,exp01,recall,Active,gavel,can only be used by children,This item can only be held by children.,0.6161332
132,exp01,recall,Active,hanger,appears with any outfit you want on it,This item instantly appears with the outfit of your choice.,0.5818322
132,exp01,recall,Active,mortarpestle,can smash anything in one go,This item crushes anything with a single tap.,0.21653712
132,exp01,recall,Active,gramophone,can play music backwards,This item can plays music backwards.,0.7188364
133,exp01,recall,Active,remote,,This item can control any device that is not in the same room.,-0.021427523
133,exp01,recall,Active,trumpet,Not sure,This item can only play one note.,-0.009606406
133,exp01,recall,Active,starfish,Not sure,"This item can be used to wish for anything, but only once.",-0.058157526
133,exp01,recall,Active,binoculars,,This item can be used to see through any object.,-0.066939704
133,exp01,recall,Active,skates,Can skate on any surface besides ice,This item can skate on any surface except ice.,0.85461843
133,exp01,recall,Active,soccerball,Will return to wherever it was kicked from,"This item can be kicked, but always rolls back to where it started.",0.50093293
133,exp01,recall,Active,paperairplane,,This item can fly to anywhere if you toss it.,-0.029508036
133,exp01,recall,Active,hairclip,,This item can grasp everything except hair.,-0.000529033
133,exp01,recall,Active,alarmclock,Goes off after you wake up,This item only goes off after you wake up.,0.64480376
133,exp01,recall,Active,gavel,,This item can only be held by children.,-0.05464585
133,exp01,recall,Active,straightener,,This item gets colder the longer its left on.,0.007119
133,exp01,recall,Active,rubikscube,,This item scrambles itself if you try to solve it.,0.01471976
133,exp01,recall,Active,bowlingball,,This item weighs whatever weight you choose it to weigh.,0.034238145
133,exp01,recall,Active,pear,Can turn into any tree?,This item grants invisibility to anyone who bites it.,0.07200396
133,exp01,recall,Active,tapemeasure,,This item can measure an unlimited length.,-0.059500217
133,exp01,recall,Active,microscope,,This item physically enlarges any object it focuses on.,-0.055728495
133,exp01,recall,Active,bikepump,,This item is can only be used to deflate tires.,-0.001429157
133,exp01,recall,Active,gramophone,,This item can plays music backwards.,-0.042925384
133,exp01,recall,Active,donut,Disappears when you try to eat it,This item dissapears if you try to eat it.,0.6955327
133,exp01,recall,Active,purse,,This item can only hold one item.,0.011646021
133,exp01,recall,Active,seashell,,This item can be used to hear city streets.,-0.037293687
133,exp01,recall,Active,cactus,,This item can contains tea within its arms.,-0.04595695
133,exp01,recall,Active,feather,,This item can be used to tickle any animal.,-0.07342144
133,exp01,recall,Active,ladle,Can't hold liquid,This item cannot hold any liquid.,0.6602147
133,exp01,recall,Active,piggybank,,"This item is full until you break it, then it becomes empty.",-0.007812552
133,exp01,recall,Active,milkshake,,This item tastes like anything you wish for it to taste like.,0.014902588
133,exp01,recall,Active,mortarpestle,Can crush anything with one touch,This item crushes anything with a single tap.,0.48423216
133,exp01,recall,Active,mailbox,,This item can receive mail from anywhere instantaneously.,-0.036302514
133,exp01,recall,Active,pretzel,,This item unknots and ties itself back together.,-0.08940366
133,exp01,recall,Active,camcorder,Has unlimited storage?,This item has unlimited memory capacity.,0.5704573
133,exp01,recall,Active,dogbowl,,This item fills up by itself.,-0.030405285
133,exp01,recall,Active,laptop,Works anywhere without connection,This item works only in areas without internet connection.,0.47704807
141,exp01,recall,Active,rubikscube,can be turned any direction,This item scrambles itself if you try to solve it.,0.13454022
141,exp01,recall,Active,binoculars,can see anything hen looked through,This item can be used to see through any object.,0.18796632
141,exp01,recall,Active,tapemeasure,can measure anything,This item can measure an unlimited length.,0.5132299
141,exp01,recall,Active,straightener,is cold until you touch it,This item gets colder the longer its left on.,0.34779942
141,exp01,recall,Active,fishbowl,contains living things\n\n,"This item cannot spill water, no matter how much you shake it.",0.05969438
141,exp01,recall,Active,walkietalkie,has no distance it cannot reach,This item has an unlimited range.,0.32730755
141,exp01,recall,Active,gramophone,could play any music backwards,This item can plays music backwards.,0.679584
141,exp01,recall,Active,broom,made places dustier,This item collects more dust the more you sweep with it.,-0.038638525
141,exp01,recall,Active,cactus,held tea inside it,This item can contains tea within its arms.,0.4225911
141,exp01,recall,Active,feather,was lighter then air?,This item can be used to tickle any animal.,0.08350052
141,exp01,recall,Active,jug,could hold any drink,"This item never empties, no matter how much you pour out of it.",0.23071872
141,exp01,recall,Active,shoppingcart,could fly,This item can move without being pushed.,0.1827702
141,exp01,recall,Active,pear,was poison?,This item grants invisibility to anyone who bites it.,0.010424636
141,exp01,recall,Active,iron,created creased clothing,This item can wrinkle any fabric.,0.21091262
141,exp01,recall,Active,skates,could skate on anything but ice,This item can skate on any surface except ice.,0.7781316
141,exp01,recall,Active,camcorder,could record anything,This item has unlimited memory capacity.,0.1833921
141,exp01,recall,Active,cereal,could help you fall asleep,This item makes you fall asleep if eaten.,0.5502883
141,exp01,recall,Active,ladle,could hold any liquid,This item cannot hold any liquid.,0.6741628
141,exp01,recall,Active,purse,could hold any item,This item can only hold one item.,0.5862753
141,exp01,recall,Active,gumballmachine,dispensed any candy you wanted,This item dispenses candy that heals your jaw.,0.38958353
141,exp01,recall,Active,donut,disappeared when you tried to eat it,This item dissapears if you try to eat it.,0.6371486
141,exp01,recall,Active,wateringcan,could grow any plant,This item soaks up water from plants.,0.27574372
141,exp01,recall,Active,trumpet,could play any song you wanted,This item can only play one note.,0.31758922
141,exp01,recall,Active,racquet,could play a game without human interaction,"This item swings on its own, without human intervention.",0.3064622
141,exp01,recall,Active,bowlingball,could not hold liquid,This item weighs whatever weight you choose it to weigh.,0.071759455
141,exp01,recall,Active,hairclip,can hold anything but hair,This item can grasp everything except hair.,0.6447476
141,exp01,recall,Active,paperairplane,can fly anywhere in the world,This item can fly to anywhere if you toss it.,0.48110104
141,exp01,recall,Active,gavel,kids can play with it,This item can only be held by children.,0.3828634
141,exp01,recall,Active,piggybank,held money until it was distroyed,"This item is full until you break it, then it becomes empty.",0.23668018
141,exp01,recall,Active,alarmclock,wake you up ,This item only goes off after you wake up.,0.35061228
141,exp01,recall,Active,hanger,came with any outfit you got,This item instantly appears with the outfit of your choice.,0.4239063
141,exp01,recall,Active,landline,could call anyone you wanted,"This item can reach any number, but cannot be answered.",0.18353382
141,exp01,recall,Active,seashell,you could hear city sounds from it,This item can be used to hear city streets.,0.4994464
141,exp01,recall,Active,frame,make anything famous,This item can only be used for black and white photographs.,0.04880212
141,exp01,recall,Active,applecore,when thrown it can turn into any tree ,"This item grows into any tree desired, if tossed.",0.54298526
141,exp01,recall,Active,starfish,make you very happy\n,"This item can be used to wish for anything, but only once.",-0.06310184
142,exp01,recall,Active,rubikscube,can solve itself,This item scrambles itself if you try to solve it.,0.41905257
142,exp01,recall,Active,soccerball,hits the wall,"This item can be kicked, but always rolls back to where it started.",0.07643922
142,exp01,recall,Active,trumpet,play whatever song,This item can only play one note.,0.2479147
142,exp01,recall,Active,bikepump,pump,This item is can only be used to deflate tires.,0.1384643
142,exp01,recall,Active,paperairplane,can fly anywhere,This item can fly to anywhere if you toss it.,0.5392197
142,exp01,recall,Active,cactus,water itself,This item can contains tea within its arms.,0.10096781
142,exp01,recall,Active,gumballmachine,dispense any flavor,This item dispenses candy that heals your jaw.,0.085607484
142,exp01,recall,Active,purse,holds anything,This item can only hold one item.,0.13544787
142,exp01,recall,Active,jug,contains anything,"This item never empties, no matter how much you pour out of it.",0.1364859
142,exp01,recall,Active,mailbox,delivers messages,This item can receive mail from anywhere instantaneously.,0.26641232
142,exp01,recall,Active,feather,helps one fly ,This item can be used to tickle any animal.,0.18959688
142,exp01,recall,Active,cereal,magic cereal,This item makes you fall asleep if eaten.,0.15541099
142,exp01,recall,Active,camcorder,take a picture of anything,This item has unlimited memory capacity.,-0.040743217
142,exp01,recall,Active,laptop,can compute anything,This item works only in areas without internet connection.,0.08394094
142,exp01,recall,Active,ladle,can scoop anything,This item cannot hold any liquid.,0.25886276
142,exp01,recall,Active,donut,can make u disapear,This item dissapears if you try to eat it.,0.30612248
142,exp01,recall,Active,gavel,only young people can hold it,This item can only be held by children.,0.33905315
142,exp01,recall,Active,iron,can dry anything ,This item can wrinkle any fabric.,0.27964205
142,exp01,recall,Active,shoppingcart,can carry anything,This item can move without being pushed.,0.3463534
142,exp01,recall,Active,gramophone,plays any music,This item can plays music backwards.,0.39886212
142,exp01,recall,Active,pear,makes you invisible,This item grants invisibility to anyone who bites it.,0.41465437
142,exp01,recall,Active,frame,can see anything ,This item can only be used for black and white photographs.,0.12852469
142,exp01,recall,Active,hanger,can hold any clothes,This item instantly appears with the outfit of your choice.,0.13678348
142,exp01,recall,Active,alarmclock,tells people the future,This item only goes off after you wake up.,0.17859602
142,exp01,recall,Active,microscope,can see everything ,This item physically enlarges any object it focuses on.,0.10778783
142,exp01,recall,Active,straightener,can straighten ,This item gets colder the longer its left on.,0.018865082
142,exp01,recall,Active,binoculars,can see anything,This item can be used to see through any object.,0.2891054
142,exp01,recall,Active,broom,can make you fly,This item collects more dust the more you sweep with it.,0.063839585
142,exp01,recall,Active,milkshake,makes you fly,This item tastes like anything you wish for it to taste like.,0.13649419
142,exp01,recall,Active,doghouse,shelter,This item adapts to fit the size of any dog that sits in it.,0.06360712
142,exp01,recall,Active,pen,write the future,This item can only write in invisible ink.,0.12520826
142,exp01,recall,Active,starfish,can grow,"This item can be used to wish for anything, but only once.",0.15473448
142,exp01,recall,Active,tapemeasure,measure ,This item can measure an unlimited length.,0.2935501
143,exp01,recall,Active,walkietalkie,It has unlimited scope,This item has an unlimited range.,0.5292281
143,exp01,recall,Active,alarmclock,It only rings after you wake up\n,This item only goes off after you wake up.,0.48662072
143,exp01,recall,Active,starfish,It can be what you wish it to be\n,"This item can be used to wish for anything, but only once.",0.24774963
143,exp01,recall,Active,jug,It is unlimited no matter how much you poured,"This item never empties, no matter how much you pour out of it.",0.5075092
143,exp01,recall,Active,purse,contain anything you want,This item can only hold one item.,0.21084504
143,exp01,recall,Active,pretzel,,This item unknots and ties itself back together.,-0.08940366
143,exp01,recall,Active,gumballmachine,Gives you money back,This item dispenses candy that heals your jaw.,0.1226772
143,exp01,recall,Active,seashell,gives the sound of the city street,This item can be used to hear city streets.,0.5023811
143,exp01,recall,Active,milkshake,can have a flavor you want it to have\n,This item tastes like anything you wish for it to taste like.,0.4811076
143,exp01,recall,Active,laptop,can be used only without internet,This item works only in areas without internet connection.,0.55317175
143,exp01,recall,Active,wateringcan,sucks up water from plants\n,This item soaks up water from plants.,0.36679608
143,exp01,recall,Active,frame,only contain black and white pictures,This item can only be used for black and white photographs.,0.53430396
143,exp01,recall,Active,cereal,make you forget things quickly,This item makes you fall asleep if eaten.,0.22640756
143,exp01,recall,Active,microscope,physically magnify things,This item physically enlarges any object it focuses on.,0.4046783
143,exp01,recall,Active,pen,,This item can only write in invisible ink.,0.017243374
143,exp01,recall,Active,mailbox,,This item can receive mail from anywhere instantaneously.,-0.036302514
143,exp01,recall,Active,gramophone,it plays music backwards,This item can plays music backwards.,0.73342556
143,exp01,recall,Active,hairclip,it cannot be used on hair,This item can grasp everything except hair.,0.55467767
143,exp01,recall,Active,donut,,This item dissapears if you try to eat it.,-0.004117373
143,exp01,recall,Active,piggybank,it is full until you break it,"This item is full until you break it, then it becomes empty.",0.65642637
143,exp01,recall,Active,binoculars,it can see whatever you want to see,This item can be used to see through any object.,0.29768592
143,exp01,recall,Active,cactus,its leaves is useful,This item can contains tea within its arms.,0.25072873
143,exp01,recall,Active,applecore,it will turn into a tree when you throw it,"This item grows into any tree desired, if tossed.",0.48282993
143,exp01,recall,Active,toiletpaper,it cannot be torn,This item cannot be torn.,0.6957521
143,exp01,recall,Active,blender,it cannot split things,This item can be used to un-blend any slurry.,0.18680868
143,exp01,recall,Active,landline,,"This item can reach any number, but cannot be answered.",0.028453365
143,exp01,recall,Active,bikepump,it can only deflate things,This item is can only be used to deflate tires.,0.47186434
143,exp01,recall,Active,trumpet,it has only one note,This item can only play one note.,0.5857358
143,exp01,recall,Active,dogbowl,it can contain anything,This item fills up by itself.,0.27778858
143,exp01,recall,Active,straightener,it can become really cold,This item gets colder the longer its left on.,0.36222935
143,exp01,recall,Active,racquet,,"This item swings on its own, without human intervention.",-0.047514938
143,exp01,recall,Active,pear,when you eat it you will become invisible,This item grants invisibility to anyone who bites it.,0.37428427
143,exp01,recall,Active,feather,,This item can be used to tickle any animal.,-0.07342144
143,exp01,recall,Active,fishbowl,,"This item cannot spill water, no matter how much you shake it.",0.04009171
143,exp01,recall,Active,rubikscube,it will become scrambled when you use it,This item scrambles itself if you try to solve it.,0.36587125
143,exp01,recall,Active,shoppingcart,it will move when you dont push it,This item can move without being pushed.,0.49892616
143,exp01,recall,Active,skates,it can be used anywhere except on ice,This item can skate on any surface except ice.,0.5765326
143,exp01,recall,Active,doghouse,it can be the size of any dog,This item adapts to fit the size of any dog that sits in it.,0.7015253
143,exp01,recall,Active,paperairplane,it can fly to anywhere you toss,This item can fly to anywhere if you toss it.,0.7032914
143,exp01,recall,Active,tapemeasure,,This item can measure an unlimited length.,-0.059500217
143,exp01,recall,Active,gavel,only children can use it,This item can only be held by children.,0.49866727
143,exp01,recall,Active,ladle,,This item cannot hold any liquid.,0.013419785
143,exp01,recall,Active,remote,,This item can control any device that is not in the same room.,-0.021427523
143,exp01,recall,Active,camcorder,it has unlimited memory,This item has unlimited memory capacity.,0.7200643
144,exp01,recall,Active,mortarpestle,crushes anything\n,This item crushes anything with a single tap.,0.41061383
144,exp01,recall,Active,soccerball,rebounds\n,"This item can be kicked, but always rolls back to where it started.",-0.057571393
144,exp01,recall,Active,fishbowl,holds water,"This item cannot spill water, no matter how much you shake it.",0.30823207
144,exp01,recall,Active,remote,turns on something in another room,This item can control any device that is not in the same room.,0.40503994
144,exp01,recall,Active,seashell,hear the streets,This item can be used to hear city streets.,0.37195733
144,exp01,recall,Active,donut,turns into any food you want,This item dissapears if you try to eat it.,0.47156438
144,exp01,recall,Active,applecore,grows into a tree,"This item grows into any tree desired, if tossed.",0.38416737
144,exp01,recall,Active,alarmclock,rings after you wake up,This item only goes off after you wake up.,0.47900352
144,exp01,recall,Active,broom,collects dust,This item collects more dust the more you sweep with it.,0.5313432
144,exp01,recall,Active,paperairplane,flies,This item can fly to anywhere if you toss it.,0.24504031
144,exp01,recall,Active,straightener,turns cold,This item gets colder the longer its left on.,0.3945028
144,exp01,recall,Active,skates,skates on anything but ice,This item can skate on any surface except ice.,0.579883
144,exp01,recall,Active,trumpet,only has one note,This item can only play one note.,0.53641164
144,exp01,recall,Active,toiletpaper,not sure,This item cannot be torn.,0.052631922
144,exp01,recall,Active,pretzel,twists and untwists,This item unknots and ties itself back together.,0.17574923
144,exp01,recall,Active,frame,frames only black and white photos,This item can only be used for black and white photographs.,0.5262996
144,exp01,recall,Active,wateringcan,waters anything,This item soaks up water from plants.,0.2990585
144,exp01,recall,Active,ladle,doesn't hold liquid,This item cannot hold any liquid.,0.6665138
144,exp01,recall,Active,purse,only holds one item,This item can only hold one item.,0.6174531
144,exp01,recall,Active,mailbox,only recieves mail,This item can receive mail from anywhere instantaneously.,0.3750343
144,exp01,recall,Active,tapemeasure,measures any length,This item can measure an unlimited length.,0.43658745
144,exp01,recall,Active,racquet,not sure,"This item swings on its own, without human intervention.",0.004416346
144,exp01,recall,Active,piggybank,is empty when you break it,"This item is full until you break it, then it becomes empty.",0.6053474
144,exp01,recall,Active,feather,tickles,This item can be used to tickle any animal.,0.49269372
144,exp01,recall,Active,microscope,physically magnifies anything,This item physically enlarges any object it focuses on.,0.3549611
144,exp01,recall,Active,cactus,contains tea,This item can contains tea within its arms.,0.5197455
144,exp01,recall,Active,walkietalkie,recieves signal from anywhere,This item has an unlimited range.,0.1801448
144,exp01,recall,Active,dogbowl,not sure,This item fills up by itself.,-0.104068965
144,exp01,recall,Active,pear,you can eat it,This item grants invisibility to anyone who bites it.,0.05863432
144,exp01,recall,Active,rubikscube,scarmbles itself ,This item scrambles itself if you try to solve it.,0.12390496
144,exp01,recall,Active,hanger,can hang any outfit you want,This item instantly appears with the outfit of your choice.,0.42609096
145,exp01,recall,Active,doghouse,Something about shaping to the size of any dog who enters it.,This item adapts to fit the size of any dog that sits in it.,0.6418477
145,exp01,recall,Active,pear,Something about disappearing when you eat it.,This item grants invisibility to anyone who bites it.,0.14536321
145,exp01,recall,Active,purse,Can hold anything,This item can only hold one item.,0.33407414
145,exp01,recall,Active,milkshake,I don't remember,This item tastes like anything you wish for it to taste like.,-0.004906871
145,exp01,recall,Active,alarmclock,It always wakes you up,This item only goes off after you wake up.,0.5502576
145,exp01,recall,Active,toiletpaper,I don't remember,This item cannot be torn.,0.010175212
145,exp01,recall,Active,jug,Can fit any liquid amount,"This item never empties, no matter how much you pour out of it.",0.3383938
145,exp01,recall,Active,mailbox,Can always obtain mail from far away,This item can receive mail from anywhere instantaneously.,0.54752475
145,exp01,recall,Active,piggybank,Can hold any amount of money,"This item is full until you break it, then it becomes empty.",0.2005949
145,exp01,recall,Active,skates,Can skate on any surface apart from ice,This item can skate on any surface except ice.,0.871024
145,exp01,recall,Active,broom,I don't remember,This item collects more dust the more you sweep with it.,-0.13160776
145,exp01,recall,Active,wateringcan,Can instantly grow plants,This item soaks up water from plants.,0.33721185
145,exp01,recall,Active,binoculars,Can see anything really far away,This item can be used to see through any object.,0.30576277
145,exp01,recall,Active,walkietalkie,I don't remember,This item has an unlimited range.,-0.031924836
145,exp01,recall,Active,donut,disappears when you eat it,This item dissapears if you try to eat it.,0.6397655
145,exp01,recall,Active,straightener,I don't remember,This item gets colder the longer its left on.,-0.02843821
145,exp01,recall,Active,laptop,Only works in a place without network connection,This item works only in areas without internet connection.,0.5798795
145,exp01,recall,Active,hanger,This item always shows up with your outfit,This item instantly appears with the outfit of your choice.,0.7255771
145,exp01,recall,Active,fishbowl,This item can hold unlimited water,"This item cannot spill water, no matter how much you shake it.",0.45527327
145,exp01,recall,Active,dogbowl,I don't remember,This item fills up by itself.,0.024806235
145,exp01,recall,Active,gramophone,Can play music extremely loud,This item can plays music backwards.,0.43656844
145,exp01,recall,Active,trumpet,Can play music quietly,This item can only play one note.,0.33392426
145,exp01,recall,Active,ladle,Can scoop up anything,This item cannot hold any liquid.,0.24806038
145,exp01,recall,Active,racquet,Can be used without anyone near it,"This item swings on its own, without human intervention.",0.2611505
145,exp01,recall,Active,hairclip,Can grab anything but hair,This item can grasp everything except hair.,0.62247276
145,exp01,recall,Active,gumballmachine,I don't remember,This item dispenses candy that heals your jaw.,-0.003075146
145,exp01,recall,Active,blender,Can dispense any liquid,This item can be used to un-blend any slurry.,0.35667515
145,exp01,recall,Active,soccerball,Can't be kicked,"This item can be kicked, but always rolls back to where it started.",0.47659516
145,exp01,recall,Active,applecore,Can not be thrown away after eaten,"This item grows into any tree desired, if tossed.",0.098157935
145,exp01,recall,Active,microscope,Can be used to see things really far away,This item physically enlarges any object it focuses on.,0.21107642
145,exp01,recall,Active,landline,Can call anyone,"This item can reach any number, but cannot be answered.",0.19148818
145,exp01,recall,Active,feather,I don't remember,This item can be used to tickle any animal.,-0.06444718
145,exp01,recall,Active,camcorder,Can record in ultra-high quality,This item has unlimited memory capacity.,0.20062838
145,exp01,recall,Active,iron,Can release any wrinkles,This item can wrinkle any fabric.,0.54578024
145,exp01,recall,Active,rubikscube,Scrambles anytime it is used,This item scrambles itself if you try to solve it.,0.2596951
145,exp01,recall,Active,remote,Can be used to control anything,This item can control any device that is not in the same room.,0.3499758
145,exp01,recall,Active,cereal,Can be consumed by anything,This item makes you fall asleep if eaten.,0.27486333
145,exp01,recall,Active,frame,Can be used to see anything in black and white,This item can only be used for black and white photographs.,0.5565116
145,exp01,recall,Active,paperairplane,Can fly anywhere,This item can fly to anywhere if you toss it.,0.5392197
145,exp01,recall,Active,seashell,Can be used to hear anything from far away,This item can be used to hear city streets.,0.30874664
145,exp01,recall,Active,shoppingcart,Can not be moved,This item can move without being pushed.,0.43540102
145,exp01,recall,Active,bowlingball,Can be rolled on any surface,This item weighs whatever weight you choose it to weigh.,0.15486822
145,exp01,recall,Active,pretzel,Can cross anything,This item unknots and ties itself back together.,0.090220585
145,exp01,recall,Active,starfish,I don't remember,"This item can be used to wish for anything, but only once.",0.020258322
146,exp01,recall,Active,soccerball,can only be kicked once\n,"This item can be kicked, but always rolls back to where it started.",0.43378887
146,exp01,recall,Active,jug,"never empties, no matter how much you pour out","This item never empties, no matter how much you pour out of it.",0.8115337
146,exp01,recall,Active,purse,can carry a lot,This item can only hold one item.,0.21615532
146,exp01,recall,Active,shoppingcart,rolls without pushing,This item can move without being pushed.,0.30779886
146,exp01,recall,Active,milkshake,never empties,This item tastes like anything you wish for it to taste like.,0.14113392
146,exp01,recall,Active,fishbowl,cleans itself,"This item cannot spill water, no matter how much you shake it.",0.27447063
146,exp01,recall,Active,starfish,idk,"This item can be used to wish for anything, but only once.",0.037434492
146,exp01,recall,Active,racquet,swings itself,"This item swings on its own, without human intervention.",0.35066384
146,exp01,recall,Active,piggybank,full until you break it,"This item is full until you break it, then it becomes empty.",0.5461147
146,exp01,recall,Active,microscope,idk,This item physically enlarges any object it focuses on.,-0.029934164
146,exp01,recall,Active,applecore,i forget,"This item grows into any tree desired, if tossed.",-0.05688085
146,exp01,recall,Active,trumpet,i forget,This item can only play one note.,0.008787584
146,exp01,recall,Active,skates,can use on any surface except ice,This item can skate on any surface except ice.,0.75130147
146,exp01,recall,Active,frame,can frame old pictures only,This item can only be used for black and white photographs.,0.45903385
146,exp01,recall,Active,feather,can tickle any animal,This item can be used to tickle any animal.,0.7994819
146,exp01,recall,Active,iron,can wrinkle any item,This item can wrinkle any fabric.,0.72079057
146,exp01,recall,Active,gavel,i forget,This item can only be held by children.,-0.024735551
146,exp01,recall,Active,donut,i forget ,This item dissapears if you try to eat it.,0.05235475
146,exp01,recall,Active,toiletpaper,never runs out,This item cannot be torn.,0.1477168
146,exp01,recall,Active,walkietalkie,unlimited range,This item has an unlimited range.,0.55766034
146,exp01,recall,Active,mortarpestle,can crush any item with one pound,This item crushes anything with a single tap.,0.43158492
146,exp01,recall,Active,remote,can control any item not in the same room,This item can control any device that is not in the same room.,0.75349087
146,exp01,recall,Active,tapemeasure,infinite length,This item can measure an unlimited length.,0.52923656
146,exp01,recall,Active,seashell,used to hear city noises,This item can be used to hear city streets.,0.36131257
146,exp01,recall,Active,rubikscube,scrambles itself when you try to solve it,This item scrambles itself if you try to solve it.,0.7198677
146,exp01,recall,Active,gramophone,can play music backward,This item can plays music backwards.,0.65540916
146,exp01,recall,Active,paperairplane,can fly forever,This item can fly to anywhere if you toss it.,0.4738646
146,exp01,recall,Active,straightener,can cool any item down,This item gets colder the longer its left on.,0.30862284
146,exp01,recall,Active,laptop,don't remember,This item works only in areas without internet connection.,0.001292624
146,exp01,recall,Active,ladle,i don't remember,This item cannot hold any liquid.,0.042650625
146,exp01,recall,Active,blender,can unblend anything,This item can be used to un-blend any slurry.,0.32538542
146,exp01,recall,Active,binoculars,infinite range,This item can be used to see through any object.,0.07924477
146,exp01,recall,Active,alarmclock,,This item only goes off after you wake up.,-0.003232095
146,exp01,recall,Active,cactus,,This item can contains tea within its arms.,-0.04595695
146,exp01,recall,Active,landline,"can call anywhere, but can't be picked up","This item can reach any number, but cannot be answered.",0.38463956
146,exp01,recall,Active,camcorder,infinite memory,This item has unlimited memory capacity.,0.5634002
146,exp01,recall,Active,pretzel,tangles everytime you untangle,This item unknots and ties itself back together.,0.1332992
146,exp01,recall,Active,dogbowl,,This item fills up by itself.,-0.030405285
146,exp01,recall,Active,cereal,never empties\n,This item makes you fall asleep if eaten.,0.007179521
146,exp01,recall,Active,hanger,makes perfect outfit,This item instantly appears with the outfit of your choice.,0.47738224
224,exp01,recall,Passive,shoppingcart,unsure,This item can move without being pushed.,-0.07728568
224,exp01,recall,Passive,wateringcan,absorbs water from plants,This item soaks up water from plants.,0.7302774
224,exp01,recall,Passive,gavel,unsure,This item can only be held by children.,-0.058185436
224,exp01,recall,Passive,blender,can unblend any slushie,This item can be used to un-blend any slurry.,0.35229164
224,exp01,recall,Passive,microscope,physically enlarges whatever it focuses on,This item physically enlarges any object it focuses on.,0.5979341
224,exp01,recall,Passive,trumpet,unsure,This item can only play one note.,-0.026303202
224,exp01,recall,Passive,toiletpaper,cannot be torn,This item cannot be torn.,0.6498354
224,exp01,recall,Passive,gumballmachine,unsure,This item dispenses candy that heals your jaw.,-0.021584451
224,exp01,recall,Passive,bikepump,unsure,This item is can only be used to deflate tires.,-0.09455888
224,exp01,recall,Passive,seashell,can be used to listen to the city streets,This item can be used to hear city streets.,0.73367405
224,exp01,recall,Passive,racquet,swings on its own,"This item swings on its own, without human intervention.",0.45882565
224,exp01,recall,Passive,fishbowl,cannot be spilled no matter how hard you shake it,"This item cannot spill water, no matter how much you shake it.",0.69260025
224,exp01,recall,Passive,paperairplane,will fly to wherever you want once thrown,This item can fly to anywhere if you toss it.,0.5605124
224,exp01,recall,Passive,broom,unsure,This item collects more dust the more you sweep with it.,-0.0820001
224,exp01,recall,Passive,doghouse,doghouse can adjust to any size of a dog,This item adapts to fit the size of any dog that sits in it.,0.6266626
224,exp01,recall,Passive,rubikscube,unsure,This item scrambles itself if you try to solve it.,-0.10104431
224,exp01,recall,Passive,tapemeasure,can be extended to any length,This item can measure an unlimited length.,0.6208849
224,exp01,recall,Passive,cereal,unsure,This item makes you fall asleep if eaten.,-0.062887385
224,exp01,recall,Passive,bowlingball,can have whatever weight you want it to,This item weighs whatever weight you choose it to weigh.,0.57960594
224,exp01,recall,Passive,piggybank,is full but is empty when you break it,"This item is full until you break it, then it becomes empty.",0.67318404
224,exp01,recall,Passive,feather,can be used to bring you anywhere,This item can be used to tickle any animal.,0.26664522
224,exp01,recall,Passive,skates,unsure,This item can skate on any surface except ice.,-0.029208077
224,exp01,recall,Passive,donut,unsure,This item dissapears if you try to eat it.,-0.07376714
224,exp01,recall,Passive,applecore,unsure,"This item grows into any tree desired, if tossed.",-0.08070153
224,exp01,recall,Passive,landline,unsure,"This item can reach any number, but cannot be answered.",0.038176343
224,exp01,recall,Passive,frame,unsure,This item can only be used for black and white photographs.,-0.010026502
224,exp01,recall,Passive,remote,can control any device that isnt in the same room,This item can control any device that is not in the same room.,0.8122136
224,exp01,recall,Passive,ladle,cant hold any liquid,This item cannot hold any liquid.,0.73639584
224,exp01,recall,Passive,mortarpestle,can crush anything,This item crushes anything with a single tap.,0.41417634
224,exp01,recall,Passive,starfish,unsure,"This item can be used to wish for anything, but only once.",-0.13035654
224,exp01,recall,Passive,alarmclock,unsure,This item only goes off after you wake up.,-0.057943135
224,exp01,recall,Passive,mailbox,unsure,This item can receive mail from anywhere instantaneously.,-0.07547145
224,exp01,recall,Passive,milkshake,unsure,This item tastes like anything you wish for it to taste like.,-0.08158158
225,exp01,recall,Passive,bowlingball,to bowl\n,This item weighs whatever weight you choose it to weigh.,-0.05839092
225,exp01,recall,Passive,binoculars,to see far things\n,This item can be used to see through any object.,0.095080934
225,exp01,recall,Passive,gramophone,music\n,This item can plays music backwards.,0.003156811
225,exp01,recall,Passive,trumpet,music\n,This item can only play one note.,-0.028210789
225,exp01,recall,Passive,dogbowl,music,This item fills up by itself.,0.0915327
225,exp01,recall,Passive,camcorder,to see,This item has unlimited memory capacity.,-0.09014719
225,exp01,recall,Passive,pretzel,eat it,This item unknots and ties itself back together.,0.04497124
225,exp01,recall,Passive,shoppingcart,shop,This item can move without being pushed.,-0.010075033
225,exp01,recall,Passive,purse,carry things\n,This item can only hold one item.,0.14451024
225,exp01,recall,Passive,starfish,not sure,"This item can be used to wish for anything, but only once.",-0.058157526
225,exp01,recall,Passive,landline,talk with people,"This item can reach any number, but cannot be answered.",0.018765561
225,exp01,recall,Passive,applecore,eat,"This item grows into any tree desired, if tossed.",0.008697907
225,exp01,recall,Passive,mortarpestle,,This item crushes anything with a single tap.,-0.015745107
225,exp01,recall,Passive,mailbox,,This item can receive mail from anywhere instantaneously.,-0.036302514
225,exp01,recall,Passive,walkietalkie,to talk,This item has an unlimited range.,-0.09682372
225,exp01,recall,Passive,rubikscube,game,This item scrambles itself if you try to solve it.,0.06679422
225,exp01,recall,Passive,milkshake,eat,This item tastes like anything you wish for it to taste like.,0.12356486
225,exp01,recall,Passive,hanger,to hang clothes,This item instantly appears with the outfit of your choice.,0.11449358
225,exp01,recall,Passive,broom,sweep,This item collects more dust the more you sweep with it.,0.32600257
225,exp01,recall,Passive,donut,eat,This item dissapears if you try to eat it.,0.32528642
225,exp01,recall,Passive,soccerball,soccer,"This item can be kicked, but always rolls back to where it started.",0.04464956
225,exp01,recall,Passive,bikepump,,This item is can only be used to deflate tires.,-0.001429157
229,exp01,recall,Passive,dogbowl,can never get it filled up  ,This item fills up by itself.,0.40307558
229,exp01,recall,Passive,seashell,unsure,This item can be used to hear city streets.,-0.08398323
229,exp01,recall,Passive,ladle,unsure,This item cannot hold any liquid.,-0.00462813
229,exp01,recall,Passive,pretzel,the knots ties itself,This item unknots and ties itself back together.,0.44039595
229,exp01,recall,Passive,pear,grants invisibility to the person that eats it,This item grants invisibility to anyone who bites it.,0.6673529
229,exp01,recall,Passive,landline,can dial the number but no one picks up,"This item can reach any number, but cannot be answered.",0.49468875
229,exp01,recall,Passive,soccerball,unsure,"This item can be kicked, but always rolls back to where it started.",-0.047001764
229,exp01,recall,Passive,feather,unsure,This item can be used to tickle any animal.,-0.105325855
229,exp01,recall,Passive,straightener,the longer its turned on the cooler it gets,This item gets colder the longer its left on.,0.5789334
229,exp01,recall,Passive,gavel,only children can hold on to it,This item can only be held by children.,0.53907526
229,exp01,recall,Passive,frame,only frames black and white pictures,This item can only be used for black and white photographs.,0.48221678
229,exp01,recall,Passive,milkshake,unsure,This item tastes like anything you wish for it to taste like.,-0.08158158
229,exp01,recall,Passive,microscope,enlarges everything it can see,This item physically enlarges any object it focuses on.,0.30822638
229,exp01,recall,Passive,hairclip,can grasp everything but hair,This item can grasp everything except hair.,0.7925309
229,exp01,recall,Passive,purse,can contain everything,This item can only hold one item.,0.2746098
229,exp01,recall,Passive,paperairplane,fly to everywhere,This item can fly to anywhere if you toss it.,0.4078413
229,exp01,recall,Passive,remote,unsure,This item can control any device that is not in the same room.,-0.029217511
229,exp01,recall,Passive,binoculars,can see everything through the lens no matter how far it is,This item can be used to see through any object.,0.39809844
229,exp01,recall,Passive,rubikscube,mixes itself ,This item scrambles itself if you try to solve it.,0.05714141
229,exp01,recall,Passive,donut,unsure\n,This item dissapears if you try to eat it.,-0.043884598
229,exp01,recall,Passive,cactus,makes tea in its arms,This item can contains tea within its arms.,0.6292869
229,exp01,recall,Passive,toiletpaper,wipes everything,This item cannot be torn.,0.13608572
229,exp01,recall,Passive,racquet,unsure,"This item swings on its own, without human intervention.",-0.036380377
230,exp01,recall,Passive,seashell,I forgot,This item can be used to hear city streets.,-0.0379543
230,exp01,recall,Passive,milkshake,I forgot,This item tastes like anything you wish for it to taste like.,-0.06317729
230,exp01,recall,Passive,bowlingball,It can weigh whatever you want it to weigh,This item weighs whatever weight you choose it to weigh.,0.74992216
230,exp01,recall,Passive,gavel,I forgot,This item can only be held by children.,-0.022899838
230,exp01,recall,Passive,broom,I forgot\n,This item collects more dust the more you sweep with it.,-0.045693222
230,exp01,recall,Passive,starfish,i forgot,"This item can be used to wish for anything, but only once.",0.045184925
230,exp01,recall,Passive,microscope,i forgot\n,This item physically enlarges any object it focuses on.,-0.101311296
230,exp01,recall,Passive,gramophone,i forgot\n,This item can plays music backwards.,0.005495316
230,exp01,recall,Passive,cereal,i forgot\n,This item makes you fall asleep if eaten.,0.004031239
230,exp01,recall,Passive,straightener,i forgot\n,This item gets colder the longer its left on.,-0.15794866
230,exp01,recall,Passive,piggybank,i forgot,"This item is full until you break it, then it becomes empty.",-0.01886918
230,exp01,recall,Passive,rubikscube,i forgot,This item scrambles itself if you try to solve it.,0.027226413
230,exp01,recall,Passive,paperairplane,i forgot,This item can fly to anywhere if you toss it.,-0.007048987
230,exp01,recall,Passive,purse,i forgot,This item can only hold one item.,0.07428759
238,exp01,recall,Passive,pear,can change shape,This item grants invisibility to anyone who bites it.,-0.061139382
238,exp01,recall,Passive,ladle,can scoop anything,This item cannot hold any liquid.,0.25886276
238,exp01,recall,Passive,rubikscube,solve anything,This item scrambles itself if you try to solve it.,0.26628307
238,exp01,recall,Passive,applecore,taste like what you want to taste,"This item grows into any tree desired, if tossed.",0.10531473
238,exp01,recall,Passive,bikepump,pump air into body,This item is can only be used to deflate tires.,0.17395297
238,exp01,recall,Passive,starfish,attach to anything,"This item can be used to wish for anything, but only once.",0.08772077
238,exp01,recall,Passive,donut,can make you eat anything,This item dissapears if you try to eat it.,0.45482716
238,exp01,recall,Passive,doghouse,can turn into an actual big house,This item adapts to fit the size of any dog that sits in it.,0.21185453
238,exp01,recall,Passive,bowlingball,roll back to where it first originally came from,This item weighs whatever weight you choose it to weigh.,-0.02008409
238,exp01,recall,Passive,binoculars,allow you to see the stars in detail,This item can be used to see through any object.,0.12745433
238,exp01,recall,Passive,milkshake,taste like what you want it to taste like,This item tastes like anything you wish for it to taste like.,0.81822443
238,exp01,recall,Passive,mailbox,brings anything you want it to bring,This item can receive mail from anywhere instantaneously.,0.16963285
238,exp01,recall,Passive,racquet,catches all bugs in room,"This item swings on its own, without human intervention.",0.106921464
238,exp01,recall,Passive,tapemeasure,extends infinitely,This item can measure an unlimited length.,0.24318111
238,exp01,recall,Passive,walkietalkie,allow you to hear and talk from extreme distances,This item has an unlimited range.,0.15698336
238,exp01,recall,Passive,soccerball,rolls back to where you started,"This item can be kicked, but always rolls back to where it started.",0.45195523
238,exp01,recall,Passive,pretzel,can turn you into anything,This item unknots and ties itself back together.,0.009859245
238,exp01,recall,Passive,iron,iron every wrinkle on anything,This item can wrinkle any fabric.,0.448331
238,exp01,recall,Passive,trumpet,make any noise you want,This item can only play one note.,-0.019051025
238,exp01,recall,Passive,straightener,straighten without burning,This item gets colder the longer its left on.,0.08150107
238,exp01,recall,Passive,camcorder,capture unrealistic and imagination,This item has unlimited memory capacity.,0.113206595
238,exp01,recall,Passive,broom,broom and clean any surface,This item collects more dust the more you sweep with it.,0.3654657
238,exp01,recall,Passive,mortarpestle,calm any mental state,This item crushes anything with a single tap.,0.06634712
238,exp01,recall,Passive,hanger,hang anything,This item instantly appears with the outfit of your choice.,-0.000643433
238,exp01,recall,Passive,wateringcan,water everything in one go,This item soaks up water from plants.,0.30032027
238,exp01,recall,Passive,frame,picture frame any moment,This item can only be used for black and white photographs.,0.24262416
238,exp01,recall,Passive,feather,fly anywhere,This item can be used to tickle any animal.,0.06107767
238,exp01,recall,Passive,alarmclock,only rings after you've woken up,This item only goes off after you wake up.,0.5347613
238,exp01,recall,Passive,skates,take you anywhere,This item can skate on any surface except ice.,-0.009695029
238,exp01,recall,Passive,purse,store any amount,This item can only hold one item.,0.22650787
238,exp01,recall,Passive,microscope,see anything in close detail,This item physically enlarges any object it focuses on.,0.16751584
239,exp01,recall,Passive,walkietalkie,,This item has an unlimited range.,-0.011129776
239,exp01,recall,Passive,cactus,,This item can contains tea within its arms.,-0.04595695
239,exp01,recall,Passive,trumpet,Play music \n,This item can only play one note.,0.17267601
239,exp01,recall,Passive,purse,To hold items ,This item can only hold one item.,0.3402778
239,exp01,recall,Passive,toiletpaper,,This item cannot be torn.,0.021162901
239,exp01,recall,Passive,frame,To frame images,This item can only be used for black and white photographs.,0.23955806
239,exp01,recall,Passive,piggybank,For decor,"This item is full until you break it, then it becomes empty.",0.013422916
239,exp01,recall,Passive,racquet,,"This item swings on its own, without human intervention.",-0.047514938
239,exp01,recall,Passive,rubikscube,,This item scrambles itself if you try to solve it.,0.01471976
239,exp01,recall,Passive,donut,,This item dissapears if you try to eat it.,-0.004117373
239,exp01,recall,Passive,camcorder,To take photos\n,This item has unlimited memory capacity.,-0.061366625
239,exp01,recall,Passive,broom,To dust and clean the art room\n,This item collects more dust the more you sweep with it.,0.33254415
239,exp01,recall,Passive,tapemeasure,,This item can measure an unlimited length.,-0.059500217
239,exp01,recall,Passive,starfish,,"This item can be used to wish for anything, but only once.",-0.024965335
239,exp01,recall,Passive,feather,,This item can be used to tickle any animal.,-0.07342144
239,exp01,recall,Passive,laptop,to collect and track data\n,This item works only in areas without internet connection.,-0.10805823
239,exp01,recall,Passive,applecore,,"This item grows into any tree desired, if tossed.",-0.0684176
239,exp01,recall,Passive,gramophone,to release noise ,This item can plays music backwards.,0.043626733
239,exp01,recall,Passive,microscope,,This item physically enlarges any object it focuses on.,-0.055728495
239,exp01,recall,Passive,seashell,,This item can be used to hear city streets.,-0.037293687
239,exp01,recall,Passive,shoppingcart,,This item can move without being pushed.,-0.061893344
240,exp01,recall,Passive,laptop,Allows us to access to the internet,This item works only in areas without internet connection.,0.2540515
240,exp01,recall,Passive,blender,Mixes ingredients ,This item can be used to un-blend any slurry.,-0.029727291
240,exp01,recall,Passive,walkietalkie,Communicate ,This item has an unlimited range.,-0.10916887
240,exp01,recall,Passive,iron,gets ride of wrinkles on clothing,This item can wrinkle any fabric.,0.49478427
240,exp01,recall,Passive,gramophone,plays music,This item can plays music backwards.,0.4045761
240,exp01,recall,Passive,feather,allows birds to stay warm,This item can be used to tickle any animal.,0.31103963
240,exp01,recall,Passive,straightener,helps one to style hair with heat,This item gets colder the longer its left on.,0.17076486
240,exp01,recall,Passive,pen,write letter,This item can only write in invisible ink.,0.2009359
240,exp01,recall,Passive,remote,control tv,This item can control any device that is not in the same room.,0.24148291
240,exp01,recall,Passive,toiletpaper,wipe ,This item cannot be torn.,0.07521869
240,exp01,recall,Passive,donut,tastes sweet,This item dissapears if you try to eat it.,0.23416561
240,exp01,recall,Passive,shoppingcart,store grocery items while shopping,This item can move without being pushed.,0.16673577
240,exp01,recall,Passive,tapemeasure,measure,This item can measure an unlimited length.,0.2935501
240,exp01,recall,Passive,mortarpestle,mix ingredients,This item crushes anything with a single tap.,-0.036374725
240,exp01,recall,Passive,racquet,play tennis,"This item swings on its own, without human intervention.",0.01956001
240,exp01,recall,Passive,soccerball,rolls ,"This item can be kicked, but always rolls back to where it started.",0.32215768
240,exp01,recall,Passive,bowlingball,allows to play bowling,This item weighs whatever weight you choose it to weigh.,0.11508368
240,exp01,recall,Passive,mailbox,stores letters,This item can receive mail from anywhere instantaneously.,0.12968078
240,exp01,recall,Passive,applecore,tastes sweet,"This item grows into any tree desired, if tossed.",0.002862922
240,exp01,recall,Passive,hanger,hang clothings,This item instantly appears with the outfit of your choice.,0.092784055
240,exp01,recall,Passive,pear,can be grown ,This item grants invisibility to anyone who bites it.,-0.104444996
240,exp01,recall,Passive,cactus,can hurt your fingers,This item can contains tea within its arms.,0.18320915
240,exp01,recall,Passive,jug,store liquids,"This item never empties, no matter how much you pour out of it.",0.20204443
240,exp01,recall,Passive,pretzel,reduce hunger,This item unknots and ties itself back together.,-0.026087165
240,exp01,recall,Passive,frame,frame artworks,This item can only be used for black and white photographs.,0.13067551
240,exp01,recall,Passive,trumpet,plays music,This item can only play one note.,0.23944584
240,exp01,recall,Passive,paperairplane,can fly,This item can fly to anywhere if you toss it.,0.4214076
240,exp01,recall,Passive,camcorder,record videos ,This item has unlimited memory capacity.,0.08779943
240,exp01,recall,Passive,seashell,can be used as room decoration,This item can be used to hear city streets.,0.24523538
240,exp01,recall,Passive,purse,enhance your fashion,This item can only hold one item.,0.014948784
240,exp01,recall,Passive,ladle,helps cook soup,This item cannot hold any liquid.,0.096942425
240,exp01,recall,Passive,cereal,can make you feel full,This item makes you fall asleep if eaten.,0.31847465
240,exp01,recall,Passive,broom,can clean floors,This item collects more dust the more you sweep with it.,0.21966025
240,exp01,recall,Passive,binoculars,helps to see something in the distant,This item can be used to see through any object.,0.2784561
240,exp01,recall,Passive,milkshake,can make you thirsty,This item tastes like anything you wish for it to taste like.,0.26054192
240,exp01,recall,Passive,alarmclock,wakes you up in the morning,This item only goes off after you wake up.,0.51691973
240,exp01,recall,Passive,wateringcan,waters flowers,This item soaks up water from plants.,0.33135727
240,exp01,recall,Passive,starfish,can be used for making bracelet ,"This item can be used to wish for anything, but only once.",0.2560537
240,exp01,recall,Passive,microscope,allows us to see cells,This item physically enlarges any object it focuses on.,0.045631286
240,exp01,recall,Passive,gumballmachine,can store candies\n,This item dispenses candy that heals your jaw.,0.06879821
240,exp01,recall,Passive,landline,can call or receive calls ,"This item can reach any number, but cannot be answered.",0.18554363
240,exp01,recall,Passive,piggybank,can store coins,"This item is full until you break it, then it becomes empty.",0.11378848
240,exp01,recall,Passive,rubikscube,makes you concentrate,This item scrambles itself if you try to solve it.,0.21840617
235,exp01,recall,Passive,seashell,Can emulate the sound of the ocean,This item can be used to hear city streets.,0.25754985
235,exp01,recall,Passive,donut,will disappear when you try to eat it,This item dissapears if you try to eat it.,0.6843473
235,exp01,recall,Passive,gramophone,can play songs backwards,This item can plays music backwards.,0.611974
235,exp01,recall,Passive,bowlingball,rolls backwards,This item weighs whatever weight you choose it to weigh.,0.06910822
235,exp01,recall,Passive,mailbox,can hold one letter,This item can receive mail from anywhere instantaneously.,0.16086927
235,exp01,recall,Passive,fishbowl,will never release water even if you shake it,"This item cannot spill water, no matter how much you shake it.",0.67011917
235,exp01,recall,Passive,microscope,can see very small things,This item physically enlarges any object it focuses on.,0.1339022
235,exp01,recall,Passive,pear,can be eaten in one bite,This item grants invisibility to anyone who bites it.,0.15021193
235,exp01,recall,Passive,purse,can only hold one item,This item can only hold one item.,0.79024696
235,exp01,recall,Passive,milkshake,will never disappear,This item tastes like anything you wish for it to taste like.,0.06765732
235,exp01,recall,Passive,hairclip,cannot hold hair,This item can grasp everything except hair.,0.5062337
235,exp01,recall,Passive,camcorder,can record an infinite amount of videos,This item has unlimited memory capacity.,0.2721924
235,exp01,recall,Passive,racquet,can be swung very easily,"This item swings on its own, without human intervention.",0.14363423
235,exp01,recall,Passive,hanger,can only hang shirts,This item instantly appears with the outfit of your choice.,0.14782962
235,exp01,recall,Passive,doghouse,can adapt to the size of any dog that goes in it,This item adapts to fit the size of any dog that sits in it.,0.7889388
235,exp01,recall,Passive,feather,can make you float,This item can be used to tickle any animal.,0.22149828
235,exp01,recall,Passive,walkietalkie,can't be used to talk,This item has an unlimited range.,0.12406974
235,exp01,recall,Passive,remote,can control certain items,This item can control any device that is not in the same room.,0.26073566
235,exp01,recall,Passive,cactus,goes away once you touch it,This item can contains tea within its arms.,0.17328641
235,exp01,recall,Passive,blender,,This item can be used to un-blend any slurry.,-0.062941775
235,exp01,recall,Passive,gavel,can hit very hard,This item can only be held by children.,0.04284492
235,exp01,recall,Passive,rubikscube,can be oriented in many ways,This item scrambles itself if you try to solve it.,0.05661973
235,exp01,recall,Passive,frame,item frame,This item can only be used for black and white photographs.,0.24659088
235,exp01,recall,Passive,laptop,can only be used when there is no internet,This item works only in areas without internet connection.,0.5496571
235,exp01,recall,Passive,landline,can only be used for one phone call,"This item can reach any number, but cannot be answered.",0.34883234
235,exp01,recall,Passive,binoculars,can see very far,This item can be used to see through any object.,0.25485432
235,exp01,recall,Passive,paperairplane,can fly,This item can fly to anywhere if you toss it.,0.4214076
235,exp01,recall,Passive,trumpet,plays notes slightly off,This item can only play one note.,0.36981088
235,exp01,recall,Passive,applecore,goes away after a bite,"This item grows into any tree desired, if tossed.",0.11610159
235,exp01,recall,Passive,soccerball,can roll indefinitely,"This item can be kicked, but always rolls back to where it started.",0.41722953
235,exp01,recall,Passive,alarmclock,keeps track of time,This item only goes off after you wake up.,0.23336087
235,exp01,recall,Passive,pretzel,can be knotted and unknotted,This item unknots and ties itself back together.,0.32887402
235,exp01,recall,Passive,straightener,used to clip things,This item gets colder the longer its left on.,-0.020842154
235,exp01,recall,Passive,starfish,sticks to things,"This item can be used to wish for anything, but only once.",-0.002522232
236,exp01,recall,Passive,seashell,can hear,This item can be used to hear city streets.,0.24045236
236,exp01,recall,Passive,soccerball,wont roll,"This item can be kicked, but always rolls back to where it started.",0.37067592
236,exp01,recall,Passive,donut,dont remember,This item dissapears if you try to eat it.,-0.04191654
236,exp01,recall,Passive,bikepump,can deflate only,This item is can only be used to deflate tires.,0.5310625
236,exp01,recall,Passive,ladle,cant hold liquid\n\n,This item cannot hold any liquid.,0.38120186
236,exp01,recall,Passive,piggybank,dont remember,"This item is full until you break it, then it becomes empty.",-0.019455694
236,exp01,recall,Passive,wateringcan,dont remember\n\n.,This item soaks up water from plants.,0.06496084
236,exp01,recall,Passive,racquet,cant hit,"This item swings on its own, without human intervention.",0.10722897
236,exp01,recall,Passive,starfish,cant remember,"This item can be used to wish for anything, but only once.",0.060834765
236,exp01,recall,Passive,remote,can control anything outside the room,This item can control any device that is not in the same room.,0.5430325
236,exp01,recall,Passive,doghouse,adjust to fit any dog,This item adapts to fit the size of any dog that sits in it.,0.60753345
236,exp01,recall,Passive,mailbox,dont remember,This item can receive mail from anywhere instantaneously.,-0.17878161
236,exp01,recall,Passive,bowlingball,dont remember,This item weighs whatever weight you choose it to weigh.,0.009253
236,exp01,recall,Passive,hairclip,dont remember,This item can grasp everything except hair.,-0.050501607
236,exp01,recall,Passive,jug,cant hold liquid\n,"This item never empties, no matter how much you pour out of it.",0.10107861
236,exp01,recall,Passive,hanger,picks any outfit for you,This item instantly appears with the outfit of your choice.,0.46809697
236,exp01,recall,Passive,camcorder,dont remember,This item has unlimited memory capacity.,0.08651188
236,exp01,recall,Passive,milkshake,dont remember,This item tastes like anything you wish for it to taste like.,0.016006581
236,exp01,recall,Passive,shoppingcart,dont remember,This item can move without being pushed.,-0.11795708
236,exp01,recall,Passive,microscope,dont remember,This item physically enlarges any object it focuses on.,-0.085446656
236,exp01,recall,Passive,rubikscube,self solving,This item scrambles itself if you try to solve it.,0.13646224
236,exp01,recall,Passive,skates,can ride on anything but ice,This item can skate on any surface except ice.,0.55555093
236,exp01,recall,Passive,tapemeasure,dontremember,This item can measure an unlimited length.,0.006706626
236,exp01,recall,Passive,alarmclock,only goes off after waking,This item only goes off after you wake up.,0.6566586
236,exp01,recall,Passive,feather,dont rememebr\n,This item can be used to tickle any animal.,-0.14893357
236,exp01,recall,Passive,landline,dont remember,"This item can reach any number, but cannot be answered.",-0.05353218
236,exp01,recall,Passive,frame,dont remember,This item can only be used for black and white photographs.,-0.02370042
236,exp01,recall,Passive,fishbowl,cant spill any liquid,"This item cannot spill water, no matter how much you shake it.",0.5477261
236,exp01,recall,Passive,dogbowl,dont remember,This item fills up by itself.,0.052464314
236,exp01,recall,Passive,applecore,dont remember,"This item grows into any tree desired, if tossed.",-0.11397156
236,exp01,recall,Passive,cactus,dont remember,This item can contains tea within its arms.,-0.12818387
236,exp01,recall,Passive,paperairplane,can fly,This item can fly to anywhere if you toss it.,0.4214076
236,exp01,recall,Passive,iron,can winkle any fabric,This item can wrinkle any fabric.,0.67193997
236,exp01,recall,Passive,mortarpestle,dont remember,This item crushes anything with a single tap.,0.13390517
228,exp01,recall,Passive,microscope,Helps you see things up close,This item physically enlarges any object it focuses on.,0.24920215
228,exp01,recall,Passive,rubikscube,It is impossible to solve,This item scrambles itself if you try to solve it.,0.32480368
228,exp01,recall,Passive,alarmclock,Can tell the time,This item only goes off after you wake up.,0.14393678
228,exp01,recall,Passive,shoppingcart,Can help you shop,This item can move without being pushed.,0.2245934
228,exp01,recall,Passive,trumpet,Can make cool sounds,This item can only play one note.,0.116115496
228,exp01,recall,Passive,bikepump,Can help you pump up your bike,This item is can only be used to deflate tires.,0.28801972
228,exp01,recall,Passive,seashell,Can hear the sounds of the ocean,This item can be used to hear city streets.,0.28270638
228,exp01,recall,Passive,iron,Can use it to get rid of wrinkles,This item can wrinkle any fabric.,0.5542705
228,exp01,recall,Passive,ladle,Can use it to move liquids,This item cannot hold any liquid.,0.5442525
228,exp01,recall,Passive,feather,Tickles things,This item can be used to tickle any animal.,0.46863306
228,exp01,recall,Passive,gramophone,Can hear old music,This item can plays music backwards.,0.46600854
228,exp01,recall,Passive,starfish,Its a star,"This item can be used to wish for anything, but only once.",0.23331305
228,exp01,recall,Passive,racquet,Swings without a human,"This item swings on its own, without human intervention.",0.4802336
228,exp01,recall,Passive,broom,Can dust dirt,This item collects more dust the more you sweep with it.,0.4017102
228,exp01,recall,Passive,donut,Its a donut,This item dissapears if you try to eat it.,0.21519518
228,exp01,recall,Passive,skates,Can skate,This item can skate on any surface except ice.,0.5334482
228,exp01,recall,Passive,applecore,Half eaten,"This item grows into any tree desired, if tossed.",-0.012148201
228,exp01,recall,Passive,binoculars,Can use it to see things,This item can be used to see through any object.,0.4883291
228,exp01,recall,Passive,hanger,Hangs clothes,This item instantly appears with the outfit of your choice.,0.12062159
228,exp01,recall,Passive,mailbox,Carries mail,This item can receive mail from anywhere instantaneously.,0.36045957
228,exp01,recall,Passive,piggybank,only children can play with,"This item is full until you break it, then it becomes empty.",0.0634858
228,exp01,recall,Passive,straightener,Get colder if you leave it on,This item gets colder the longer its left on.,0.5023937
228,exp01,recall,Passive,cactus,spikes things,This item can contains tea within its arms.,0.021863583
228,exp01,recall,Passive,walkietalkie,Can talk to people,This item has an unlimited range.,0.021837164
228,exp01,recall,Passive,hairclip,Holds hair,This item can grasp everything except hair.,0.41010827
228,exp01,recall,Passive,pear,Its like the apple,This item grants invisibility to anyone who bites it.,0.09318812
228,exp01,recall,Passive,purse,Can carry things,This item can only hold one item.,0.27977532
228,exp01,recall,Passive,blender,Blends things together,This item can be used to un-blend any slurry.,0.13551506
228,exp01,recall,Passive,remote,Controls the TV,This item can control any device that is not in the same room.,0.21857509
228,exp01,recall,Passive,doghouse,Holds a dog,This item adapts to fit the size of any dog that sits in it.,0.29179472
228,exp01,recall,Passive,milkshake,You can eat it,This item tastes like anything you wish for it to taste like.,0.2502612
228,exp01,recall,Passive,tapemeasure,Can measure unlimited distances,This item can measure an unlimited length.,0.57296073
228,exp01,recall,Passive,dogbowl,Dogs can eat out of it,This item fills up by itself.,0.05578414
228,exp01,recall,Passive,soccerball,Can extisgish fires,"This item can be kicked, but always rolls back to where it started.",0.10452817
231,exp01,recall,Passive,laptop,does not need internet\n,This item works only in areas without internet connection.,0.16807185
231,exp01,recall,Passive,starfish,can generate candy\n,"This item can be used to wish for anything, but only once.",0.16432449
231,exp01,recall,Passive,paperairplane,can fly to a desired location,This item can fly to anywhere if you toss it.,0.5208756
231,exp01,recall,Passive,pen,invisible ink,This item can only write in invisible ink.,0.66435695
231,exp01,recall,Passive,alarmclock,can change time,This item only goes off after you wake up.,0.10383939
231,exp01,recall,Passive,feather,can float indefinitely ,This item can be used to tickle any animal.,0.17221776
231,exp01,recall,Passive,pretzel,can unfold and fold,This item unknots and ties itself back together.,0.38778353
231,exp01,recall,Passive,gumballmachine,gives special candy,This item dispenses candy that heals your jaw.,0.3523665
231,exp01,recall,Passive,trumpet,plays music independently,This item can only play one note.,0.2614752
231,exp01,recall,Passive,remote,can turn things off,This item can control any device that is not in the same room.,0.13919348
231,exp01,recall,Passive,tapemeasure,capability to measure infinitely,This item can measure an unlimited length.,0.5187943
231,exp01,recall,Passive,fishbowl,self-preserving,"This item cannot spill water, no matter how much you shake it.",0.010649145
231,exp01,recall,Passive,seashell,can produce sound,This item can be used to hear city streets.,0.17653972
231,exp01,recall,Passive,gramophone,can play any sound,This item can plays music backwards.,0.35654202
231,exp01,recall,Passive,pear,grants special tasting powers,This item grants invisibility to anyone who bites it.,0.32872397
231,exp01,recall,Passive,skates,can skate on surfaces other than ice,This item can skate on any surface except ice.,0.8144798
231,exp01,recall,Passive,racquet,hits object without fault,"This item swings on its own, without human intervention.",0.3085177
231,exp01,recall,Passive,soccerball,rolls independently,"This item can be kicked, but always rolls back to where it started.",0.20940132
231,exp01,recall,Passive,mortarpestle,formulates random concotions,This item crushes anything with a single tap.,0.107639976
231,exp01,recall,Passive,doghouse,can adjust its size to fit anything,This item adapts to fit the size of any dog that sits in it.,0.4602137
231,exp01,recall,Passive,piggybank,holds an infinite amount of coins,"This item is full until you break it, then it becomes empty.",0.2387676
231,exp01,recall,Passive,cereal,bottomless ,This item makes you fall asleep if eaten.,0.12693153
231,exp01,recall,Passive,straightener,curls hair,This item gets colder the longer its left on.,-0.02269001
231,exp01,recall,Passive,binoculars,enhanced vision,This item can be used to see through any object.,0.13941893
231,exp01,recall,Passive,ladle,cannot hold any volume of liquid,This item cannot hold any liquid.,0.643982
231,exp01,recall,Passive,microscope,cannot see microscopically,This item physically enlarges any object it focuses on.,0.017313786
231,exp01,recall,Passive,frame,creates automatic paintings,This item can only be used for black and white photographs.,0.1917463
232,exp01,recall,Passive,gavel,Hits any surface,This item can only be held by children.,0.03688457
232,exp01,recall,Passive,bowlingball,Rolls backwards,This item weighs whatever weight you choose it to weigh.,0.06910823
232,exp01,recall,Passive,dogbowl,Rolls over anything,This item fills up by itself.,0.115778044
232,exp01,recall,Passive,trumpet,Only plays one note,This item can only play one note.,0.64539737
232,exp01,recall,Passive,starfish,Soaks up any water,"This item can be used to wish for anything, but only once.",0.024139136
232,exp01,recall,Passive,hairclip,Grabs things,This item can grasp everything except hair.,0.2051956
232,exp01,recall,Passive,feather,Can tickle any animal,This item can be used to tickle any animal.,0.7994819
232,exp01,recall,Passive,gramophone,Play music backwards,This item can plays music backwards.,0.48755255
232,exp01,recall,Passive,toiletpaper,rolls everywhere,This item cannot be torn.,0.13528684
232,exp01,recall,Passive,rubikscube,Mixes up the more times you touch it,This item scrambles itself if you try to solve it.,0.15913127
232,exp01,recall,Passive,laptop,no screen,This item works only in areas without internet connection.,0.1652795
232,exp01,recall,Passive,alarmclock,Tells time backwards,This item only goes off after you wake up.,0.21570942
232,exp01,recall,Passive,walkietalkie,Has no sound,This item has an unlimited range.,0.08480765
232,exp01,recall,Passive,pear,Goes back in time,This item grants invisibility to anyone who bites it.,-0.036621615
232,exp01,recall,Passive,fishbowl,one item,"This item cannot spill water, no matter how much you shake it.",0.11133096
232,exp01,recall,Passive,cactus,Gives tea,This item can contains tea within its arms.,0.42800784
232,exp01,recall,Passive,pen,Writes backwards,This item can only write in invisible ink.,0.324071
232,exp01,recall,Passive,ladle,Scoops pretzels,This item cannot hold any liquid.,-0.029200172
232,exp01,recall,Passive,skates,Doesnt skate,This item can skate on any surface except ice.,0.5380055
232,exp01,recall,Passive,wateringcan,Contains nothing,This item soaks up water from plants.,0.13317597
232,exp01,recall,Passive,purse,Can only hold one item,This item can only hold one item.,0.79024696
232,exp01,recall,Passive,iron,Only gives clothing wrinkles,This item can wrinkle any fabric.,0.47165483
232,exp01,recall,Passive,pretzel,Can't eat it,This item unknots and ties itself back together.,0.043703772
232,exp01,recall,Passive,racquet,has none,"This item swings on its own, without human intervention.",0.10563239
232,exp01,recall,Passive,piggybank,Can't jump,"This item is full until you break it, then it becomes empty.",0.07806454
232,exp01,recall,Passive,seashell,Can hear things,This item can be used to hear city streets.,0.29749724
232,exp01,recall,Passive,frame,has no picture,This item can only be used for black and white photographs.,0.20404595
232,exp01,recall,Passive,broom,Only collects dust,This item collects more dust the more you sweep with it.,0.510693
232,exp01,recall,Passive,gumballmachine,Solves sore throat,This item dispenses candy that heals your jaw.,0.19316936
232,exp01,recall,Passive,milkshake,Taste like anything you want,This item tastes like anything you wish for it to taste like.,0.742275
232,exp01,recall,Passive,applecore,eaten,"This item grows into any tree desired, if tossed.",-0.01206308
232,exp01,recall,Passive,straightener,dont know,This item gets colder the longer its left on.,-0.04370571
232,exp01,recall,Passive,donut,Disappears whenever you try to eat it,This item dissapears if you try to eat it.,0.6343206
232,exp01,recall,Passive,soccerball,Rolls back to wherever you kicked it from,"This item can be kicked, but always rolls back to where it started.",0.60204244
232,exp01,recall,Passive,bikepump,dont know,This item is can only be used to deflate tires.,-0.03292862
232,exp01,recall,Passive,microscope,examines things,This item physically enlarges any object it focuses on.,0.09924635
232,exp01,recall,Passive,hanger,hangs things,This item instantly appears with the outfit of your choice.,-0.002544109
232,exp01,recall,Passive,remote,can play anything,This item can control any device that is not in the same room.,0.1836002
232,exp01,recall,Passive,binoculars,sees everything,This item can be used to see through any object.,0.07788531
233,exp01,recall,Passive,cereal,i don't remember,This item makes you fall asleep if eaten.,-0.015465753
233,exp01,recall,Passive,broom,Collected more dust the more you swept with it,This item collects more dust the more you sweep with it.,0.7584604
233,exp01,recall,Passive,piggybank,is only useful until you break it,"This item is full until you break it, then it becomes empty.",0.48471895
233,exp01,recall,Passive,soccerball,always rolls back to where it started,"This item can be kicked, but always rolls back to where it started.",0.65408397
233,exp01,recall,Passive,ladle,can't hold any liquid.,This item cannot hold any liquid.,0.73639584
233,exp01,recall,Passive,donut,disappears when you try to eat it.,This item dissapears if you try to eat it.,0.6955327
233,exp01,recall,Passive,tapemeasure,has unlimited length,This item can measure an unlimited length.,0.5418246
233,exp01,recall,Passive,feather,I don't remember,This item can be used to tickle any animal.,-0.06444718
233,exp01,recall,Passive,mailbox,collects something (I don't really remember.),This item can receive mail from anywhere instantaneously.,0.018040141
233,exp01,recall,Passive,starfish,i don't remember.,"This item can be used to wish for anything, but only once.",0.020258317
233,exp01,recall,Passive,gavel,,This item can only be held by children.,-0.05464585
233,exp01,recall,Passive,alarmclock,only goes off after you wake up.,This item only goes off after you wake up.,0.7485633
233,exp01,recall,Passive,dogbowl,won't spill no matter how hard you shake it,This item fills up by itself.,0.1623413
233,exp01,recall,Passive,doghouse,,This item adapts to fit the size of any dog that sits in it.,-0.036802266
233,exp01,recall,Passive,paperairplane,flies to where you want to throw it.,This item can fly to anywhere if you toss it.,0.54253924
233,exp01,recall,Passive,walkietalkie,has unlimited range.,This item has an unlimited range.,0.6307178
233,exp01,recall,Passive,microscope,physically enlarges items placed on it.,This item physically enlarges any object it focuses on.,0.5124793
233,exp01,recall,Passive,fishbowl,"doesn't spill, no matter how hard you shake it.","This item cannot spill water, no matter how much you shake it.",0.7555989
233,exp01,recall,Passive,pen,only writes in invisible ink.,This item can only write in invisible ink.,0.7845422
233,exp01,recall,Passive,bikepump,can only deflate tires.,This item is can only be used to deflate tires.,0.7673218
233,exp01,recall,Passive,straightener,gets colder the longer you leave it on.,This item gets colder the longer its left on.,0.75616497
233,exp01,recall,Passive,blender,unblends purees.,This item can be used to un-blend any slurry.,0.09400338
233,exp01,recall,Passive,applecore,grows into any desired tree.,"This item grows into any tree desired, if tossed.",0.5864069
233,exp01,recall,Passive,bowlingball,can be any weight.,This item weighs whatever weight you choose it to weigh.,0.46160495
233,exp01,recall,Passive,remote,,This item can control any device that is not in the same room.,-0.021427516
233,exp01,recall,Passive,pretzel,,This item unknots and ties itself back together.,-0.08940366
233,exp01,recall,Passive,camcorder,has unlimited storage space.,This item has unlimited memory capacity.,0.5922243
233,exp01,recall,Passive,hanger,,This item instantly appears with the outfit of your choice.,-0.05757133
233,exp01,recall,Passive,gramophone,plays music backwards.,This item can plays music backwards.,0.6729888
233,exp01,recall,Passive,toiletpaper,can't tear.,This item cannot be torn.,0.3994337
233,exp01,recall,Passive,rubikscube,scrambles itself.,This item scrambles itself if you try to solve it.,0.27279317
233,exp01,recall,Passive,mortarpestle,grinds things in one go.,This item crushes anything with a single tap.,0.20239727
233,exp01,recall,Passive,seashell,plays the sound of the city when you press your ear to it.,This item can be used to hear city streets.,0.3615821
233,exp01,recall,Passive,hairclip,can grasp anything except for hair.,This item can grasp everything except hair.,0.7221561
233,exp01,recall,Passive,landline,can dial anything but you can't pick it up.,"This item can reach any number, but cannot be answered.",0.48450372
233,exp01,recall,Passive,laptop,only works in places with internet connection,This item works only in areas without internet connection.,0.6367996
233,exp01,recall,Passive,racquet,,"This item swings on its own, without human intervention.",-0.047514938
241,exp01,recall,Passive,dogbowl,Can hold things people eat.,This item fills up by itself.,0.18927485
241,exp01,recall,Passive,iron,,This item can wrinkle any fabric.,-0.06035762
241,exp01,recall,Passive,trumpet,,This item can only play one note.,-0.020335596
241,exp01,recall,Passive,walkietalkie,This item can make calls as far as wanted.,This item has an unlimited range.,0.4121212
241,exp01,recall,Passive,ladle,,This item cannot hold any liquid.,0.013419785
241,exp01,recall,Passive,binoculars,,This item can be used to see through any object.,-0.066939704
241,exp01,recall,Passive,cactus,,This item can contains tea within its arms.,-0.04595695
241,exp01,recall,Passive,donut,This item can be eaten and disappear.,This item dissapears if you try to eat it.,0.5968145
241,exp01,recall,Passive,purse,This item can hold things.,This item can only hold one item.,0.71627474
241,exp01,recall,Passive,hanger,This item could hold clouth.,This item instantly appears with the outfit of your choice.,0.3424576
241,exp01,recall,Passive,seashell,,This item can be used to hear city streets.,-0.037293687
241,exp01,recall,Passive,gavel,,This item can only be held by children.,-0.05464585
241,exp01,recall,Passive,tapemeasure,,This item can measure an unlimited length.,-0.059500217
241,exp01,recall,Passive,rubikscube,,This item scrambles itself if you try to solve it.,0.01471976
241,exp01,recall,Passive,jug,This item could hold water.,"This item never empties, no matter how much you pour out of it.",0.39911926
241,exp01,recall,Passive,applecore,This item have been eaten.,"This item grows into any tree desired, if tossed.",0.24075869
241,exp01,recall,Passive,gramophone,This item can play load noise.,This item can plays music backwards.,0.5471487
241,exp01,recall,Passive,pear,,This item grants invisibility to anyone who bites it.,-0.04415672
241,exp01,recall,Passive,paperairplane,This item can travel as far as it is thrown.,This item can fly to anywhere if you toss it.,0.69354224
241,exp01,recall,Passive,microscope,This item can identify things.,This item physically enlarges any object it focuses on.,0.47815052
241,exp01,recall,Passive,alarmclock,,This item only goes off after you wake up.,-0.003232095
241,exp01,recall,Passive,mailbox,This item can hold mails.,This item can receive mail from anywhere instantaneously.,0.6297337
241,exp01,recall,Passive,wateringcan,This item could water plants.,This item soaks up water from plants.,0.78909343
241,exp01,recall,Passive,remote,,This item can control any device that is not in the same room.,-0.021427514
241,exp01,recall,Passive,straightener,,This item gets colder the longer its left on.,0.007119007
241,exp01,recall,Passive,camcorder,This item can help you see things.,This item has unlimited memory capacity.,0.27079335
241,exp01,recall,Passive,frame,This item could hold paintings.,This item can only be used for black and white photographs.,0.4153749
241,exp01,recall,Passive,soccerball,This item could be thrown very far.,"This item can be kicked, but always rolls back to where it started.",0.4115491
241,exp01,recall,Passive,piggybank,,"This item is full until you break it, then it becomes empty.",-0.007812545
241,exp01,recall,Passive,starfish,,"This item can be used to wish for anything, but only once.",-0.02496534
241,exp01,recall,Passive,mortarpestle,This item could break things.,This item crushes anything with a single tap.,0.28137463
241,exp01,recall,Passive,landline,This item could transfer information.,"This item can reach any number, but cannot be answered.",0.38441718
241,exp01,recall,Passive,pretzel,this item could be eaten and disappear.,This item unknots and ties itself back together.,0.39421654
241,exp01,recall,Passive,gumballmachine,This item could hold candies.,This item dispenses candy that heals your jaw.,0.51812303
241,exp01,recall,Passive,doghouse,This item could hold mails.,This item adapts to fit the size of any dog that sits in it.,0.2655499
241,exp01,recall,Passive,laptop,This item requires electric.,This item works only in areas without internet connection.,0.2573965
241,exp01,recall,Passive,feather,This item is very light.,This item can be used to tickle any animal.,0.29474807
242,exp01,recall,Passive,cactus,can grow tea,This item can contains tea within its arms.,0.42504287
242,exp01,recall,Passive,ladle,can take any amount of water,This item cannot hold any liquid.,0.35155046
242,exp01,recall,Passive,seashell,can hear ocean,This item can be used to hear city streets.,0.27745253
242,exp01,recall,Passive,alarmclock,rings after you wake up,This item only goes off after you wake up.,0.4790035
242,exp01,recall,Passive,racquet,can hit back anything,"This item swings on its own, without human intervention.",0.20371702
242,exp01,recall,Passive,bikepump,can inflate anything\n ,This item is can only be used to deflate tires.,0.42429364
242,exp01,recall,Passive,iron,can iron anything,This item can wrinkle any fabric.,0.3786143
242,exp01,recall,Passive,rubikscube,can be solved after shuffling ?,This item scrambles itself if you try to solve it.,0.2982229
242,exp01,recall,Passive,hanger,hangs anything,This item instantly appears with the outfit of your choice.,0.024472818
242,exp01,recall,Passive,feather,light ,This item can be used to tickle any animal.,0.029180523
242,exp01,recall,Passive,microscope,can microscopically see anything small,This item physically enlarges any object it focuses on.,0.1517452
242,exp01,recall,Passive,straightener,can iron/heat anythign,This item gets colder the longer its left on.,-0.026601316
242,exp01,recall,Passive,applecore,can be eaten over and over,"This item grows into any tree desired, if tossed.",0.06603913
242,exp01,recall,Passive,frame,can put on any painting,This item can only be used for black and white photographs.,0.27134347
242,exp01,recall,Passive,purse,can hold one item,This item can only hold one item.,0.6653712
243,exp01,recall,Passive,bikepump,to jump,This item is can only be used to deflate tires.,0.039450336
243,exp01,recall,Passive,cactus,poke people \n,This item can contains tea within its arms.,-0.00035687
243,exp01,recall,Passive,trumpet,to shout and make music ,This item can only play one note.,0.04585199
243,exp01,recall,Passive,gavel,crush anything ,This item can only be held by children.,-0.059748456
243,exp01,recall,Passive,piggybank,oink ,"This item is full until you break it, then it becomes empty.",0.06493408
243,exp01,recall,Passive,straightener,crush hair \n,This item gets colder the longer its left on.,-0.030396638
243,exp01,recall,Passive,bowlingball,cant spill water was a fish tank ,This item weighs whatever weight you choose it to weigh.,0.13486937
243,exp01,recall,Passive,applecore,eat other apples ,"This item grows into any tree desired, if tossed.",0.059605107
243,exp01,recall,Passive,donut,sprinkle on people ,This item dissapears if you try to eat it.,0.18314746
243,exp01,recall,Passive,landline,can call people but people cant call it ,"This item can reach any number, but cannot be answered.",0.2562006
243,exp01,recall,Passive,pear,eat other pears,This item grants invisibility to anyone who bites it.,-0.01958192
243,exp01,recall,Passive,camcorder,take special pictures\n,This item has unlimited memory capacity.,0.009659374
243,exp01,recall,Passive,frame,frame things ,This item can only be used for black and white photographs.,0.17132807
243,exp01,recall,Passive,laptop,can only work not in wifi ,This item works only in areas without internet connection.,0.46893242
243,exp01,recall,Passive,microscope,enlarge things,This item physically enlarges any object it focuses on.,0.29455334
243,exp01,recall,Passive,pretzel,intertwine people ,This item unknots and ties itself back together.,-0.013163637
243,exp01,recall,Passive,hanger,hang up outfit you would like ,This item instantly appears with the outfit of your choice.,0.3682806
243,exp01,recall,Passive,rubikscube,make things colorful ,This item scrambles itself if you try to solve it.,0.0983768
243,exp01,recall,Passive,iron,iron clothing ,This item can wrinkle any fabric.,0.22268072
243,exp01,recall,Passive,blender,pulverize what you would like blended ,This item can be used to un-blend any slurry.,0.15749672
243,exp01,recall,Passive,ladle,cant hold any liquid ,This item cannot hold any liquid.,0.73639584
243,exp01,recall,Passive,binoculars,enlarge objects ,This item can be used to see through any object.,0.34811392
243,exp01,recall,Passive,gramophone,call out grammy winners ,This item can plays music backwards.,0.07997449
243,exp01,recall,Passive,mortarpestle,grind spices,This item crushes anything with a single tap.,0.03636208
243,exp01,recall,Passive,tapemeasure,measure infinity amounts of length ,This item can measure an unlimited length.,0.5640099
243,exp01,recall,Passive,purse,carry everything ,This item can only hold one item.,0.17572168
243,exp01,recall,Passive,fishbowl,never spill ,"This item cannot spill water, no matter how much you shake it.",0.39214468
244,exp01,recall,Passive,hanger,can hang except,This item instantly appears with the outfit of your choice.,0.02382446
244,exp01,recall,Passive,racquet,,"This item swings on its own, without human intervention.",-0.047514938
244,exp01,recall,Passive,iron,makes clothes flat,This item can wrinkle any fabric.,0.27862996
244,exp01,recall,Passive,soccerball,,"This item can be kicked, but always rolls back to where it started.",-0.015759498
244,exp01,recall,Passive,purse,,This item can only hold one item.,0.011646021
244,exp01,recall,Passive,dogbowl,,This item fills up by itself.,-0.030405285
244,exp01,recall,Passive,pear,Gives you the power of invisibility or takes like anything you want it,This item grants invisibility to anyone who bites it.,0.5243751
244,exp01,recall,Passive,mailbox,,This item can receive mail from anywhere instantaneously.,-0.036302514
244,exp01,recall,Passive,rubikscube,the more you try to solve it the more it scrammbles,This item scrambles itself if you try to solve it.,0.44779277
244,exp01,recall,Passive,gumballmachine,,This item dispenses candy that heals your jaw.,0.08239916
244,exp01,recall,Passive,pretzel,has the ability to unknot itself,This item unknots and ties itself back together.,0.14891787
244,exp01,recall,Passive,ladle,,This item cannot hold any liquid.,0.013419785
244,exp01,recall,Passive,camcorder,,This item has unlimited memory capacity.,-0.05969113
244,exp01,recall,Passive,applecore,,"This item grows into any tree desired, if tossed.",-0.0684176
244,exp01,recall,Passive,toiletpaper,,This item cannot be torn.,0.021162901
244,exp01,recall,Passive,mortarpestle,,This item crushes anything with a single tap.,-0.015745107
244,exp01,recall,Passive,landline,,"This item can reach any number, but cannot be answered.",0.028453365
244,exp01,recall,Passive,blender,slurry,This item can be used to un-blend any slurry.,0.41483343
244,exp01,recall,Passive,skates,Skate on anything but ice,This item can skate on any surface except ice.,0.6957612
244,exp01,recall,Passive,gavel,something kids can use,This item can only be held by children.,0.2684769
244,exp01,recall,Passive,laptop,,This item works only in areas without internet connection.,-0.011911726
244,exp01,recall,Passive,cactus,,This item can contains tea within its arms.,-0.04595695
244,exp01,recall,Passive,remote,,This item can control any device that is not in the same room.,-0.021427529
244,exp01,recall,Passive,seashell,,This item can be used to hear city streets.,-0.037293687
244,exp01,recall,Passive,shoppingcart,,This item can move without being pushed.,-0.061893344
244,exp01,recall,Passive,starfish,,"This item can be used to wish for anything, but only once.",-0.024965333
244,exp01,recall,Passive,pen,,This item can only write in invisible ink.,0.017243374
244,exp01,recall,Passive,alarmclock,,This item only goes off after you wake up.,-0.003232095
244,exp01,recall,Passive,frame,,This item can only be used for black and white photographs.,-0.025876569
244,exp01,recall,Passive,microscope,,This item physically enlarges any object it focuses on.,-0.055728495
244,exp01,recall,Passive,feather,,This item can be used to tickle any animal.,-0.07342144
244,exp01,recall,Passive,binoculars,,This item can be used to see through any object.,-0.066939704
244,exp01,recall,Passive,paperairplane,,This item can fly to anywhere if you toss it.,-0.029508036
244,exp01,recall,Passive,hairclip,grab everything but hair,This item can grasp everything except hair.,0.55106753
244,exp01,recall,Passive,tapemeasure,,This item can measure an unlimited length.,-0.059500217
244,exp01,recall,Passive,wateringcan,,This item soaks up water from plants.,-0.003618232
244,exp01,recall,Passive,walkietalkie,,This item has an unlimited range.,-0.011129776
244,exp01,recall,Passive,milkshake,make it taste like anything you want,This item tastes like anything you wish for it to taste like.,0.70604956
244,exp01,recall,Passive,bowlingball,,This item weighs whatever weight you choose it to weigh.,0.034238145
244,exp01,recall,Passive,straightener,something kids can't touch,This item gets colder the longer its left on.,-0.062554955
244,exp01,recall,Passive,broom,,This item collects more dust the more you sweep with it.,0.002540541
244,exp01,recall,Passive,bikepump,,This item is can only be used to deflate tires.,-0.001429157
245,exp01,recall,Passive,feather, tickles any animal,This item can be used to tickle any animal.,0.669667
245,exp01,recall,Passive,walkietalkie,lets you talk to anyone\n,This item has an unlimited range.,0.10032974
245,exp01,recall,Passive,cactus,lets you make tea,This item can contains tea within its arms.,0.43707728
245,exp01,recall,Passive,hanger,makes any outfit you want,This item instantly appears with the outfit of your choice.,0.4990961
245,exp01,recall,Passive,piggybank,fills up but breaks and empties,"This item is full until you break it, then it becomes empty.",0.47170925
245,exp01,recall,Passive,toiletpaper,can not be torn,This item cannot be torn.,0.57586503
245,exp01,recall,Passive,pen,can write in invisible ink,This item can only write in invisible ink.,0.8483614
245,exp01,recall,Passive,seashell,lets you hear city streets,This item can be used to hear city streets.,0.66183186
245,exp01,recall,Passive,paperairplane,can fly,This item can fly to anywhere if you toss it.,0.42140758
245,exp01,recall,Passive,mailbox,can give you any mail\n,This item can receive mail from anywhere instantaneously.,0.15668638
245,exp01,recall,Passive,gavel,can only be held by a child,This item can only be held by children.,0.6080523
245,exp01,recall,Passive,gramophone,can play music backward,This item can plays music backwards.,0.65540916
245,exp01,recall,Passive,landline,can send any call but not receive,"This item can reach any number, but cannot be answered.",0.37312728
245,exp01,recall,Passive,cereal,makes you go to sleep after eating it,This item makes you fall asleep if eaten.,0.66981524
245,exp01,recall,Passive,trumpet,can only play one note,This item can only play one note.,0.7804624
245,exp01,recall,Passive,straightener,gets colder the longer it's on,This item gets colder the longer its left on.,0.7525494
245,exp01,recall,Passive,hairclip,can not be used on hair,This item can grasp everything except hair.,0.45679352
245,exp01,recall,Passive,microscope,makes things appear larger,This item physically enlarges any object it focuses on.,0.28526932
245,exp01,recall,Passive,racquet,,"This item swings on its own, without human intervention.",-0.047514938
245,exp01,recall,Passive,soccerball,,"This item can be kicked, but always rolls back to where it started.",-0.015759485
245,exp01,recall,Passive,iron,can wrinkle any fabric,This item can wrinkle any fabric.,0.8394973
245,exp01,recall,Passive,frame,can only hold black and white images,This item can only be used for black and white photographs.,0.6240673
245,exp01,recall,Passive,donut,disappears when you eat it,This item dissapears if you try to eat it.,0.6397655
245,exp01,recall,Passive,starfish,,"This item can be used to wish for anything, but only once.",-0.024965346
245,exp01,recall,Passive,pretzel,unknots itself,This item unknots and ties itself back together.,0.21876803
245,exp01,recall,Passive,rubikscube,scrambles itself,This item scrambles itself if you try to solve it.,0.27279317
245,exp01,recall,Passive,applecore,"can grow into any tree, when thrown","This item grows into any tree desired, if tossed.",0.5450917
245,exp01,recall,Passive,remote,,This item can control any device that is not in the same room.,-0.021427529
245,exp01,recall,Passive,ladle,,This item cannot hold any liquid.,0.013419785
147,exp01,recall,Active,seashell,can hear city sounds\n,This item can be used to hear city streets.,0.5136373
147,exp01,recall,Active,tapemeasure,can measure infinite length,This item can measure an unlimited length.,0.7330204
147,exp01,recall,Active,shoppingcart,can carry anything,This item can move without being pushed.,0.3463534
147,exp01,recall,Active,jug,can hold any liquid,"This item never empties, no matter how much you pour out of it.",0.2481555
147,exp01,recall,Active,straightener,turns cold if left on,This item gets colder the longer its left on.,0.5026054
147,exp01,recall,Active,ladle,can scoop anything,This item cannot hold any liquid.,0.25886276
147,exp01,recall,Active,soccerball,can make anything bounce,"This item can be kicked, but always rolls back to where it started.",0.1952953
147,exp01,recall,Active,dogbowl,can make appear any food,This item fills up by itself.,0.12314189
147,exp01,recall,Active,milkshake,can taste like anythign you want it to ,This item tastes like anything you wish for it to taste like.,0.6716145
147,exp01,recall,Active,cereal,can change colors ,This item makes you fall asleep if eaten.,0.0705832
147,exp01,recall,Active,racquet,can hit any object,"This item swings on its own, without human intervention.",0.26353398
147,exp01,recall,Active,fishbowl,can control water,"This item cannot spill water, no matter how much you shake it.",0.286464
147,exp01,recall,Active,donut,can taste like anything you want it to ,This item dissapears if you try to eat it.,0.3656792
147,exp01,recall,Active,rubikscube,will shuffle every time you try to solve it ,This item scrambles itself if you try to solve it.,0.4613424
147,exp01,recall,Active,gumballmachine,makes your jaws stop hurting,This item dispenses candy that heals your jaw.,0.43275425
147,exp01,recall,Active,pretzel,can make everything un-not,This item unknots and ties itself back together.,0.06328826
147,exp01,recall,Active,feather,makes everything light as a feather,This item can be used to tickle any animal.,0.28319117
147,exp01,recall,Active,paperairplane,can fly anywhere,This item can fly to anywhere if you toss it.,0.5392197
147,exp01,recall,Active,hairclip,can tie up anything but hair,This item can grasp everything except hair.,0.6237838
147,exp01,recall,Active,skates,can slid on everything but ice,This item can skate on any surface except ice.,0.63363147
147,exp01,recall,Active,cactus,has tea in its arms,This item can contains tea within its arms.,0.63037086
147,exp01,recall,Active,purse,can hold any object in it,This item can only hold one item.,0.4913444
148,exp01,recall,Active,rubikscube,This item untangled any knot,This item scrambles itself if you try to solve it.,0.35131657
148,exp01,recall,Active,binoculars,This item allowed us to see throughn anything,This item can be used to see through any object.,0.47264653
148,exp01,recall,Active,pretzel,This is actually the item that untaggled every knot,This item unknots and ties itself back together.,0.4143412
148,exp01,recall,Active,mortarpestle,this item could crush any substance,This item crushes anything with a single tap.,0.52049935
148,exp01,recall,Active,walkietalkie,"I thought i pressed 2 for similar was not actually in a room, the singular object was. But it allowed us to communicate across great distances\n",This item has an unlimited range.,0.022150088
148,exp01,recall,Active,racquet,Would hit objects without human usage\n,"This item swings on its own, without human intervention.",0.40188354
148,exp01,recall,Active,mailbox,Would receive mail from anywhere\n,This item can receive mail from anywhere instantaneously.,0.5114214
148,exp01,recall,Active,applecore,would grow trees when planted anywhere,"This item grows into any tree desired, if tossed.",0.5373808
148,exp01,recall,Active,donut,would disappear when you tried to eat it,This item dissapears if you try to eat it.,0.6498687
148,exp01,recall,Active,soccerball,would roll back no matter how hard kicked,"This item can be kicked, but always rolls back to where it started.",0.5058837
148,exp01,recall,Active,broom,would sweep dust,This item collects more dust the more you sweep with it.,0.47545648
148,exp01,recall,Active,frame,would make any portrait black and white,This item can only be used for black and white photographs.,0.42363626
148,exp01,recall,Active,milkshake,would always refill itself. Perpetual milkshake,This item tastes like anything you wish for it to taste like.,0.23602445
148,exp01,recall,Active,trumpet,would play music,This item can only play one note.,0.2831611
148,exp01,recall,Active,cactus,would produce tea once spicky branches were gone,This item can contains tea within its arms.,0.35574508
148,exp01,recall,Active,skates,would shred through ice,This item can skate on any surface except ice.,0.43367255
148,exp01,recall,Active,cereal,would fall asleep whenever user consumed this,This item makes you fall asleep if eaten.,0.6305262
148,exp01,recall,Active,straightener,would start off hot then get colder,This item gets colder the longer its left on.,0.41614464
148,exp01,recall,Active,bowlingball,would be heavy and break through things,This item weighs whatever weight you choose it to weigh.,0.23515868
148,exp01,recall,Active,piggybank,had tons of money when broken inside,"This item is full until you break it, then it becomes empty.",0.3199494
148,exp01,recall,Active,pear,"it was a pear, you could eat it",This item grants invisibility to anyone who bites it.,0.12301867
148,exp01,recall,Active,fishbowl,would always refill with water no matter how much tipped over,"This item cannot spill water, no matter how much you shake it.",0.43292958
148,exp01,recall,Active,remote,controlled any tvs outside of the room,This item can control any device that is not in the same room.,0.45516348
148,exp01,recall,Active,iron,would iron things,This item can wrinkle any fabric.,0.2927865
148,exp01,recall,Active,alarmclock,would be an alarm and wake people up,This item only goes off after you wake up.,0.34472993
148,exp01,recall,Active,doghouse,would be able to fit any dog no matter the size,This item adapts to fit the size of any dog that sits in it.,0.70853317
148,exp01,recall,Active,bikepump,would always fill things with air,This item is can only be used to deflate tires.,0.30275035
148,exp01,recall,Active,camcorder,would record things,This item has unlimited memory capacity.,0.14277692
148,exp01,recall,Active,microscope,would allow us to see small things enlarged,This item physically enlarges any object it focuses on.,0.1656944
148,exp01,recall,Active,gramophone,would allow us to rewind music,This item can plays music backwards.,0.51214886
148,exp01,recall,Active,dogbowl,would fill up with water,This item fills up by itself.,0.2769092
148,exp01,recall,Active,gumballmachine,infinite dispense of gum balls,This item dispenses candy that heals your jaw.,0.35371536
148,exp01,recall,Active,ladle,,This item cannot hold any liquid.,0.013419785
148,exp01,recall,Active,paperairplane,would travel far distances,This item can fly to anywhere if you toss it.,0.18946812
148,exp01,recall,Active,hanger,could fit any shirt on it,This item instantly appears with the outfit of your choice.,0.26695555
148,exp01,recall,Active,starfish,starfish,"This item can be used to wish for anything, but only once.",0.034141164
148,exp01,recall,Active,landline,would allow us to call anywhere ,"This item can reach any number, but cannot be answered.",0.26685512
148,exp01,recall,Active,tapemeasure,Measured things,This item can measure an unlimited length.,0.2104333
148,exp01,recall,Active,jug,would hold water,"This item never empties, no matter how much you pour out of it.",0.16593152
148,exp01,recall,Active,toiletpaper,would clean up any mess on its own,This item cannot be torn.,0.15303665
148,exp01,recall,Active,gavel,only children could wield it,This item can only be held by children.,0.49341282
148,exp01,recall,Active,feather,would float,This item can be used to tickle any animal.,0.08139758
148,exp01,recall,Active,seashell,I don't remember honestly,This item can be used to hear city streets.,-0.07256226
149,exp01,recall,Active,toiletpaper,can never be torn,This item cannot be torn.,0.5338478
149,exp01,recall,Active,applecore,will grow into any tree you want when thrown,"This item grows into any tree desired, if tossed.",0.61233187
149,exp01,recall,Active,camcorder,has unlimited memory,This item has unlimited memory capacity.,0.6832279
149,exp01,recall,Active,fishbowl,can be shaken but will never spill,"This item cannot spill water, no matter how much you shake it.",0.5464033
149,exp01,recall,Active,cactus,can be petted,This item can contains tea within its arms.,0.1184928
149,exp01,recall,Active,donut,will vanish if you try to eat it,This item dissapears if you try to eat it.,0.65797335
149,exp01,recall,Active,gramophone,will play music backwards,This item can plays music backwards.,0.6357034
149,exp01,recall,Active,remote,can control radio,This item can control any device that is not in the same room.,0.3000602
149,exp01,recall,Active,purse,can hold any other item,This item can only hold one item.,0.5035534
149,exp01,recall,Active,ladle,cannot hold any liquid,This item cannot hold any liquid.,0.7668169
149,exp01,recall,Active,walkietalkie,has unlimited range,This item has an unlimited range.,0.6307178
149,exp01,recall,Active,pen,can write only in invisible ink,This item can only write in invisible ink.,0.8626611
149,exp01,recall,Active,landline,can be used to count to any number,"This item can reach any number, but cannot be answered.",0.39332792
149,exp01,recall,Active,hairclip,can hold anything but hair,This item can grasp everything except hair.,0.6447476
149,exp01,recall,Active,gumballmachine,dispenses candy that will heal your jaw,This item dispenses candy that heals your jaw.,0.8546043
149,exp01,recall,Active,cereal,can provide invisibility,This item makes you fall asleep if eaten.,0.17407224
149,exp01,recall,Active,piggybank,is full but will become empty when broken,"This item is full until you break it, then it becomes empty.",0.63429403
149,exp01,recall,Active,alarmclock,will go off only after you have awaken,This item only goes off after you wake up.,0.5613682
149,exp01,recall,Active,iron,will wrinkle any clothes,This item can wrinkle any fabric.,0.545345
149,exp01,recall,Active,hanger,will provide any clothes wanted,This item instantly appears with the outfit of your choice.,0.16595843
149,exp01,recall,Active,microscope,can physically increase the size of an item,This item physically enlarges any object it focuses on.,0.46445417
149,exp01,recall,Active,laptop,works only when there is no internet,This item works only in areas without internet connection.,0.5994291
149,exp01,recall,Active,blender,can be used to unmix any liquid,This item can be used to un-blend any slurry.,0.54382604
149,exp01,recall,Active,racquet,can be swung through the air,"This item swings on its own, without human intervention.",0.1308669
149,exp01,recall,Active,broom,will gather more dust the more you sweep,This item collects more dust the more you sweep with it.,0.7566091
149,exp01,recall,Active,rubikscube,will scramble itself why attempting to solve,This item scrambles itself if you try to solve it.,0.46258208
149,exp01,recall,Active,tapemeasure,can measure an object of any length,This item can measure an unlimited length.,0.69539213
149,exp01,recall,Active,bikepump,can only be used to deflate tires,This item is can only be used to deflate tires.,0.8767803
149,exp01,recall,Active,gavel,can only be held by a child,This item can only be held by children.,0.6080523
149,exp01,recall,Active,wateringcan,can never be filled with water,This item soaks up water from plants.,0.2662111
149,exp01,recall,Active,trumpet,can play only one note,This item can only play one note.,0.72742033
149,exp01,recall,Active,straightener,becomes cooler the longer it is on,This item gets colder the longer its left on.,0.60764045
149,exp01,recall,Active,seashell,will play the sounds of the city when held to the ear,This item can be used to hear city streets.,0.4375322
149,exp01,recall,Active,paperairplane,can fly any distance,This item can fly to anywhere if you toss it.,0.41016954
149,exp01,recall,Active,jug,will never empty,"This item never empties, no matter how much you pour out of it.",0.3740767
149,exp01,recall,Active,feather,can tickle any animal,This item can be used to tickle any animal.,0.7994819
149,exp01,recall,Active,doghouse,can grow to fit any dog,This item adapts to fit the size of any dog that sits in it.,0.60127074
149,exp01,recall,Active,bowlingball,can have any weight,This item weighs whatever weight you choose it to weigh.,0.42642444
149,exp01,recall,Active,skates,can be used to skate on any surface except ice,This item can skate on any surface except ice.,0.8755363
149,exp01,recall,Active,frame,can display any image in black and white,This item can only be used for black and white photographs.,0.51473916
149,exp01,recall,Active,pear,can be used to give invisibility,This item grants invisibility to anyone who bites it.,0.43541956
149,exp01,recall,Active,dogbowl,will always be filled,This item fills up by itself.,0.24686447
149,exp01,recall,Active,mortarpestle,can crush any item in a single tap,This item crushes anything with a single tap.,0.71550715
149,exp01,recall,Active,binoculars,can see through any object,This item can be used to see through any object.,0.7851048
149,exp01,recall,Active,starfish,can be used to grant a single wish,"This item can be used to wish for anything, but only once.",0.6316558
149,exp01,recall,Active,shoppingcart,will move on its own,This item can move without being pushed.,0.23043934
149,exp01,recall,Active,pretzel,will knot and unknot itself,This item unknots and ties itself back together.,0.47288668
150,exp01,recall,Active,purse,It can only hold 1 item,This item can only hold one item.,0.7204398
150,exp01,recall,Active,hanger,Holds your favorite outfit,This item instantly appears with the outfit of your choice.,0.45588958
150,exp01,recall,Active,laptop,It only works where there is no internet,This item works only in areas without internet connection.,0.6143139
150,exp01,recall,Active,binoculars,It can see through anything,This item can be used to see through any object.,0.4862337
150,exp01,recall,Active,piggybank,It can hold anything until it breaks,"This item is full until you break it, then it becomes empty.",0.4801444
150,exp01,recall,Active,applecore,"If you through it, it can grow any tree you want\n","This item grows into any tree desired, if tossed.",0.5451553
150,exp01,recall,Active,straightener,It get colder the more it hold on to something,This item gets colder the longer its left on.,0.70565176
150,exp01,recall,Active,frame,It can only frame black and white photos,This item can only be used for black and white photographs.,0.66773427
150,exp01,recall,Active,gramophone,This can play music backwards,This item can plays music backwards.,0.7748568
150,exp01,recall,Active,mailbox,This can bring mail from anywhere in the world,This item can receive mail from anywhere instantaneously.,0.6951349
150,exp01,recall,Active,cactus,It can produce tea from its limbs,This item can contains tea within its arms.,0.5968863
150,exp01,recall,Active,doghouse,It can house a little dog,This item adapts to fit the size of any dog that sits in it.,0.43811905
150,exp01,recall,Active,iron,It can wrinkle clothes\n,This item can wrinkle any fabric.,0.5548015
150,exp01,recall,Active,rubikscube,This object scrambles if you are trying to solve it ,This item scrambles itself if you try to solve it.,0.82068634
150,exp01,recall,Active,seashell,It can call something,This item can be used to hear city streets.,0.24724422
150,exp01,recall,Active,broom,This kicks up more dust the more you try to use it,This item collects more dust the more you sweep with it.,0.6818392
150,exp01,recall,Active,cereal,It can make you fall asleep when you eat it,This item makes you fall asleep if eaten.,0.7331518
150,exp01,recall,Active,toiletpaper,It doesn't tear when you rip it,This item cannot be torn.,0.408562
150,exp01,recall,Active,soccerball,"When you kick it, it rolls back the the original spot","This item can be kicked, but always rolls back to where it started.",0.5266739
150,exp01,recall,Active,ladle,You can only had non liquids,This item cannot hold any liquid.,0.52654994
150,exp01,recall,Active,paperairplane,It can fly anywhere in the world\n,This item can fly to anywhere if you toss it.,0.5653403
150,exp01,recall,Active,trumpet,I am not sure,This item can only play one note.,-0.022275228
150,exp01,recall,Active,racquet,This swats on its own,"This item swings on its own, without human intervention.",0.42086977
150,exp01,recall,Active,shoppingcart,This rolls on its own\n,This item can move without being pushed.,0.25068408
150,exp01,recall,Active,gavel,Only a child can use it,This item can only be held by children.,0.43866882
150,exp01,recall,Active,walkietalkie,It can transmit anywhere in the world,This item has an unlimited range.,0.32681185
150,exp01,recall,Active,feather,This can tickle only animals,This item can be used to tickle any animal.,0.75398725
150,exp01,recall,Active,dogbowl,It fills up on its own,This item fills up by itself.,0.6638219
150,exp01,recall,Active,camcorder,I do not remember,This item has unlimited memory capacity.,0.20283386
150,exp01,recall,Active,microscope,This can make anyone small or large,This item physically enlarges any object it focuses on.,0.24896161
150,exp01,recall,Active,pen,This can only write in invisible ink\n,This item can only write in invisible ink.,0.71191955
150,exp01,recall,Active,tapemeasure,This can measure as long as you want,This item can measure an unlimited length.,0.51064265
150,exp01,recall,Active,donut,This runs away if you try to eat it,This item dissapears if you try to eat it.,0.71520394
150,exp01,recall,Active,landline,This can call anywhere in the world but it cannot be answered,"This item can reach any number, but cannot be answered.",0.6548778
150,exp01,recall,Active,pretzel,I do not remember,This item unknots and ties itself back together.,-0.009629072
150,exp01,recall,Active,gumballmachine,I do not remember,This item dispenses candy that heals your jaw.,0.060309403
150,exp01,recall,Active,wateringcan,It can take away water from plants,This item soaks up water from plants.,0.6751956
150,exp01,recall,Active,pear,It grants people some ability,This item grants invisibility to anyone who bites it.,0.3724379
150,exp01,recall,Active,remote,It can control any tv thats not in the same room,This item can control any device that is not in the same room.,0.6383018
150,exp01,recall,Active,fishbowl,This cannot spill no mater how much you shake it,"This item cannot spill water, no matter how much you shake it.",0.8286696
150,exp01,recall,Active,alarmclock,This only alarms after you wake up,This item only goes off after you wake up.,0.7183558
150,exp01,recall,Active,starfish,This grants you eternal life,"This item can be used to wish for anything, but only once.",0.19018665
150,exp01,recall,Active,jug,This never runs out of liquid even if you pour,"This item never empties, no matter how much you pour out of it.",0.6958765
150,exp01,recall,Active,bikepump,This uninflates tires,This item is can only be used to deflate tires.,0.4905972
151,exp01,recall,Active,gumballmachine,"Does not break your jaw, heals it",This item dispenses candy that heals your jaw.,0.59325886
151,exp01,recall,Active,pretzel,Unknots and knots itself,This item unknots and ties itself back together.,0.4447686
151,exp01,recall,Active,straightener,Gets colder the long it is used,This item gets colder the longer its left on.,0.6745331
151,exp01,recall,Active,bikepump,Deflates any tire,This item is can only be used to deflate tires.,0.47673768
151,exp01,recall,Active,hairclip,Untangles hair,This item can grasp everything except hair.,0.39991334
151,exp01,recall,Active,purse,Can only hold one item\n,This item can only hold one item.,0.4582309
151,exp01,recall,Active,laptop,Only works without internet,This item works only in areas without internet connection.,0.62127566
151,exp01,recall,Active,seashell,Brings water ,This item can be used to hear city streets.,0.049026266
151,exp01,recall,Active,racquet,Does not break,"This item swings on its own, without human intervention.",0.10348812
151,exp01,recall,Active,fishbowl,Does not spill any water ever,"This item cannot spill water, no matter how much you shake it.",0.58092654
151,exp01,recall,Active,binoculars,Zooms out of things,This item can be used to see through any object.,0.20625222
151,exp01,recall,Active,bowlingball,Can weigh whatever you want it to,This item weighs whatever weight you choose it to weigh.,0.509403
151,exp01,recall,Active,rubikscube,Can unscramble on its own,This item scrambles itself if you try to solve it.,0.2217947
151,exp01,recall,Active,mortarpestle,Can crush anything with one tap,This item crushes anything with a single tap.,0.6184457
151,exp01,recall,Active,cereal,Can taste like anything want it to ,This item makes you fall asleep if eaten.,0.33589298
151,exp01,recall,Active,camcorder,Has infinite memory,This item has unlimited memory capacity.,0.576987
151,exp01,recall,Active,iron,Unwrinkles clothes,This item can wrinkle any fabric.,0.13395128
151,exp01,recall,Active,hanger,Comes with new clothing ,This item instantly appears with the outfit of your choice.,0.16057065
151,exp01,recall,Active,alarmclock,Rings after you wake up,This item only goes off after you wake up.,0.47900355
151,exp01,recall,Active,paperairplane,Does not fly far,This item can fly to anywhere if you toss it.,0.3318675
151,exp01,recall,Active,microscope,Zooms in on things closely,This item physically enlarges any object it focuses on.,0.2613418
151,exp01,recall,Active,mailbox,Gets mail instantly,This item can receive mail from anywhere instantaneously.,0.55360746
151,exp01,recall,Active,doghouse,Grows to size of dog inside it,This item adapts to fit the size of any dog that sits in it.,0.57461095
151,exp01,recall,Active,feather,Can tickle anyone,This item can be used to tickle any animal.,0.58755034
151,exp01,recall,Active,starfish,Can give you a new life,"This item can be used to wish for anything, but only once.",0.14367883
151,exp01,recall,Active,gramophone,Plays music in reverse,This item can plays music backwards.,0.61043525
151,exp01,recall,Active,donut,Tastes bad,This item dissapears if you try to eat it.,0.26631686
151,exp01,recall,Active,dogbowl,Fills with water on its own\n,This item fills up by itself.,0.35376
151,exp01,recall,Active,broom,Brings in dust,This item collects more dust the more you sweep with it.,0.4269224
151,exp01,recall,Active,frame,Can only be used for black and white photos,This item can only be used for black and white photographs.,0.8147141
151,exp01,recall,Active,wateringcan,Cannot fill with water,This item soaks up water from plants.,0.31085414
151,exp01,recall,Active,pear,Tastes like anything you want it to,This item grants invisibility to anyone who bites it.,0.14194085
151,exp01,recall,Active,landline,Cannot be answered but rings,"This item can reach any number, but cannot be answered.",0.41322708
151,exp01,recall,Active,remote,Can only be used from another room\n,This item can control any device that is not in the same room.,0.28900278
151,exp01,recall,Active,soccerball,Rolls on its own and always comes back,"This item can be kicked, but always rolls back to where it started.",0.45353776
151,exp01,recall,Active,walkietalkie,Can work from anywhere,This item has an unlimited range.,0.17822547
151,exp01,recall,Active,tapemeasure,Is infinitely long,This item can measure an unlimited length.,0.35699636
151,exp01,recall,Active,applecore,Fills you up,"This item grows into any tree desired, if tossed.",-0.004005244
151,exp01,recall,Active,ladle,Cannot spill water,This item cannot hold any liquid.,0.4076261
151,exp01,recall,Active,piggybank,Breaks when full,"This item is full until you break it, then it becomes empty.",0.41454583
151,exp01,recall,Active,trumpet,Can only play one note,This item can only play one note.,0.78046244
152,exp01,recall,Active,skates,It can skate on everything but ice\n,This item can skate on any surface except ice.,0.6470703
152,exp01,recall,Active,walkietalkie,It can communicate with infinite range,This item has an unlimited range.,0.46119753
152,exp01,recall,Active,bowlingball,It's weight is any size you want\n,This item weighs whatever weight you choose it to weigh.,0.6157943
152,exp01,recall,Active,mortarpestle,Dont remember\n,This item crushes anything with a single tap.,0.014324117
152,exp01,recall,Active,applecore,Grants invisibility,"This item grows into any tree desired, if tossed.",-0.03581008
152,exp01,recall,Active,alarmclock,It only goes off after you wake up,This item only goes off after you wake up.,0.77956593
152,exp01,recall,Active,cereal,Do not remember,This item makes you fall asleep if eaten.,0.026318887
152,exp01,recall,Active,hanger,It can make the clothes you want to wear appear,This item instantly appears with the outfit of your choice.,0.45403644
152,exp01,recall,Active,microscope,It increases the physical size of the things its observing,This item physically enlarges any object it focuses on.,0.50199974
152,exp01,recall,Active,racquet,It swings itself without the need for a player to swing it,"This item swings on its own, without human intervention.",0.45822245
152,exp01,recall,Active,purse,It can only store one item,This item can only hold one item.,0.693018
152,exp01,recall,Active,mailbox,It can send mail wherever you want,This item can receive mail from anywhere instantaneously.,0.57820886
152,exp01,recall,Active,bikepump,It can only take air from tires,This item is can only be used to deflate tires.,0.6007952
152,exp01,recall,Active,gramophone,It plays songs backwards,This item can plays music backwards.,0.60956055
152,exp01,recall,Active,toiletpaper,I cannot recall,This item cannot be torn.,0.23005638
152,exp01,recall,Active,remote,Something to do with communication i think\n,This item can control any device that is not in the same room.,0.013058919
152,exp01,recall,Active,shoppingcart,I do not recall,This item can move without being pushed.,-0.024831815
152,exp01,recall,Active,blender,It can like unblend things,This item can be used to un-blend any slurry.,0.2790255
152,exp01,recall,Active,frame,I dont remember\n\n,This item can only be used for black and white photographs.,-0.010598787
152,exp01,recall,Active,gavel,Only children can use it,This item can only be held by children.,0.49866727
152,exp01,recall,Active,dogbowl,I dont remember,This item fills up by itself.,0.024806235
152,exp01,recall,Active,jug,It never runs out even if poured,"This item never empties, no matter how much you pour out of it.",0.52121884
152,exp01,recall,Active,milkshake,It can taste like anything you want,This item tastes like anything you wish for it to taste like.,0.75659436
152,exp01,recall,Active,pear,Makes you invisible,This item grants invisibility to anyone who bites it.,0.41465437
152,exp01,recall,Active,doghouse,It changes size to fit the size of the dog,This item adapts to fit the size of any dog that sits in it.,0.6785803
152,exp01,recall,Active,pretzel,It keeps knotting itself,This item unknots and ties itself back together.,0.3033992
152,exp01,recall,Active,seashell,It can communicate from far away\n,This item can be used to hear city streets.,0.24114357
152,exp01,recall,Active,piggybank,Its full before you open but empty once you do,"This item is full until you break it, then it becomes empty.",0.5241101
152,exp01,recall,Active,ladle,It cant nold liquid\n,This item cannot hold any liquid.,0.3150265
152,exp01,recall,Active,rubikscube,It scrambles itself agaisnt people who try to solve it,This item scrambles itself if you try to solve it.,0.637908
152,exp01,recall,Active,paperairplane,It can fly forever,This item can fly to anywhere if you toss it.,0.48923868
152,exp01,recall,Active,camcorder,dont remember,This item has unlimited memory capacity.,0.08651188
152,exp01,recall,Active,starfish,It can make one wish come true,"This item can be used to wish for anything, but only once.",0.5378145
152,exp01,recall,Active,laptop,dont know,This item works only in areas without internet connection.,-0.028299697
152,exp01,recall,Active,feather,can tickle any animak,This item can be used to tickle any animal.,0.6288042
152,exp01,recall,Active,iron,dont remember,This item can wrinkle any fabric.,-0.11648121
152,exp01,recall,Active,broom,can sweep anything,This item collects more dust the more you sweep with it.,0.26860407
152,exp01,recall,Active,landline,can dial any number but they can not respond,"This item can reach any number, but cannot be answered.",0.59201336
152,exp01,recall,Active,soccerball,it always comes back to where it was kicked,"This item can be kicked, but always rolls back to where it started.",0.57647264
152,exp01,recall,Active,tapemeasure,idk\n,This item can measure an unlimited length.,-0.016074078
152,exp01,recall,Active,binoculars,don tknow,This item can be used to see through any object.,-0.052027915
152,exp01,recall,Active,cactus,Has tea inside,This item can contains tea within its arms.,0.3922709
152,exp01,recall,Active,donut,disappears if you try to eat it,This item dissapears if you try to eat it.,0.75252193
154,exp01,recall,Active,alarmclock,Alarm goes off after you wake up,This item only goes off after you wake up.,0.6604587
154,exp01,recall,Active,applecore,grows into any tree if you throw it,"This item grows into any tree desired, if tossed.",0.5901116
154,exp01,recall,Active,starfish,grants you only one wish,"This item can be used to wish for anything, but only once.",0.44086945
154,exp01,recall,Active,piggybank,fills up infinitely but when you break it everything disappears inside,"This item is full until you break it, then it becomes empty.",0.6224498
154,exp01,recall,Active,trumpet,can only play one note,This item can only play one note.,0.78046244
154,exp01,recall,Active,doghouse,can adjust to any size dog ,This item adapts to fit the size of any dog that sits in it.,0.6341295
154,exp01,recall,Active,gumballmachine,can give you candy that heals your jaw,This item dispenses candy that heals your jaw.,0.8264807
154,exp01,recall,Active,hanger,can give you any outfit you desire,This item instantly appears with the outfit of your choice.,0.38946414
154,exp01,recall,Active,shoppingcart,can be pushed indefinitely,This item can move without being pushed.,0.4511035
154,exp01,recall,Active,bikepump,takes away air,This item is can only be used to deflate tires.,0.17450026
154,exp01,recall,Active,ladle,cannot pick up liquids,This item cannot hold any liquid.,0.58318794
154,exp01,recall,Active,blender,can un-blend stuff,This item can be used to un-blend any slurry.,0.36545438
154,exp01,recall,Active,pear,I do not remember,This item grants invisibility to anyone who bites it.,0.001494244
154,exp01,recall,Active,pretzel,This item can untie itself,This item unknots and ties itself back together.,0.45692933
154,exp01,recall,Active,rubikscube,This item scrambles itself when you try to solve it,This item scrambles itself if you try to solve it.,0.95533776
154,exp01,recall,Active,iron,This item wrinkles your clothes,This item can wrinkle any fabric.,0.65416735
154,exp01,recall,Active,racquet,I do not remember,"This item swings on its own, without human intervention.",-0.004542843
154,exp01,recall,Active,landline,You can reach any number but cannot pick up calls,"This item can reach any number, but cannot be answered.",0.58189183
154,exp01,recall,Active,straightener,This item gets colder the longer you use it,This item gets colder the longer its left on.,0.8528991
154,exp01,recall,Active,skates,This item cannot skate on ice,This item can skate on any surface except ice.,0.81239957
154,exp01,recall,Active,pen,this item can only write in invisible ink,This item can only write in invisible ink.,1
154,exp01,recall,Active,walkietalkie,this item has infinite range,This item has an unlimited range.,0.8560225
154,exp01,recall,Active,wateringcan,this item can water things infinitely,This item soaks up water from plants.,0.5254945
154,exp01,recall,Active,feather,this item can tickle any animal,This item can be used to tickle any animal.,0.94996893
154,exp01,recall,Active,tapemeasure,this item can measure an infinite length,This item can measure an unlimited length.,0.8920011
154,exp01,recall,Active,remote,this item can control things outside of the room it's being used in,This item can control any device that is not in the same room.,0.67882824
154,exp01,recall,Active,microscope,this item physically magnifies anything when used,This item physically enlarges any object it focuses on.,0.63400614
154,exp01,recall,Active,gavel,this item can only be used by children,This item can only be held by children.,0.8663041
154,exp01,recall,Active,paperairplane,I do not remember,This item can fly to anywhere if you toss it.,-0.100204445
154,exp01,recall,Active,seashell,This item can hear the street sounds,This item can be used to hear city streets.,0.6385509
154,exp01,recall,Active,mortarpestle,this item can crush anything in one hit,This item crushes anything with a single tap.,0.5920743
154,exp01,recall,Active,binoculars,this item can let you see through walls,This item can be used to see through any object.,0.67764014
154,exp01,recall,Active,hairclip,I do not remember,This item can grasp everything except hair.,-0.015835315
154,exp01,recall,Active,soccerball,I do not remember,"This item can be kicked, but always rolls back to where it started.",-0.104817435
154,exp01,recall,Active,broom,this item can sweep anything but dust,This item collects more dust the more you sweep with it.,0.66884947
154,exp01,recall,Active,bowlingball,this item can adjust weight to whoever uses it,This item weighs whatever weight you choose it to weigh.,0.5340309
154,exp01,recall,Active,toiletpaper,this item cannot be torn,This item cannot be torn.,1
154,exp01,recall,Active,frame,this item can only frame pictures in black and white,This item can only be used for black and white photographs.,0.75447
154,exp01,recall,Active,purse,this bag has infinite storage,This item can only hold one item.,0.2968785
154,exp01,recall,Active,cactus,this item has tea that comes from its arms,This item can contains tea within its arms.,0.80978763
154,exp01,recall,Active,gramophone,this item can play music in reverse,This item can plays music backwards.,0.8187387
154,exp01,recall,Active,jug,this item can pour infinite amounts of liquid,"This item never empties, no matter how much you pour out of it.",0.48083872
154,exp01,recall,Active,mailbox,this item can get mail from anywhere at anytime,This item can receive mail from anywhere instantaneously.,0.8798992
154,exp01,recall,Active,laptop,this item can only be used in places with no internet,This item works only in areas without internet connection.,0.7618761
156,exp01,recall,Active,broom,it is able to fly away,This item collects more dust the more you sweep with it.,0.044870496
156,exp01,recall,Active,applecore,it is able to cast a spell,"This item grows into any tree desired, if tossed.",0.10460658
156,exp01,recall,Active,bowlingball,it is able to roll fast,This item weighs whatever weight you choose it to weigh.,0.13720933
156,exp01,recall,Active,feather,it is able to fly away ,This item can be used to tickle any animal.,0.27412677
156,exp01,recall,Active,paperairplane,it is able to fly away ,This item can fly to anywhere if you toss it.,0.45479855
156,exp01,recall,Active,gumballmachine,it is able t,This item dispenses candy that heals your jaw.,0.08018996
156,exp01,recall,Active,microscope,it is able to see things \n,This item physically enlarges any object it focuses on.,0.23513636
156,exp01,recall,Active,bikepump,it is able to  pump air into things \n,This item is can only be used to deflate tires.,0.2683995
156,exp01,recall,Active,doghouse,it is able to store things ,This item adapts to fit the size of any dog that sits in it.,0.20589584
156,exp01,recall,Active,gramophone,it is able to play music ,This item can plays music backwards.,0.51253414
156,exp01,recall,Active,wateringcan,it is able to have water ,This item soaks up water from plants.,0.3380393
156,exp01,recall,Active,pen,it is able to have ink,This item can only write in invisible ink.,0.48124462
156,exp01,recall,Active,racquet,it is able to throw things far,"This item swings on its own, without human intervention.",0.23244706
156,exp01,recall,Active,dogbowl,it is able to hold water ,This item fills up by itself.,0.32207116
156,exp01,recall,Active,trumpet,has the ability to play sound ,This item can only play one note.,0.25225163
156,exp01,recall,Active,piggybank,hold money,"This item is full until you break it, then it becomes empty.",0.11829978
156,exp01,recall,Active,pretzel,is able to get eaten,This item unknots and ties itself back together.,0.018989597
156,exp01,recall,Active,remote,is able to turn on the TV,This item can control any device that is not in the same room.,0.2793494
156,exp01,recall,Active,gavel,can make noise,This item can only be held by children.,0.07668844
156,exp01,recall,Active,ladle,can hold liquids ,This item cannot hold any liquid.,0.58366215
156,exp01,recall,Active,starfish,has the ability to live underwater \n,"This item can be used to wish for anything, but only once.",0.18183608
156,exp01,recall,Active,alarmclock,can wake people up,This item only goes off after you wake up.,0.3198861
156,exp01,recall,Active,hanger,can hold people clothes ,This item instantly appears with the outfit of your choice.,0.17820771
156,exp01,recall,Active,fishbowl,can live on people table,"This item cannot spill water, no matter how much you shake it.",0.10180025
237,exp01,recall,Passive,broom,Sweeps away dust,This item collects more dust the more you sweep with it.,0.4956846
237,exp01,recall,Passive,rubikscube,Didn't show special capabilities,This item scrambles itself if you try to solve it.,-0.064301714
237,exp01,recall,Passive,remote,plays TV,This item can control any device that is not in the same room.,0.15651289
237,exp01,recall,Passive,tapemeasure,can measure things up to any distance,This item can measure an unlimited length.,0.5312421
237,exp01,recall,Passive,mailbox,doesn't have any special cpaabilities,This item can receive mail from anywhere instantaneously.,0.05379861
237,exp01,recall,Passive,gavel,enforces commands,This item can only be held by children.,-0.027622227
237,exp01,recall,Passive,dogbowl,,This item fills up by itself.,-0.030405285
237,exp01,recall,Passive,laptop,,This item works only in areas without internet connection.,-0.011911726
237,exp01,recall,Passive,skates,can skate on everything but ice,This item can skate on any surface except ice.,0.7855554
237,exp01,recall,Passive,iron,can iron anything,This item can wrinkle any fabric.,0.3786143
237,exp01,recall,Passive,straightener,can straighten anything,This item gets colder the longer its left on.,0.07034499
237,exp01,recall,Passive,pretzel,,This item unknots and ties itself back together.,-0.08940367
237,exp01,recall,Passive,hairclip,can clip onto anything,This item can grasp everything except hair.,0.37980717
237,exp01,recall,Passive,shoppingcart,,This item can move without being pushed.,-0.061893344
237,exp01,recall,Passive,piggybank,can hold anything up until its full and empty when it breaks,"This item is full until you break it, then it becomes empty.",0.6018972
237,exp01,recall,Passive,wateringcan,waters plants,This item soaks up water from plants.,0.4497488
237,exp01,recall,Passive,toiletpaper,,This item cannot be torn.,0.021162901
237,exp01,recall,Passive,pear,,This item grants invisibility to anyone who bites it.,-0.04415672
237,exp01,recall,Passive,ladle,transfers items,This item cannot hold any liquid.,0.15251645
237,exp01,recall,Passive,bowlingball,knocks down pins,This item weighs whatever weight you choose it to weigh.,0.054517478
237,exp01,recall,Passive,binoculars,can see anything,This item can be used to see through any object.,0.2891054
237,exp01,recall,Passive,camcorder,,This item has unlimited memory capacity.,-0.05969113
237,exp01,recall,Passive,frame,frames anything,This item can only be used for black and white photographs.,0.099655315
234,exp01,recall,Passive,landline,to call someone,"This item can reach any number, but cannot be answered.",0.05829906
234,exp01,recall,Passive,mailbox,to send mail to anyone anywhere,This item can receive mail from anywhere instantaneously.,0.4854998
234,exp01,recall,Passive,microscope,to look closer at a specimen,This item physically enlarges any object it focuses on.,0.09134487
234,exp01,recall,Passive,pear,can roll around,This item grants invisibility to anyone who bites it.,-0.016675439
234,exp01,recall,Passive,wateringcan,to water anything ,This item soaks up water from plants.,0.29940575
234,exp01,recall,Passive,alarmclock,to change the time,This item only goes off after you wake up.,0.023788854
234,exp01,recall,Passive,piggybank,to generate money,"This item is full until you break it, then it becomes empty.",-0.027204927
234,exp01,recall,Passive,iron,to straighten any surface,This item can wrinkle any fabric.,0.100722976
234,exp01,recall,Passive,cactus,to scare off predators,This item can contains tea within its arms.,-0.033188965
234,exp01,recall,Passive,gramophone,to play any type of music,This item can plays music backwards.,0.32509685
234,exp01,recall,Passive,donut,provides a boost of energy,This item dissapears if you try to eat it.,0.10536294
234,exp01,recall,Passive,rubikscube,can solve itself,This item scrambles itself if you try to solve it.,0.41905257
234,exp01,recall,Passive,milkshake,provides a boost of energy,This item tastes like anything you wish for it to taste like.,0.09960474
234,exp01,recall,Passive,mortarpestle,can crush anything,This item crushes anything with a single tap.,0.41417634
234,exp01,recall,Passive,gumballmachine,has special prizes inside,This item dispenses candy that heals your jaw.,0.05020137
234,exp01,recall,Passive,laptop,can reflect surfaces,This item works only in areas without internet connection.,0.1676987
234,exp01,recall,Passive,binoculars,can see from far away,This item can be used to see through any object.,0.30122572
234,exp01,recall,Passive,tapemeasure,can measure anything,This item can measure an unlimited length.,0.5132299
234,exp01,recall,Passive,soccerball,can roll around,"This item can be kicked, but always rolls back to where it started.",0.28017163
234,exp01,recall,Passive,hanger,can hang clothes,This item instantly appears with the outfit of your choice.,0.15937525
234,exp01,recall,Passive,frame,frames portraits,This item can only be used for black and white photographs.,0.16898194
234,exp01,recall,Passive,broom,can clean and sweep,This item collects more dust the more you sweep with it.,0.29238093
234,exp01,recall,Passive,bowlingball,rolls away and hits the target,This item weighs whatever weight you choose it to weigh.,0.068403326
234,exp01,recall,Passive,feather,flys away,This item can be used to tickle any animal.,0.16480267
234,exp01,recall,Passive,purse,holds anything,This item can only hold one item.,0.13544787
234,exp01,recall,Passive,blender,blends different ingredients,This item can be used to un-blend any slurry.,-0.02112646
234,exp01,recall,Passive,ladle,scoops up food,This item cannot hold any liquid.,0.07020004
234,exp01,recall,Passive,straightener,straightens hair,This item gets colder the longer its left on.,0.046283506
234,exp01,recall,Passive,remote,turns on any channel,This item can control any device that is not in the same room.,0.12104954
234,exp01,recall,Passive,gavel,adjourns the meeting,This item can only be held by children.,0.075975426
247,exp01,recall,Passive,tapemeasure,doesn't measure anything\n,This item can measure an unlimited length.,0.34940076
247,exp01,recall,Passive,cactus,Holds tea in its leaves,This item can contains tea within its arms.,0.44607162
247,exp01,recall,Passive,skates,Can skate on any surface except ice,This item can skate on any surface except ice.,0.8958769
247,exp01,recall,Passive,frame,Can only hold black and white pictures,This item can only be used for black and white photographs.,0.6536207
247,exp01,recall,Passive,trumpet,Can only play one note,This item can only play one note.,0.78046244
247,exp01,recall,Passive,starfish,Can grant any one wish,"This item can be used to wish for anything, but only once.",0.4933773
247,exp01,recall,Passive,bowlingball,Can be any desired weight,This item weighs whatever weight you choose it to weigh.,0.4923545
247,exp01,recall,Passive,mortarpestle,Can turn anything into powder with one tap,This item crushes anything with a single tap.,0.34084415
247,exp01,recall,Passive,paperairplane,Can fly to any place you want it to,This item can fly to anywhere if you toss it.,0.6133572
247,exp01,recall,Passive,alarmclock,Only goes off after you wake up,This item only goes off after you wake up.,0.7485633
247,exp01,recall,Passive,doghouse,Can adjust its size to fit any dog,This item adapts to fit the size of any dog that sits in it.,0.7211577
247,exp01,recall,Passive,piggybank,Completely full normally but empty when it breaks,"This item is full until you break it, then it becomes empty.",0.61511075
247,exp01,recall,Passive,pear,Taking a bite turns you invisible,This item grants invisibility to anyone who bites it.,0.49205196
247,exp01,recall,Passive,hanger,Has the outfit you want on it,This item instantly appears with the outfit of your choice.,0.5690793
247,exp01,recall,Passive,camcorder,Has unlimited storage,This item has unlimited memory capacity.,0.5704573
247,exp01,recall,Passive,gumballmachine,Has gum that heals your jaw,This item dispenses candy that heals your jaw.,0.7119671
247,exp01,recall,Passive,shoppingcart,no clue,This item can move without being pushed.,-0.07835491
247,exp01,recall,Passive,fishbowl,"No matter how much you shake it, nothing will spill","This item cannot spill water, no matter how much you shake it.",0.7747765
247,exp01,recall,Passive,seashell,no clue,This item can be used to hear city streets.,-0.08973192
247,exp01,recall,Passive,landline,Can dial any number but won't receive anything,"This item can reach any number, but cannot be answered.",0.547909
247,exp01,recall,Passive,rubikscube,Scrambles itself anytime you try to solve it,This item scrambles itself if you try to solve it.,0.6430652
247,exp01,recall,Passive,iron,Creates wrinkles in your clothes,This item can wrinkle any fabric.,0.4763627
247,exp01,recall,Passive,laptop,Only works in areas with no internet,This item works only in areas without internet connection.,0.72629166
247,exp01,recall,Passive,straightener,Makes things colder,This item gets colder the longer its left on.,0.49457702
247,exp01,recall,Passive,milkshake,Can be any flavor you want,This item tastes like anything you wish for it to taste like.,0.5035615
247,exp01,recall,Passive,remote,Works on anything not inside the same room,This item can control any device that is not in the same room.,0.51500905
247,exp01,recall,Passive,gavel,Only children can use it,This item can only be held by children.,0.49866727
247,exp01,recall,Passive,dogbowl,Fills up on its own,This item fills up by itself.,0.5866046
247,exp01,recall,Passive,racquet,Swings without human assistance,"This item swings on its own, without human intervention.",0.47311467
247,exp01,recall,Passive,purse,Can only hold 1 item,This item can only hold one item.,0.72768134
247,exp01,recall,Passive,ladle,It can't hold any liquid,This item cannot hold any liquid.,0.7466254
247,exp01,recall,Passive,toiletpaper,It can't be torn,This item cannot be torn.,0.63824445
247,exp01,recall,Passive,jug,It will never empty,"This item never empties, no matter how much you pour out of it.",0.4693264
247,exp01,recall,Passive,binoculars,Can see through anything,This item can be used to see through any object.,0.51321185
247,exp01,recall,Passive,feather,Can't tickle anybody,This item can be used to tickle any animal.,0.54743177
247,exp01,recall,Passive,microscope,Physically enlarges anything under it,This item physically enlarges any object it focuses on.,0.35889465
247,exp01,recall,Passive,bikepump,Deflates anything,This item is can only be used to deflate tires.,0.14857095
247,exp01,recall,Passive,wateringcan,Grows anything it waters,This item soaks up water from plants.,0.34542832
247,exp01,recall,Passive,cereal,Makes you fall asleep after eating,This item makes you fall asleep if eaten.,0.72046864
247,exp01,recall,Passive,donut,Disappears after one bite,This item dissapears if you try to eat it.,0.28973454
247,exp01,recall,Passive,gramophone,Plays music backwards,This item can plays music backwards.,0.6729888
247,exp01,recall,Passive,pretzel,Twists and untwists itself,This item unknots and ties itself back together.,0.27033505
247,exp01,recall,Passive,applecore,Will grow into any desired tree when thrown,"This item grows into any tree desired, if tossed.",0.6496059
247,exp01,recall,Passive,mailbox,Instantly sends and receives mail,This item can receive mail from anywhere instantaneously.,0.5287628
248,exp01,recall,Passive,mailbox,can receive mail from anywhere instantly,This item can receive mail from anywhere instantaneously.,0.78764826
248,exp01,recall,Passive,gavel,only children can use it,This item can only be held by children.,0.49866727
248,exp01,recall,Passive,racquet,can swing without human intervention,"This item swings on its own, without human intervention.",0.58702165
248,exp01,recall,Passive,rubikscube,scrambles itself when you try to solve it,This item scrambles itself if you try to solve it.,0.71986777
248,exp01,recall,Passive,hairclip,can grasp anything but hair,This item can grasp everything except hair.,0.7407285
248,exp01,recall,Passive,fishbowl,can never spill water,"This item cannot spill water, no matter how much you shake it.",0.6329745
248,exp01,recall,Passive,alarmclock,only rings after you wake up,This item only goes off after you wake up.,0.54617965
248,exp01,recall,Passive,pretzel,can unwind and retie itself,This item unknots and ties itself back together.,0.28092518
248,exp01,recall,Passive,dogbowl,can fill itself up,This item fills up by itself.,0.3106377
248,exp01,recall,Passive,camcorder,has unlimited memory capacity,This item has unlimited memory capacity.,0.814778
248,exp01,recall,Passive,bowlingball,weighs anything you want it to,This item weighs whatever weight you choose it to weigh.,0.5261179
248,exp01,recall,Passive,gramophone,can only play songs backwards,This item can plays music backwards.,0.5950984
248,exp01,recall,Passive,tapemeasure,can measure an infinite length,This item can measure an unlimited length.,0.73773336
248,exp01,recall,Passive,binoculars,can see through objects,This item can be used to see through any object.,0.69658273
248,exp01,recall,Passive,remote,can only control objects in another room,This item can control any device that is not in the same room.,0.6278734
248,exp01,recall,Passive,walkietalkie,has infinite range,This item has an unlimited range.,0.5507133
248,exp01,recall,Passive,frame,can only display black and white pictures,This item can only be used for black and white photographs.,0.6199167
248,exp01,recall,Passive,gumballmachine,can heal a broken jaw,This item dispenses candy that heals your jaw.,0.47550836
248,exp01,recall,Passive,skates,can skate on anything but ice,This item can skate on any surface except ice.,0.7822262
248,exp01,recall,Passive,piggybank,is full until you break it open,"This item is full until you break it, then it becomes empty.",0.5801246
248,exp01,recall,Passive,bikepump,,This item is can only be used to deflate tires.,-0.001429157
248,exp01,recall,Passive,trumpet,can only play one note,This item can only play one note.,0.78046244
248,exp01,recall,Passive,straightener,gets cooler the longer it stays on,This item gets colder the longer its left on.,0.59767956
248,exp01,recall,Passive,microscope,physically enlarges objects it focuses on,This item physically enlarges any object it focuses on.,0.75453675
248,exp01,recall,Passive,cactus,contains tea,This item can contains tea within its arms.,0.5197455
248,exp01,recall,Passive,landline,can reach any number but cannot receive,"This item can reach any number, but cannot be answered.",0.6769558
248,exp01,recall,Passive,paperairplane,can fly anywhere once thrown,This item can fly to anywhere if you toss it.,0.5473159
249,exp01,recall,Passive,gumballmachine,give candy,This item dispenses candy that heals your jaw.,0.35884923
249,exp01,recall,Passive,soccerball,can be kicked,"This item can be kicked, but always rolls back to where it started.",0.4118023
249,exp01,recall,Passive,gramophone,provide sound,This item can plays music backwards.,0.06330296
249,exp01,recall,Passive,jug,hold water,"This item never empties, no matter how much you pour out of it.",0.17632782
249,exp01,recall,Passive,dogbowl,can hold items no matter how much,This item fills up by itself.,0.2544702
249,exp01,recall,Passive,rubikscube,hard to recover if messed up,This item scrambles itself if you try to solve it.,0.19659841
249,exp01,recall,Passive,remote,can turn on things in another room,This item can control any device that is not in the same room.,0.4645916
249,exp01,recall,Passive,walkietalkie,can call each other,This item has an unlimited range.,0.028449647
249,exp01,recall,Passive,donut,yummy,This item dissapears if you try to eat it.,0.21064715
249,exp01,recall,Passive,bowlingball,heavy if hold,This item weighs whatever weight you choose it to weigh.,0.19669642
249,exp01,recall,Passive,tapemeasure,can measure the length,This item can measure an unlimited length.,0.6262584
249,exp01,recall,Passive,wateringcan,can nourish the plant,This item soaks up water from plants.,0.31095093
249,exp01,recall,Passive,broom,can swipe,This item collects more dust the more you sweep with it.,0.09647774
249,exp01,recall,Passive,piggybank,"can store money. if break, it will empty","This item is full until you break it, then it becomes empty.",0.47314227
249,exp01,recall,Passive,ladle,can have liquid in ,This item cannot hold any liquid.,0.59029996
249,exp01,recall,Passive,milkshake,yummy,This item tastes like anything you wish for it to taste like.,0.27284098
249,exp01,recall,Passive,frame,can only show black and white pics,This item can only be used for black and white photographs.,0.59846485
249,exp01,recall,Passive,microscope,show small things big and clear,This item physically enlarges any object it focuses on.,0.101312585
249,exp01,recall,Passive,camcorder,take pic,This item has unlimited memory capacity.,-0.061819337
249,exp01,recall,Passive,blender,blend things together,This item can be used to un-blend any slurry.,0.08008599
249,exp01,recall,Passive,starfish,starfish,"This item can be used to wish for anything, but only once.",0.03414116
249,exp01,recall,Passive,racquet,badminton,"This item swings on its own, without human intervention.",0.08021705
249,exp01,recall,Passive,landline,call,"This item can reach any number, but cannot be answered.",0.08244934
249,exp01,recall,Passive,paperairplane,fly to wherever it wants,This item can fly to anywhere if you toss it.,0.53117293
249,exp01,recall,Passive,seashell,hear the city sound,This item can be used to hear city streets.,0.3579984
249,exp01,recall,Passive,laptop,computer,This item works only in areas without internet connection.,0.07954095
249,exp01,recall,Passive,toiletpaper,wipe,This item cannot be torn.,0.07521869
249,exp01,recall,Passive,gavel,can only be hold by children,This item can only be held by children.,0.6582184
249,exp01,recall,Passive,bikepump,gas,This item is can only be used to deflate tires.,0.10397579
249,exp01,recall,Passive,alarmclock,clock,This item only goes off after you wake up.,0.17524536
249,exp01,recall,Passive,straightener,make things straight,This item gets colder the longer its left on.,-0.096580416
249,exp01,recall,Passive,mailbox,get mails,This item can receive mail from anywhere instantaneously.,0.2841714
249,exp01,recall,Passive,binoculars,see things far away,This item can be used to see through any object.,0.121695474
249,exp01,recall,Passive,hairclip,hold things tight,This item can grasp everything except hair.,0.10336848
249,exp01,recall,Passive,mortarpestle,crash things,This item crushes anything with a single tap.,0.18482345
249,exp01,recall,Passive,iron,make wrinkle smooth,This item can wrinkle any fabric.,0.3775336
249,exp01,recall,Passive,pretzel,yummy,This item unknots and ties itself back together.,0.009834344
249,exp01,recall,Passive,feather,tickle people,This item can be used to tickle any animal.,0.4395521
249,exp01,recall,Passive,skates,skating,This item can skate on any surface except ice.,0.38647288
249,exp01,recall,Passive,doghouse,fit for any animal in,This item adapts to fit the size of any dog that sits in it.,0.3823958
249,exp01,recall,Passive,hanger,hang,This item instantly appears with the outfit of your choice.,-0.011570957
249,exp01,recall,Passive,pen,write,This item can only write in invisible ink.,0.22765079
249,exp01,recall,Passive,cactus,?,This item can contains tea within its arms.,-0.04595695
249,exp01,recall,Passive,pear,pear,This item grants invisibility to anyone who bites it.,0.006635338
249,exp01,recall,Passive,applecore,apple ate,"This item grows into any tree desired, if tossed.",0.026375141
249,exp01,recall,Passive,trumpet,make loud sound,This item can only play one note.,-0.04322787
250,exp01,recall,Passive,ladle,cant hold any liquid,This item cannot hold any liquid.,0.73639584
250,exp01,recall,Passive,jug,can hold any liquid,"This item never empties, no matter how much you pour out of it.",0.2481555
250,exp01,recall,Passive,bowlingball,cant hit anything,This item weighs whatever weight you choose it to weigh.,0.010893762
250,exp01,recall,Passive,doghouse,adjusts size to fit any dog,This item adapts to fit the size of any dog that sits in it.,0.70219904
250,exp01,recall,Passive,remote,changes to any channel,This item can control any device that is not in the same room.,0.055972505
250,exp01,recall,Passive,purse,the bag can only hold one item,This item can only hold one item.,0.62836087
250,exp01,recall,Passive,bikepump,cant pump any air,This item is can only be used to deflate tires.,0.2874836
250,exp01,recall,Passive,cereal,is always full,This item makes you fall asleep if eaten.,0.04802954
250,exp01,recall,Passive,racquet,moves on its own to hit,"This item swings on its own, without human intervention.",0.25399
250,exp01,recall,Passive,wateringcan,always full of water,This item soaks up water from plants.,0.28001416
250,exp01,recall,Passive,feather,heavy,This item can be used to tickle any animal.,0.028994042
250,exp01,recall,Passive,walkietalkie,can transmit an infinite distance,This item has an unlimited range.,0.35815528
250,exp01,recall,Passive,pen,cant write anything,This item can only write in invisible ink.,0.38165665
250,exp01,recall,Passive,mailbox,can send a letter to anywhere,This item can receive mail from anywhere instantaneously.,0.4119001
250,exp01,recall,Passive,rubikscube,always scrambles itself when trying to solve,This item scrambles itself if you try to solve it.,0.49013904
250,exp01,recall,Passive,shoppingcart,always remains empty,This item can move without being pushed.,0.077649094
250,exp01,recall,Passive,laptop,only works without internet connection,This item works only in areas without internet connection.,0.6582115
250,exp01,recall,Passive,mortarpestle,breaks anything in one hit,This item crushes anything with a single tap.,0.20663737
250,exp01,recall,Passive,frame,only shows black and white photographs,This item can only be used for black and white photographs.,0.5893035
250,exp01,recall,Passive,broom,does not clean anything,This item collects more dust the more you sweep with it.,0.21214747
250,exp01,recall,Passive,pretzel,always reties itself,This item unknots and ties itself back together.,0.056149278
250,exp01,recall,Passive,tapemeasure,can measure an infinite length,This item can measure an unlimited length.,0.73773336
250,exp01,recall,Passive,paperairplane,can fly an infinite distance,This item can fly to anywhere if you toss it.,0.37702715
250,exp01,recall,Passive,blender,can unmix any slurry,This item can be used to un-blend any slurry.,0.59761715
250,exp01,recall,Passive,soccerball,when kicked always returns to the place it was kicked from,"This item can be kicked, but always rolls back to where it started.",0.5585079
250,exp01,recall,Passive,iron,cant iron anything,This item can wrinkle any fabric.,0.23390818
250,exp01,recall,Passive,microscope,can see into anything,This item physically enlarges any object it focuses on.,0.17722438
250,exp01,recall,Passive,hanger,this comes with any outfit you want to wear,This item instantly appears with the outfit of your choice.,0.61728454
250,exp01,recall,Passive,trumpet,cant play any sound,This item can only play one note.,0.28148103
250,exp01,recall,Passive,gramophone,can play any music,This item can plays music backwards.,0.49941608
250,exp01,recall,Passive,piggybank,can break only when full,"This item is full until you break it, then it becomes empty.",0.4286639
250,exp01,recall,Passive,seashell,can hear the city from the shell,This item can be used to hear city streets.,0.44253284
250,exp01,recall,Passive,camcorder,can record anything,This item has unlimited memory capacity.,0.17820708
250,exp01,recall,Passive,cactus,arms are full of tea,This item can contains tea within its arms.,0.5098879
250,exp01,recall,Passive,pear,tastes like any fruit,This item grants invisibility to anyone who bites it.,0.10169553
250,exp01,recall,Passive,alarmclock,only rings after you are awake,This item only goes off after you wake up.,0.44657218
250,exp01,recall,Passive,binoculars,can see through anything,This item can be used to see through any object.,0.51321185
250,exp01,recall,Passive,applecore,cant be eaten,"This item grows into any tree desired, if tossed.",0.0614405
250,exp01,recall,Passive,starfish,can cling to anything,"This item can be used to wish for anything, but only once.",0.19250914
250,exp01,recall,Passive,landline,can call from anywhere,"This item can reach any number, but cannot be answered.",0.32096615
251,exp01,recall,Passive,rubikscube,This item scrambles itself when you try to place it,This item scrambles itself if you try to solve it.,0.7754066
251,exp01,recall,Passive,alarmclock,"I misclicked, I meant to say it was new",This item only goes off after you wake up.,0.06947555
251,exp01,recall,Passive,cereal,it is unlimited,This item makes you fall asleep if eaten.,0.030669164
251,exp01,recall,Passive,straightener,untangles your hair,This item gets colder the longer its left on.,-0.017330877
251,exp01,recall,Passive,gramophone,Plays music backward,This item can plays music backwards.,0.5885066
251,exp01,recall,Passive,cactus,never shrivles,This item can contains tea within its arms.,-0.06642413
251,exp01,recall,Passive,frame,,This item can only be used for black and white photographs.,-0.025876574
251,exp01,recall,Passive,walkietalkie,Can talk to anybody anywhere,This item has an unlimited range.,0.09658109
251,exp01,recall,Passive,feather,can tickle any animal,This item can be used to tickle any animal.,0.7994819
251,exp01,recall,Passive,bowlingball,I do not remember.,This item weighs whatever weight you choose it to weigh.,-0.028600616
251,exp01,recall,Passive,camcorder,Has infinite memory space,This item has unlimited memory capacity.,0.59141445
251,exp01,recall,Passive,pear,I do not remember.,This item grants invisibility to anyone who bites it.,0.001494248
251,exp01,recall,Passive,dogbowl,Never spills,This item fills up by itself.,0.123437665
251,exp01,recall,Passive,trumpet,I do not remember,This item can only play one note.,0.023059383
251,exp01,recall,Passive,tapemeasure,Can measure unlimited length,This item can measure an unlimited length.,0.7454901
251,exp01,recall,Passive,racquet,automatically swings,"This item swings on its own, without human intervention.",0.2623031
251,exp01,recall,Passive,paperairplane,can fly forever,This item can fly to anywhere if you toss it.,0.4738646
251,exp01,recall,Passive,piggybank,always full but when you break it becomes empty,"This item is full until you break it, then it becomes empty.",0.7436179
251,exp01,recall,Passive,bikepump,Is able to deflate tires,This item is can only be used to deflate tires.,0.74602455
251,exp01,recall,Passive,mortarpestle,I do not remember,This item crushes anything with a single tap.,0.0664813
251,exp01,recall,Passive,remote,can control anything inside of the room it is in,This item can control any device that is not in the same room.,0.4836778
251,exp01,recall,Passive,applecore,can grow a tree,"This item grows into any tree desired, if tossed.",0.4333689
251,exp01,recall,Passive,microscope,can physically enlargen anything,This item physically enlarges any object it focuses on.,0.26971072
251,exp01,recall,Passive,blender,can unblend any slurry,This item can be used to un-blend any slurry.,0.64567167
251,exp01,recall,Passive,gavel,can only be used by children,This item can only be held by children.,0.61613315
251,exp01,recall,Passive,seashell,if you put your ear to it you can hear the sounds of the city,This item can be used to hear city streets.,0.45230347
251,exp01,recall,Passive,mailbox,can store unlimited mail,This item can receive mail from anywhere instantaneously.,0.47627178
254,exp01,recall,Passive,straightener,Not sure. ,This item gets colder the longer its left on.,0.011310346
254,exp01,recall,Passive,racquet,Play badminton?,"This item swings on its own, without human intervention.",0.059094153
254,exp01,recall,Passive,shoppingcart,shopping?,This item can move without being pushed.,0.05127085
254,exp01,recall,Passive,microscope,See things ,This item physically enlarges any object it focuses on.,0.036203172
254,exp01,recall,Passive,broom,something related to interacting with animals. ,This item collects more dust the more you sweep with it.,-0.09823756
254,exp01,recall,Passive,dogbowl,Not sure. ,This item fills up by itself.,-0.104068965
254,exp01,recall,Passive,bikepump,wasn't able to recall that.,This item is can only be used to deflate tires.,0.13900143
254,exp01,recall,Passive,alarmclock,turns off only when you wake up. ,This item only goes off after you wake up.,0.6399118
254,exp01,recall,Passive,pretzel,knit and tie stuff. ,This item unknots and ties itself back together.,0.3708924
254,exp01,recall,Passive,piggybank,store coins?,"This item is full until you break it, then it becomes empty.",0.09219994
254,exp01,recall,Passive,feather,not sure \n,This item can be used to tickle any animal.,-0.0027222
254,exp01,recall,Passive,donut,not sure ,This item dissapears if you try to eat it.,0.007031597
254,exp01,recall,Passive,toiletpaper,can be torn ,This item cannot be torn.,0.46537712
254,exp01,recall,Passive,hanger,not sure ,This item instantly appears with the outfit of your choice.,-0.0510535
254,exp01,recall,Passive,iron,not sure ,This item can wrinkle any fabric.,-0.031159107
254,exp01,recall,Passive,mortarpestle,mix things,This item crushes anything with a single tap.,0.047834143
254,exp01,recall,Passive,cactus,the leafs can be used to make tea,This item can contains tea within its arms.,0.26636586
254,exp01,recall,Passive,gavel,only used by children. ,This item can only be held by children.,0.3922126
254,exp01,recall,Passive,applecore,eat ,"This item grows into any tree desired, if tossed.",0.008697918
254,exp01,recall,Passive,seashell,hear the sounds and crowds on the city streets ,This item can be used to hear city streets.,0.4733813
254,exp01,recall,Passive,wateringcan,soak water to plants \n,This item soaks up water from plants.,0.487162
254,exp01,recall,Passive,rubikscube,not sure ,This item scrambles itself if you try to solve it.,-0.025269397
254,exp01,recall,Passive,frame,only place black and white pictures in it. ,This item can only be used for black and white photographs.,0.5475302
254,exp01,recall,Passive,landline,can call any phone number and places but can't be answered. ,"This item can reach any number, but cannot be answered.",0.5007206
254,exp01,recall,Passive,binoculars,use to see things? ,This item can be used to see through any object.,0.29043728
254,exp01,recall,Passive,mailbox,receive mails from everywhere ,This item can receive mail from anywhere instantaneously.,0.4918592
254,exp01,recall,Passive,ladle,to get liquid ,This item cannot hold any liquid.,0.425111
254,exp01,recall,Passive,laptop,type things ,This item works only in areas without internet connection.,-0.06751318
254,exp01,recall,Passive,milkshake,was able to turn anything into the flavor you like. ,This item tastes like anything you wish for it to taste like.,0.53288484
254,exp01,recall,Passive,skates,skating on ice ,This item can skate on any surface except ice.,0.478893
254,exp01,recall,Passive,jug,not sure ,"This item never empties, no matter how much you pour out of it.",-0.050366715
256,exp01,recall,Passive,hairclip,it does not hold hair,This item can grasp everything except hair.,0.5182574
256,exp01,recall,Passive,wateringcan,it cannot hold water,This item soaks up water from plants.,0.316181
256,exp01,recall,Passive,starfish,it is not a star,"This item can be used to wish for anything, but only once.",0.20524126
256,exp01,recall,Passive,pear,do not eat,This item grants invisibility to anyone who bites it.,0.029330112
256,exp01,recall,Passive,cactus,do not touch,This item can contains tea within its arms.,-0.001542712
256,exp01,recall,Passive,dogbowl,no idea,This item fills up by itself.,-0.07089209
256,exp01,recall,Passive,toiletpaper,it does not pick up poop,This item cannot be torn.,0.27008513
256,exp01,recall,Passive,microscope,it does not scope little organisms,This item physically enlarges any object it focuses on.,0.19494222
256,exp01,recall,Passive,fishbowl,it does not hold a fish,"This item cannot spill water, no matter how much you shake it.",0.21475482
256,exp01,recall,Passive,hanger,it does not hold clothes for you,This item instantly appears with the outfit of your choice.,0.34245223
256,exp01,recall,Passive,seashell,it calls to Poesdian,This item can be used to hear city streets.,0.11008024
256,exp01,recall,Passive,donut,it can make you a cop,This item dissapears if you try to eat it.,0.19522338
256,exp01,recall,Passive,remote,it can call to the amazing world of gumball universe,This item can control any device that is not in the same room.,0.10489294
256,exp01,recall,Passive,racquet,it smacks wind so sind does not blow on you,"This item swings on its own, without human intervention.",0.11602038
256,exp01,recall,Passive,skates,it skate so you cna walk and sakte on concrete roads when there is ice on it,This item can skate on any surface except ice.,0.46617782
256,exp01,recall,Passive,laptop,it searches up anything you cna put your miund up to,This item works only in areas without internet connection.,0.03794141
256,exp01,recall,Passive,bikepump,bruh it does fill up with water,This item is can only be used to deflate tires.,0.18214035
256,exp01,recall,Passive,rubikscube,it does not and can not solve itself,This item scrambles itself if you try to solve it.,0.2956673
256,exp01,recall,Passive,landline,blah blah your phone is ringing your phone has santa on the line,"This item can reach any number, but cannot be answered.",0.17461237
256,exp01,recall,Passive,broom,clean the floor its all dirty,This item collects more dust the more you sweep with it.,0.27474517
256,exp01,recall,Passive,feather,the feather is heavier than somone in the world,This item can be used to tickle any animal.,0.26203567
256,exp01,recall,Passive,binoculars,it can see nothing,This item can be used to see through any object.,0.2658295
256,exp01,recall,Passive,piggybank,it does nothing but hold everything until you opne it it breaks,"This item is full until you break it, then it becomes empty.",0.46381038
256,exp01,recall,Passive,alarmclock,it only works after you wake up,This item only goes off after you wake up.,0.65050817
256,exp01,recall,Passive,ladle,it does not hold any water,This item cannot hold any liquid.,0.4166103
256,exp01,recall,Passive,pretzel,it doe snot twist and turn\n,This item unknots and ties itself back together.,0.28109357
256,exp01,recall,Passive,iron,it jus wets everything,This item can wrinkle any fabric.,0.035190694
256,exp01,recall,Passive,shoppingcart,it can only hold a human nothing else,This item can move without being pushed.,0.367584
256,exp01,recall,Passive,paperairplane,it flys until space ends,This item can fly to anywhere if you toss it.,0.34318537
256,exp01,recall,Passive,applecore,whoever eats it it does not satisfed hungy it makes you more hungry,"This item grows into any tree desired, if tossed.",0.24306709
256,exp01,recall,Passive,doghouse,it where a dog lives,This item adapts to fit the size of any dog that sits in it.,0.37120378
246,exp01,recall,Passive,remote,This item can control what is on a tv.,This item can control any device that is not in the same room.,0.58504134
246,exp01,recall,Passive,pear,You can eat this item.,This item grants invisibility to anyone who bites it.,0.25821042
246,exp01,recall,Passive,shoppingcart,You can use this item to put things inside and push things around.,This item can move without being pushed.,0.5212701
246,exp01,recall,Passive,dogbowl,This item can hold or contain other items inside.,This item fills up by itself.,0.37300587
246,exp01,recall,Passive,trumpet,You can play music and tunes through this item when you blow in it.,This item can only play one note.,0.41008502
246,exp01,recall,Passive,mortarpestle,You can beat other objects within this bowl with the stick inside.,This item crushes anything with a single tap.,0.13372484
246,exp01,recall,Passive,jug,This item can hold and contain other items like flowers inside.,"This item never empties, no matter how much you pour out of it.",0.28431094
246,exp01,recall,Passive,hanger,This item is used to pick out and hold an outfit or clothing.,This item instantly appears with the outfit of your choice.,0.5222527
246,exp01,recall,Passive,camcorder,This item is used to record unlimited things.,This item has unlimited memory capacity.,0.5421468
246,exp01,recall,Passive,pretzel,This item can be eaten.,This item unknots and ties itself back together.,0.24242035
246,exp01,recall,Passive,starfish,This item is an living organism in the ocean.,"This item can be used to wish for anything, but only once.",0.14237863
246,exp01,recall,Passive,toiletpaper,This item is a necessity for the bathroom.,This item cannot be torn.,0.34976053
246,exp01,recall,Passive,iron,This item is used to flatten clothes with wrinkles.,This item can wrinkle any fabric.,0.64490074
246,exp01,recall,Passive,purse,This item is used to hold other things and carried on the shoulder or wrist.,This item can only hold one item.,0.26879528
246,exp01,recall,Passive,pen,This item is used to make markings on paper.,This item can only write in invisible ink.,0.39424658
246,exp01,recall,Passive,rubikscube,This item is a game that people play for fun and to test brain skills.,This item scrambles itself if you try to solve it.,0.23404327
246,exp01,recall,Passive,alarmclock,This item is used to tell time.,This item only goes off after you wake up.,0.41276693
246,exp01,recall,Passive,landline,This item is used to communicate with people anywhere.,"This item can reach any number, but cannot be answered.",0.3874651
246,exp01,recall,Passive,cereal,This item is typically eaten for breakfast.,This item makes you fall asleep if eaten.,0.42329013
246,exp01,recall,Passive,blender,This item is used to mix things.,This item can be used to un-blend any slurry.,0.5220498
246,exp01,recall,Passive,walkietalkie,This item is used to communicate with other people.,This item has an unlimited range.,0.23090324
246,exp01,recall,Passive,gumballmachine,This item is used to get candy/gum.,This item dispenses candy that heals your jaw.,0.30313024
246,exp01,recall,Passive,microscope,This item is used to look at microscopic things.,This item physically enlarges any object it focuses on.,0.49963936
246,exp01,recall,Passive,cactus,This item is a plant that grows outside.,This item can contains tea within its arms.,0.40232566
246,exp01,recall,Passive,racquet,This item is used to hit a ball in sports.,"This item swings on its own, without human intervention.",0.33312553
246,exp01,recall,Passive,tapemeasure,This item is used to measure things with unlimited length.,This item can measure an unlimited length.,0.8162309
246,exp01,recall,Passive,hairclip,This item is used to hold hair.,This item can grasp everything except hair.,0.6011135
246,exp01,recall,Passive,frame,This item is used to frame things.,This item can only be used for black and white photographs.,0.42852867
246,exp01,recall,Passive,binoculars,This item is used to see through things.,This item can be used to see through any object.,0.752561
246,exp01,recall,Passive,straightener,This item is used to straighten hair.,This item gets colder the longer its left on.,0.26783246
246,exp01,recall,Passive,feather,This item comes from animals.,This item can be used to tickle any animal.,0.47749507
246,exp01,recall,Passive,applecore,This item is a fruit that can be eaten.,"This item grows into any tree desired, if tossed.",0.29722592
246,exp01,recall,Passive,wateringcan,"This item is used to water things, typically flowers or plants.",This item soaks up water from plants.,0.66630363
246,exp01,recall,Passive,paperairplane,This item is made from paper and then thrown.,This item can fly to anywhere if you toss it.,0.37418813
246,exp01,recall,Passive,donut,This item is a sweet treat that is eaten.,This item dissapears if you try to eat it.,0.5487621
157,exp01,recall,Active,dogbowl,Can fill up itself,This item fills up by itself.,0.41719764
157,exp01,recall,Active,alarmclock,tell time,This item only goes off after you wake up.,0.100886986
157,exp01,recall,Active,doghouse,can adapt to fit any size dog,This item adapts to fit the size of any dog that sits in it.,0.70029545
157,exp01,recall,Active,fishbowl,will not spill no matter how far you tip it,"This item cannot spill water, no matter how much you shake it.",0.42542553
157,exp01,recall,Active,wateringcan,will absorb water from plants,This item soaks up water from plants.,0.69424105
157,exp01,recall,Active,trumpet,can only play one note,This item can only play one note.,0.7804624
157,exp01,recall,Active,mailbox,can only deliver mail,This item can receive mail from anywhere instantaneously.,0.5507767
157,exp01,recall,Active,tapemeasure,can only measure far distances,This item can measure an unlimited length.,0.43482667
157,exp01,recall,Active,bowlingball,weighs whatever you determine it weighs,This item weighs whatever weight you choose it to weigh.,0.6852211
157,exp01,recall,Active,toiletpaper,cannot be torn,This item cannot be torn.,0.6498354
157,exp01,recall,Active,hanger,can hold multiple clothes at one time,This item instantly appears with the outfit of your choice.,0.1316019
157,exp01,recall,Active,pen,can only write in invisible ink,This item can only write in invisible ink.,0.88499606
157,exp01,recall,Active,jug,cannot hold/pour anything,"This item never empties, no matter how much you pour out of it.",0.038026273
157,exp01,recall,Active,soccerball,,"This item can be kicked, but always rolls back to where it started.",-0.015759485
157,exp01,recall,Active,blender,can unblend any slurry,This item can be used to un-blend any slurry.,0.6456716
157,exp01,recall,Active,skates,can skate on any surface except ice,This item can skate on any surface except ice.,0.89587694
157,exp01,recall,Active,purse,can only hold one item,This item can only hold one item.,0.79024696
157,exp01,recall,Active,starfish,can fly,"This item can be used to wish for anything, but only once.",0.10721584
157,exp01,recall,Active,broom,collects dust as it sweeps,This item collects more dust the more you sweep with it.,0.61758256
157,exp01,recall,Active,binoculars,can see through any object,This item can be used to see through any object.,0.7851048
157,exp01,recall,Active,microscope,physically enlarges whatever it looks at,This item physically enlarges any object it focuses on.,0.36227518
157,exp01,recall,Active,rubikscube,unscrambles as you try to solve it,This item scrambles itself if you try to solve it.,0.63521326
157,exp01,recall,Active,donut,something if you try to eat it - you cannot eat it,This item dissapears if you try to eat it.,0.62166625
157,exp01,recall,Active,paperairplane,can fly anywhere you throw it,This item can fly to anywhere if you toss it.,0.70874345
157,exp01,recall,Active,walkietalkie,only work where no radio frequency is available,This item has an unlimited range.,0.16611353
157,exp01,recall,Active,gramophone,can only play one note,This item can plays music backwards.,0.45539978
157,exp01,recall,Active,mortarpestle,can ground anything with one smash,This item crushes anything with a single tap.,0.29465437
157,exp01,recall,Active,camcorder,cannot record,This item has unlimited memory capacity.,0.17652196
157,exp01,recall,Active,milkshake,is finished in one sip,This item tastes like anything you wish for it to taste like.,0.122752786
157,exp01,recall,Active,gavel,can only be used by children,This item can only be held by children.,0.6161332
157,exp01,recall,Active,cactus,can hold 1 tea bag,This item can contains tea within its arms.,0.4057976
157,exp01,recall,Active,hairclip,cannot be used for hair,This item can grasp everything except hair.,0.47302848
157,exp01,recall,Active,pear,,This item grants invisibility to anyone who bites it.,-0.04415672
157,exp01,recall,Active,bikepump,it can jump,This item is can only be used to deflate tires.,0.13657904
157,exp01,recall,Active,racquet,it swings back and forth by itself,"This item swings on its own, without human intervention.",0.48915285
157,exp01,recall,Active,remote,can change any channel anywhere,This item can control any device that is not in the same room.,0.22358735
157,exp01,recall,Active,iron,wrinkles anything it tries to iron,This item can wrinkle any fabric.,0.46008492
157,exp01,recall,Active,piggybank,is full and becomes less full over time,"This item is full until you break it, then it becomes empty.",0.50153005
157,exp01,recall,Active,pretzel,twists itself,This item unknots and ties itself back together.,0.14398226
157,exp01,recall,Active,cereal,fills itself with milk,This item makes you fall asleep if eaten.,0.243974
157,exp01,recall,Active,gumballmachine,dispenses multiple at a time,This item dispenses candy that heals your jaw.,0.032752033
157,exp01,recall,Active,applecore,can grow a tree when planted,"This item grows into any tree desired, if tossed.",0.47483575
157,exp01,recall,Active,frame,can only hold black and white photos,This item can only be used for black and white photographs.,0.6764097
157,exp01,recall,Active,seashell,can be used to hear city streets,This item can be used to hear city streets.,0.79321027
157,exp01,recall,Active,straightener,cools down when turned on,This item gets colder the longer its left on.,0.29404864
157,exp01,recall,Active,landline,"can only send calls, cannot receive any","This item can reach any number, but cannot be answered.",0.38365227
157,exp01,recall,Active,ladle,cannot hold more than a drop,This item cannot hold any liquid.,0.45107138
157,exp01,recall,Active,feather,is very heavy,This item can be used to tickle any animal.,0.07951455
158,exp01,recall,Active,hairclip,It can hold any hair,This item can grasp everything except hair.,0.5828675
158,exp01,recall,Active,starfish,can grant you 1 wish\n,"This item can be used to wish for anything, but only once.",0.29908893
158,exp01,recall,Active,laptop,works in places without internet,This item works only in areas without internet connection.,0.6759751
158,exp01,recall,Active,tapemeasure,can measure any length,This item can measure an unlimited length.,0.66338134
158,exp01,recall,Active,ladle,,This item cannot hold any liquid.,0.013419785
158,exp01,recall,Active,mailbox,can send mail anywhere,This item can receive mail from anywhere instantaneously.,0.5944958
158,exp01,recall,Active,feather,tickle?,This item can be used to tickle any animal.,0.4576428
158,exp01,recall,Active,straightener,gets colder the longer it is on,This item gets colder the longer its left on.,0.75630695
158,exp01,recall,Active,purse,can only hold one item,This item can only hold one item.,0.79024696
158,exp01,recall,Active,paperairplane,can fly anywhere it is thrown,This item can fly to anywhere if you toss it.,0.61209375
158,exp01,recall,Active,microscope,enlarges any item it focuses on,This item physically enlarges any object it focuses on.,0.677799
158,exp01,recall,Active,trumpet,can only play one note,This item can only play one note.,0.7804624
158,exp01,recall,Active,iron,wrinkles fabric,This item can wrinkle any fabric.,0.6168445
158,exp01,recall,Active,soccerball,,"This item can be kicked, but always rolls back to where it started.",-0.015759483
158,exp01,recall,Active,piggybank,is full of money until it is broken,"This item is full until you break it, then it becomes empty.",0.469007
158,exp01,recall,Active,walkietalkie,can contact anyone,This item has an unlimited range.,0.058564987
158,exp01,recall,Active,bikepump,deflates,This item is can only be used to deflate tires.,0.2120637
158,exp01,recall,Active,gramophone,can only play one song,This item can plays music backwards.,0.37912458
158,exp01,recall,Active,mortarpestle,breaks anything with one touch,This item crushes anything with a single tap.,0.3057223
158,exp01,recall,Active,binoculars,,This item can be used to see through any object.,-0.066939704
158,exp01,recall,Active,pretzel,,This item unknots and ties itself back together.,-0.08940366
158,exp01,recall,Active,gumballmachine,has candy to heal your jaw,This item dispenses candy that heals your jaw.,0.76413316
158,exp01,recall,Active,landline,"can call any number, but cannot answer","This item can reach any number, but cannot be answered.",0.65054667
158,exp01,recall,Active,pear,,This item grants invisibility to anyone who bites it.,-0.04415672
158,exp01,recall,Active,frame,is only used for black and white photos,This item can only be used for black and white photographs.,0.6844723
158,exp01,recall,Active,broom,collects more dust the more it's used,This item collects more dust the more you sweep with it.,0.7096243
158,exp01,recall,Active,applecore,can grow into a tree,"This item grows into any tree desired, if tossed.",0.3805688
158,exp01,recall,Active,doghouse,can change to fit any dog,This item adapts to fit the size of any dog that sits in it.,0.5618812
158,exp01,recall,Active,shoppingcart,,This item can move without being pushed.,-0.061893344
158,exp01,recall,Active,cereal,,This item makes you fall asleep if eaten.,-0.041454516
158,exp01,recall,Active,pen,writes with invisible ink,This item can only write in invisible ink.,0.7403471
158,exp01,recall,Active,toiletpaper,cannot be torn,This item cannot be torn.,0.6498354
158,exp01,recall,Active,camcorder,has unlimited memory,This item has unlimited memory capacity.,0.6832279
158,exp01,recall,Active,alarmclock,goes off after you wake up,This item only goes off after you wake up.,0.6448037
158,exp01,recall,Active,seashell,lets you hear the city,This item can be used to hear city streets.,0.47471163
158,exp01,recall,Active,hanger,can make any outfit,This item instantly appears with the outfit of your choice.,0.39599347
158,exp01,recall,Active,racquet,can swing without human intervention,"This item swings on its own, without human intervention.",0.5870217
158,exp01,recall,Active,dogbowl,automatically refills with water,This item fills up by itself.,0.21463637
158,exp01,recall,Active,cactus,has tea in it's spikes,This item can contains tea within its arms.,0.37455937
158,exp01,recall,Active,wateringcan,sucks water from plants,This item soaks up water from plants.,0.6234248
158,exp01,recall,Active,gavel,can only be used by children,This item can only be held by children.,0.61613315
158,exp01,recall,Active,rubikscube,scrambles while you are trying to solve it,This item scrambles itself if you try to solve it.,0.6967275
158,exp01,recall,Active,fishbowl,,"This item cannot spill water, no matter how much you shake it.",0.04009171
158,exp01,recall,Active,donut,any flavor,This item dissapears if you try to eat it.,0.2136454
158,exp01,recall,Active,jug,automatically refills,"This item never empties, no matter how much you pour out of it.",0.17192253
159,exp01,recall,Active,alarmclock,rings only after you wake up,This item only goes off after you wake up.,0.52390134
159,exp01,recall,Active,ladle,cannot hold liquids,This item cannot hold any liquid.,0.69660974
159,exp01,recall,Active,tapemeasure,measures anything,This item can measure an unlimited length.,0.17855562
159,exp01,recall,Active,iron,irons anything,This item can wrinkle any fabric.,0.19369154
159,exp01,recall,Active,piggybank,"is full until you break it, then becomes empty when you do","This item is full until you break it, then it becomes empty.",0.718531
159,exp01,recall,Active,remote,controls any device not in the same room,This item can control any device that is not in the same room.,0.68468696
159,exp01,recall,Active,frame,only frames black and white pictures,This item can only be used for black and white photographs.,0.48221678
159,exp01,recall,Active,mortarpestle,mixes anything,This item crushes anything with a single tap.,0.12058507
159,exp01,recall,Active,hanger,hang anything,This item instantly appears with the outfit of your choice.,-0.000643425
159,exp01,recall,Active,binoculars,sees anything,This item can be used to see through any object.,0.12696984
159,exp01,recall,Active,cactus,holds something in its branches,This item can contains tea within its arms.,0.21199337
159,exp01,recall,Active,bikepump,depumps air,This item is can only be used to deflate tires.,0.09904747
159,exp01,recall,Active,shoppingcart,carries unlimited groceries,This item can move without being pushed.,0.10068567
159,exp01,recall,Active,pear,makes you invisible when biting into it,This item grants invisibility to anyone who bites it.,0.5020778
159,exp01,recall,Active,bowlingball,weighs whatever you choose it to weigh,This item weighs whatever weight you choose it to weigh.,0.82915735
159,exp01,recall,Active,applecore,plants a tree whenever you throw it,"This item grows into any tree desired, if tossed.",0.38152722
159,exp01,recall,Active,landline,calls anyone,"This item can reach any number, but cannot be answered.",0.022984559
159,exp01,recall,Active,paperairplane,flies forever,This item can fly to anywhere if you toss it.,0.33100003
159,exp01,recall,Active,gavel,hammers anything,This item can only be held by children.,-0.034106724
159,exp01,recall,Active,doghouse,adjusts its size to the size of the dog sitting in it,This item adapts to fit the size of any dog that sits in it.,0.6660054
159,exp01,recall,Active,purse,carries infinite items,This item can only hold one item.,0.33318266
159,exp01,recall,Active,blender,blends anything,This item can be used to un-blend any slurry.,0.054784253
159,exp01,recall,Active,rubikscube,scrambles whenever you try to solve it,This item scrambles itself if you try to solve it.,0.6536922
159,exp01,recall,Active,mailbox,carries mail from anyone,This item can receive mail from anywhere instantaneously.,0.396594
159,exp01,recall,Active,fishbowl,allows fish to live forever,"This item cannot spill water, no matter how much you shake it.",0.17312583
159,exp01,recall,Active,pretzel,never runs out,This item unknots and ties itself back together.,-0.019286104
159,exp01,recall,Active,pen,writes in only invisible ink,This item can only write in invisible ink.,0.79921883
159,exp01,recall,Active,dogbowl,refills itself,This item fills up by itself.,0.3306043
159,exp01,recall,Active,laptop,never dies,This item works only in areas without internet connection.,0.09578805
159,exp01,recall,Active,trumpet,only plays one note,This item can only play one note.,0.64539737
159,exp01,recall,Active,straightener,turns any hair curly,This item gets colder the longer its left on.,0.08423528
159,exp01,recall,Active,soccerball,allows you to kick it but always rolls back to its original position,"This item can be kicked, but always rolls back to where it started.",0.56988376
159,exp01,recall,Active,milkshake,tastes like however you want it to taste like,This item tastes like anything you wish for it to taste like.,0.81364644
159,exp01,recall,Active,skates,can skate anywhere,This item can skate on any surface except ice.,0.5785732
159,exp01,recall,Active,racquet,hits any ball,"This item swings on its own, without human intervention.",0.18779185
159,exp01,recall,Active,microscope,can let you see anything,This item physically enlarges any object it focuses on.,0.12017658
159,exp01,recall,Active,jug,stays empty,"This item never empties, no matter how much you pour out of it.",0.26988
159,exp01,recall,Active,feather,can attach to any bird,This item can be used to tickle any animal.,0.42230198
159,exp01,recall,Active,toiletpaper,never runs out,This item cannot be torn.,0.1477168
159,exp01,recall,Active,gumballmachine,has how many ever gumballs you choose,This item dispenses candy that heals your jaw.,0.20627776
159,exp01,recall,Active,camcorder,records through walls,This item has unlimited memory capacity.,0.172531
159,exp01,recall,Active,broom,sweeps anything,This item collects more dust the more you sweep with it.,0.26519758
159,exp01,recall,Active,gramophone,plays any song you choose,This item can plays music backwards.,0.29817432
159,exp01,recall,Active,cereal,never runs out,This item makes you fall asleep if eaten.,0.035005234
159,exp01,recall,Active,donut,never lets you take a bite out of it,This item dissapears if you try to eat it.,0.38789725
159,exp01,recall,Active,starfish,can grant you one wish,"This item can be used to wish for anything, but only once.",0.5006515
159,exp01,recall,Active,seashell,holds infinite items,This item can be used to hear city streets.,0.06475213
160,exp01,recall,Active,alarmclock,tells time,This item only goes off after you wake up.,0.19665983
160,exp01,recall,Active,rubikscube,idk,This item scrambles itself if you try to solve it.,-0.002764063
160,exp01,recall,Active,hairclip,clips hair,This item can grasp everything except hair.,0.33864272
160,exp01,recall,Active,pear,idk,This item grants invisibility to anyone who bites it.,-0.016327513
160,exp01,recall,Active,jug,jug,"This item never empties, no matter how much you pour out of it.",0.30822635
160,exp01,recall,Active,milkshake,idk,This item tastes like anything you wish for it to taste like.,-0.005844783
160,exp01,recall,Active,starfish,idk,"This item can be used to wish for anything, but only once.",0.037434477
160,exp01,recall,Active,skates,skate,This item can skate on any surface except ice.,0.45846295
160,exp01,recall,Active,gavel,idk,This item can only be held by children.,0.024359424
160,exp01,recall,Active,mortarpestle,mash,This item crushes anything with a single tap.,0.074281976
160,exp01,recall,Active,hanger,hangs things,This item instantly appears with the outfit of your choice.,-0.002544109
160,exp01,recall,Active,gumballmachine,dispenses,This item dispenses candy that heals your jaw.,0.18086323
160,exp01,recall,Active,racquet,idk,"This item swings on its own, without human intervention.",-0.019278487
160,exp01,recall,Active,donut,sprinkles,This item dissapears if you try to eat it.,0.13398811
160,exp01,recall,Active,ladle,soup lattle,This item cannot hold any liquid.,0.077502675
160,exp01,recall,Active,purse,bag,This item can only hold one item.,0.15763423
160,exp01,recall,Active,cactus,idk,This item can contains tea within its arms.,-0.042962346
160,exp01,recall,Active,paperairplane,flies,This item can fly to anywhere if you toss it.,0.24504031
160,exp01,recall,Active,pretzel,pretzel,This item unknots and ties itself back together.,-0.01539615
160,exp01,recall,Active,bikepump,air,This item is can only be used to deflate tires.,0.13683634
160,exp01,recall,Active,toiletpaper,idk,This item cannot be torn.,0.07596366
160,exp01,recall,Active,iron,iron,This item can wrinkle any fabric.,0.15010788
160,exp01,recall,Active,doghouse,shed,This item adapts to fit the size of any dog that sits in it.,0.115373425
160,exp01,recall,Active,fishbowl,fish tank,"This item cannot spill water, no matter how much you shake it.",0.15861198
160,exp01,recall,Active,bowlingball,bowling,This item weighs whatever weight you choose it to weigh.,0.13966414
160,exp01,recall,Active,dogbowl,bowl,This item fills up by itself.,0.1494103
160,exp01,recall,Active,feather,feather,This item can be used to tickle any animal.,0.21646224
160,exp01,recall,Active,broom,sweep,This item collects more dust the more you sweep with it.,0.3260026
160,exp01,recall,Active,trumpet,horn,This item can only play one note.,0.058700666
160,exp01,recall,Active,frame,frame,This item can only be used for black and white photographs.,0.13506861
160,exp01,recall,Active,blender,can mix flurries,This item can be used to un-blend any slurry.,0.23113462
160,exp01,recall,Active,straightener,straighten hair,This item gets colder the longer its left on.,0.025260918
160,exp01,recall,Active,cereal,cereal,This item makes you fall asleep if eaten.,0.17752147
160,exp01,recall,Active,gramophone,horn,This item can plays music backwards.,0.072832905
160,exp01,recall,Active,remote,control,This item can control any device that is not in the same room.,0.11790997
160,exp01,recall,Active,applecore,core,"This item grows into any tree desired, if tossed.",-0.077369235
160,exp01,recall,Active,wateringcan,water,This item soaks up water from plants.,0.30653137
160,exp01,recall,Active,piggybank,stores money,"This item is full until you break it, then it becomes empty.",0.05054398
161,exp01,recall,Active,straightener,GETS COLDER,This item gets colder the longer its left on.,0.5008243
161,exp01,recall,Active,alarmclock,RINGS ONLY WHEN YOU WAKE UP,This item only goes off after you wake up.,0.50298196
161,exp01,recall,Active,doghouse,CHANGES SIZE FOR ANY DOG,This item adapts to fit the size of any dog that sits in it.,0.5898562
161,exp01,recall,Active,donut,MAKES YOU FULL WITH A SINGLE BITE,This item dissapears if you try to eat it.,0.29581732
161,exp01,recall,Active,jug,FILLS UP AFTER POURING,"This item never empties, no matter how much you pour out of it.",0.32781357
161,exp01,recall,Active,gramophone,PLAYS MUSIC BACKWARDS,This item can plays music backwards.,0.6729888
161,exp01,recall,Active,racquet,CAN'T HIT ANYTHING,"This item swings on its own, without human intervention.",0.13584998
161,exp01,recall,Active,remote,CAN PLAY ANY ELECTRONIC NOT IN THE SAME ROOM,This item can control any device that is not in the same room.,0.562432
161,exp01,recall,Active,soccerball,RETURNS TO THE ORIGINAL POSITION AFTER KICKING IT,"This item can be kicked, but always rolls back to where it started.",0.4064015
161,exp01,recall,Active,landline,CAN MAKE A PHONE CALL TO ANYONE IN THE WORLD BUT CAN'T RECEIVE ANY CALLS,"This item can reach any number, but cannot be answered.",0.41051328
161,exp01,recall,Active,microscope,CAN ENLARGE ANY ITEM BY ITS MAGNIFICATION,This item physically enlarges any object it focuses on.,0.42047745
161,exp01,recall,Active,frame,CAN ONLY FRAME BLACK AND WHITE PHOTOS,This item can only be used for black and white photographs.,0.66440326
161,exp01,recall,Active,broom,GETS DUSTIER THE MORE YOU USE IT,This item collects more dust the more you sweep with it.,0.3703925
161,exp01,recall,Active,hanger,CAN MAKE ANY CLOTHES YOU WANT HANG ON IT,This item instantly appears with the outfit of your choice.,0.2615788
161,exp01,recall,Active,walkietalkie,HAS UNLIMITED RANGE,This item has an unlimited range.,0.6307178
161,exp01,recall,Active,feather,CAN'T TICKLE ANYONE,This item can be used to tickle any animal.,0.5350877
161,exp01,recall,Active,skates,CAN SKATE ON ANYTHING BUT ICE,This item can skate on any surface except ice.,0.78222626
161,exp01,recall,Active,dogbowl,CAN HOLD ANY AMOUNT OF WATER,This item fills up by itself.,0.18304372
161,exp01,recall,Active,applecore,CAN MAKE ANY TREE YOU WANT GROW,"This item grows into any tree desired, if tossed.",0.5358973
161,exp01,recall,Active,ladle,CAN'T HOLD ANY LIQUID,This item cannot hold any liquid.,0.73639584
161,exp01,recall,Active,bikepump,CAN DEFLATE TIRES,This item is can only be used to deflate tires.,0.701789
161,exp01,recall,Active,laptop,ONLY WORKS WHEN NOT CONNECTED TO THE INTERNET,This item works only in areas without internet connection.,0.5627401
161,exp01,recall,Active,hairclip,CAN'T HOLD ANY HAIR,This item can grasp everything except hair.,0.54184794
161,exp01,recall,Active,binoculars,CAN'T SEE ANYTHING,This item can be used to see through any object.,0.13725036
161,exp01,recall,Active,iron,CAN ONLY WRINKLE CLOTHES,This item can wrinkle any fabric.,0.5989461
161,exp01,recall,Active,toiletpaper,CAN'T WRIP,This item cannot be torn.,0.3106847
161,exp01,recall,Active,cactus,CAN GROW TEA IN THE MIDDLE,This item can contains tea within its arms.,0.43023914
161,exp01,recall,Active,paperairplane,CAN FLY ANY DISTANCE,This item can fly to anywhere if you toss it.,0.41016954
161,exp01,recall,Active,tapemeasure,CAN MEASURE INFINITE DISTANCES,This item can measure an unlimited length.,0.5603031
161,exp01,recall,Active,mortarpestle,CAN CRUSH SOMETHING WITH A SINGLE TAP,This item crushes anything with a single tap.,0.6276324
161,exp01,recall,Active,cereal,CAN'T BE FINISHED,This item makes you fall asleep if eaten.,-0.022680696
161,exp01,recall,Active,gumballmachine,CAN'T BE DISPENSED,This item dispenses candy that heals your jaw.,0.09932101
161,exp01,recall,Active,pretzel,CAN KNOT ITSELF AFTER UNKNOTING,This item unknots and ties itself back together.,0.23246825
161,exp01,recall,Active,starfish,CAN GRANT ANY WISH,"This item can be used to wish for anything, but only once.",0.4558687
161,exp01,recall,Active,milkshake,CAN'T BE DRUNK,This item tastes like anything you wish for it to taste like.,0.095977694
161,exp01,recall,Active,bowlingball,CAN BE ANY WEIGHT YOU DESIRE,This item weighs whatever weight you choose it to weigh.,0.47315133
161,exp01,recall,Active,blender,CAN UNBLEND ANY SMOOTHIE,This item can be used to un-blend any slurry.,0.3231305
161,exp01,recall,Active,seashell,CAN HEAR FROM ANY DISTANCE,This item can be used to hear city streets.,0.23303755
161,exp01,recall,Active,camcorder,HAS UNLIMITED MEMORY,This item has unlimited memory capacity.,0.6832279
161,exp01,recall,Active,fishbowl,CAN NEVER SPLASH WATER,"This item cannot spill water, no matter how much you shake it.",0.44835418
161,exp01,recall,Active,pear,EATING IT WILL GIVE YOU IMMORTALITY,This item grants invisibility to anyone who bites it.,0.2661962
161,exp01,recall,Active,piggybank,WILL GIVE YOU MONEY AS LONG AS YOU DON'T BREAK IT,"This item is full until you break it, then it becomes empty.",0.38265502
161,exp01,recall,Active,purse,CAN ONLY HOLD 1 ITEM,This item can only hold one item.,0.7276813
161,exp01,recall,Active,shoppingcart,CAN ONLY HOLD 1 ITEM,This item can move without being pushed.,0.43500343
161,exp01,recall,Active,rubikscube,WILL SCRAMBLE ITSELF,This item scrambles itself if you try to solve it.,0.30369127
161,exp01,recall,Active,gavel,ONLY A CHILD CAN PLAY WITH,This item can only be held by children.,0.4409514
162,exp01,recall,Active,gramophone,plays music backwards,This item can plays music backwards.,0.6729888
162,exp01,recall,Active,iron,wrinkles any cloth,This item can wrinkle any fabric.,0.5548916
162,exp01,recall,Active,blender,unmix any slurry,This item can be used to un-blend any slurry.,0.46208107
162,exp01,recall,Active,bowlingball,it can weigh whatever you want it to weigh,This item weighs whatever weight you choose it to weigh.,0.74992216
162,exp01,recall,Active,alarmclock,it can always wake you up,This item only goes off after you wake up.,0.433982
162,exp01,recall,Active,bikepump,,This item is can only be used to deflate tires.,-0.001429157
162,exp01,recall,Active,piggybank,"it is filled with money until you break it, then it is empty","This item is full until you break it, then it becomes empty.",0.74881
162,exp01,recall,Active,trumpet,it can play only one note,This item can only play one note.,0.7716172
162,exp01,recall,Active,skates,it can skate on anything but ice,This item can skate on any surface except ice.,0.76216316
162,exp01,recall,Active,shoppingcart,it can move on its own without being pushed,This item can move without being pushed.,0.6377232
162,exp01,recall,Active,hanger,it can have piece of clothing you want on it,This item instantly appears with the outfit of your choice.,0.39590487
162,exp01,recall,Active,paperairplane,,This item can fly to anywhere if you toss it.,-0.029508036
162,exp01,recall,Active,broom,it can sweep up all of the dust in one motion,This item collects more dust the more you sweep with it.,0.47745818
162,exp01,recall,Active,microscope,it can increase the size of anything,This item physically enlarges any object it focuses on.,0.34006035
162,exp01,recall,Active,pen,,This item can only write in invisible ink.,0.017243374
162,exp01,recall,Active,camcorder,it has infinite storage,This item has unlimited memory capacity.,0.5473975
162,exp01,recall,Active,fishbowl,"the water can never be spilled, no matter how much you shake it","This item cannot spill water, no matter how much you shake it.",0.7950981
162,exp01,recall,Active,straightener,it progressively gets colder,This item gets colder the longer its left on.,0.61614627
162,exp01,recall,Active,pear,it turns you invisible when you eat it,This item grants invisibility to anyone who bites it.,0.39508232
162,exp01,recall,Active,gumballmachine,,This item dispenses candy that heals your jaw.,0.08239916
162,exp01,recall,Active,hairclip,can hold anything besides hair,This item can grasp everything except hair.,0.62168515
162,exp01,recall,Active,remote,can control any device that is in another room,This item can control any device that is not in the same room.,0.7569834
162,exp01,recall,Active,mailbox,it can receive mail from anywhere instantly,This item can receive mail from anywhere instantaneously.,0.8250648
162,exp01,recall,Active,cereal,,This item makes you fall asleep if eaten.,-0.041454516
162,exp01,recall,Active,doghouse,changes size to match the dog in it,This item adapts to fit the size of any dog that sits in it.,0.5962366
162,exp01,recall,Active,feather,can tickle any animal,This item can be used to tickle any animal.,0.7994819
162,exp01,recall,Active,toiletpaper,can never be torn,This item cannot be torn.,0.5338478
162,exp01,recall,Active,applecore,,"This item grows into any tree desired, if tossed.",-0.0684176
162,exp01,recall,Active,donut,,This item dissapears if you try to eat it.,-0.004117373
162,exp01,recall,Active,walkietalkie,can work from any distance,This item has an unlimited range.,0.2433095
162,exp01,recall,Active,soccerball,it always rolls back to you after being kciked,"This item can be kicked, but always rolls back to where it started.",0.5011183
162,exp01,recall,Active,mortarpestle,can destroy anything with one tap,This item crushes anything with a single tap.,0.42155468
162,exp01,recall,Active,purse,it can fit one item in it,This item can only hold one item.,0.5205964
162,exp01,recall,Active,starfish,it can grant one wish,"This item can be used to wish for anything, but only once.",0.49629384
162,exp01,recall,Active,cactus,it has tea inside of it,This item can contains tea within its arms.,0.53634936
162,exp01,recall,Active,milkshake,it can taste like whatever you want it to taste like,This item tastes like anything you wish for it to taste like.,0.83142245
162,exp01,recall,Active,gavel,only children can hold it,This item can only be held by children.,0.48958343
162,exp01,recall,Active,wateringcan,,This item soaks up water from plants.,-0.003618232
162,exp01,recall,Active,frame,can only hold black and white photos,This item can only be used for black and white photographs.,0.6764097
162,exp01,recall,Active,dogbowl,is always filled with water,This item fills up by itself.,0.33885387
162,exp01,recall,Active,pretzel,always has one twist,This item unknots and ties itself back together.,0.08479451
162,exp01,recall,Active,tapemeasure,,This item can measure an unlimited length.,-0.059500217
162,exp01,recall,Active,rubikscube,shuffles itself when you try to solve it,This item scrambles itself if you try to solve it.,0.65095186
162,exp01,recall,Active,jug,is never empty,"This item never empties, no matter how much you pour out of it.",0.3539373
162,exp01,recall,Active,seashell,can hear other cities,This item can be used to hear city streets.,0.35096264
162,exp01,recall,Active,binoculars,,This item can be used to see through any object.,-0.066939704
162,exp01,recall,Active,landline,can call any number but cannot receive any calls,"This item can reach any number, but cannot be answered.",0.43637663
162,exp01,recall,Active,racquet,can hit anything once,"This item swings on its own, without human intervention.",0.08907844
163,exp01,recall,Active,binoculars,Can see through anything,This item can be used to see through any object.,0.51321185
163,exp01,recall,Active,dogbowl,Dispenses infinite food,This item fills up by itself.,0.20533901
163,exp01,recall,Active,ladle,Never fills with liquid,This item cannot hold any liquid.,0.54463446
163,exp01,recall,Active,shoppingcart,Moves without being pushed\n,This item can move without being pushed.,0.38874632
163,exp01,recall,Active,walkietalkie,Can hear through anything,This item has an unlimited range.,0.1551901
163,exp01,recall,Active,wateringcan,Can water anything,This item soaks up water from plants.,0.40569365
163,exp01,recall,Active,pen,Never runs out of ink,This item can only write in invisible ink.,0.46961918
163,exp01,recall,Active,camcorder,never runs out of film,This item has unlimited memory capacity.,0.106769025
163,exp01,recall,Active,pretzel,unties and ties itself,This item unknots and ties itself back together.,0.56611764
163,exp01,recall,Active,rubikscube,can be solved by anyone,This item scrambles itself if you try to solve it.,0.2747555
163,exp01,recall,Active,mailbox,never fills with mail,This item can receive mail from anywhere instantaneously.,0.42657593
163,exp01,recall,Active,piggybank,never runs out of money,"This item is full until you break it, then it becomes empty.",0.2878486
163,exp01,recall,Active,trumpet,can play itself,This item can only play one note.,0.41254437
163,exp01,recall,Active,gavel,can only be held by children,This item can only be held by children.,0.69409025
163,exp01,recall,Active,soccerball,never deflates,"This item can be kicked, but always rolls back to where it started.",0.16912611
163,exp01,recall,Active,straightener,gets colder the longer you leave it on,This item gets colder the longer its left on.,0.756165
163,exp01,recall,Active,cereal,never goes soggy,This item makes you fall asleep if eaten.,0.06179733
163,exp01,recall,Active,applecore,can never be eaten,"This item grows into any tree desired, if tossed.",0.07286443
163,exp01,recall,Active,skates,can glide on any surface,This item can skate on any surface except ice.,0.48444554
163,exp01,recall,Active,hanger,appears with any outfit you want,This item instantly appears with the outfit of your choice.,0.54180187
163,exp01,recall,Active,starfish,,"This item can be used to wish for anything, but only once.",-0.024965338
163,exp01,recall,Active,paperairplane,can fly to any height,This item can fly to anywhere if you toss it.,0.47606605
163,exp01,recall,Active,landline,can make any phone call to anyone,"This item can reach any number, but cannot be answered.",0.37256292
163,exp01,recall,Active,racquet,,"This item swings on its own, without human intervention.",-0.047514938
163,exp01,recall,Active,fishbowl,,"This item cannot spill water, no matter how much you shake it.",0.040091716
163,exp01,recall,Active,bowlingball,weighs as much as you want it to,This item weighs whatever weight you choose it to weigh.,0.45597422
163,exp01,recall,Active,gumballmachine,fills automatically,This item dispenses candy that heals your jaw.,0.05971076
163,exp01,recall,Active,alarmclock,goes off automatically at the right time,This item only goes off after you wake up.,0.37115985
163,exp01,recall,Active,gramophone,plays any song you think of,This item can plays music backwards.,0.3087909
163,exp01,recall,Active,laptop,can self type,This item works only in areas without internet connection.,0.10654685
163,exp01,recall,Active,donut,disappears when you try to eat it,This item dissapears if you try to eat it.,0.6955327
163,exp01,recall,Active,doghouse,can adjust to the size of the dog it holds,This item adapts to fit the size of any dog that sits in it.,0.64280605
163,exp01,recall,Active,frame,only holds black and white pictures,This item can only be used for black and white photographs.,0.52972955
163,exp01,recall,Active,tapemeasure,measures any length,This item can measure an unlimited length.,0.43658745
163,exp01,recall,Active,mortarpestle,can crush anything with a single tap,This item crushes anything with a single tap.,0.6819977
163,exp01,recall,Active,cactus,can hold tea in its shape,This item can contains tea within its arms.,0.52734333
163,exp01,recall,Active,remote,can direct anything,This item can control any device that is not in the same room.,0.18346092
163,exp01,recall,Active,feather,can float to any height,This item can be used to tickle any animal.,0.21440554
163,exp01,recall,Active,seashell,can hear anything,This item can be used to hear city streets.,0.1733281
163,exp01,recall,Active,pear,only lets you have one bite,This item grants invisibility to anyone who bites it.,0.2288824
163,exp01,recall,Active,purse,can hold any amount of items,This item can only hold one item.,0.5134183
163,exp01,recall,Active,iron,flatten anything,This item can wrinkle any fabric.,0.19162732
163,exp01,recall,Active,blender,can blend anything,This item can be used to un-blend any slurry.,0.23347548
163,exp01,recall,Active,bikepump,blow up anything,This item is can only be used to deflate tires.,0.11340431
163,exp01,recall,Active,microscope,enlargen anything beneath it,This item physically enlarges any object it focuses on.,0.17491755
163,exp01,recall,Active,broom,makes things dirtier,This item collects more dust the more you sweep with it.,0.30411112
163,exp01,recall,Active,toiletpaper,never runs out,This item cannot be torn.,0.1477168
164,exp01,recall,Active,dogbowl,fills itself with water,This item fills up by itself.,0.35716605
164,exp01,recall,Active,feather,fits onto any animal,This item can be used to tickle any animal.,0.46681428
164,exp01,recall,Active,fishbowl,can house any fish,"This item cannot spill water, no matter how much you shake it.",0.109145455
164,exp01,recall,Active,remote,can turn on any device outside the room it is in,This item can control any device that is not in the same room.,0.59870994
164,exp01,recall,Active,soccerball,can be kicked but always rolls back to where it started,"This item can be kicked, but always rolls back to where it started.",0.86233604
164,exp01,recall,Active,seashell,is a shell,This item can be used to hear city streets.,0.064774424
164,exp01,recall,Active,binoculars,does not allow you to see anything. i think this was old not similar upon further reflection,This item can be used to see through any object.,0.29063314
164,exp01,recall,Active,walkietalkie,has unlimited range,This item has an unlimited range.,0.6307178
164,exp01,recall,Active,camcorder,can take photographs,This item has unlimited memory capacity.,0.09201911
164,exp01,recall,Active,alarmclock,only goes off after you have woken up,This item only goes off after you wake up.,0.7062683
164,exp01,recall,Active,mortarpestle,can crush anything it touches,This item crushes anything with a single tap.,0.41758984
164,exp01,recall,Active,toiletpaper,does not tear,This item cannot be torn.,0.32259524
164,exp01,recall,Active,bowlingball,is very light,This item weighs whatever weight you choose it to weigh.,0.19429822
164,exp01,recall,Active,laptop,has unlimited range,This item works only in areas without internet connection.,0.030196875
164,exp01,recall,Active,cactus,can hold tea in its arms,This item can contains tea within its arms.,0.7034822
164,exp01,recall,Active,purse,can only hold one other item,This item can only hold one item.,0.68443525
164,exp01,recall,Active,racquet,moves on its own without human direction,"This item swings on its own, without human intervention.",0.4566459
164,exp01,recall,Active,gavel,can only be used by children,This item can only be held by children.,0.61613315
164,exp01,recall,Active,iron,wrinkles any item of clothing,This item can wrinkle any fabric.,0.5470453
164,exp01,recall,Active,landline,can call other numbers but gets no responses,"This item can reach any number, but cannot be answered.",0.47386116
164,exp01,recall,Active,hanger,can hold any outfit you want,This item instantly appears with the outfit of your choice.,0.40731278
164,exp01,recall,Active,paperairplane,can not fly,This item can fly to anywhere if you toss it.,0.35566556
164,exp01,recall,Active,rubikscube,scrambles itself when you try to solve it,This item scrambles itself if you try to solve it.,0.7198678
164,exp01,recall,Active,gramophone,can not play music,This item can plays music backwards.,0.4900624
164,exp01,recall,Active,pretzel,can twist itself into any shape,This item unknots and ties itself back together.,0.21314138
164,exp01,recall,Active,trumpet,i don't know,This item can only play one note.,-0.011802828
164,exp01,recall,Active,doghouse,can change its size for whatever dog enters it,This item adapts to fit the size of any dog that sits in it.,0.57189804
164,exp01,recall,Active,frame,can only hold black and white images,This item can only be used for black and white photographs.,0.6240674
164,exp01,recall,Active,mailbox,fills itself with mail,This item can receive mail from anywhere instantaneously.,0.45716068
164,exp01,recall,Active,shoppingcart,i don't know,This item can move without being pushed.,-0.0916173
164,exp01,recall,Active,donut,is very filling,This item dissapears if you try to eat it.,0.18983808
164,exp01,recall,Active,bikepump,can remove air from any tire,This item is can only be used to deflate tires.,0.5560317
164,exp01,recall,Active,gumballmachine,gives you candy that cures jaw pain,This item dispenses candy that heals your jaw.,0.7204633
164,exp01,recall,Active,wateringcan,can take water from plants,This item soaks up water from plants.,0.6116406
164,exp01,recall,Active,tapemeasure,can not measure distances,This item can measure an unlimited length.,0.4286702
164,exp01,recall,Active,ladle,can not hold liquid,This item cannot hold any liquid.,0.66239107
164,exp01,recall,Active,hairclip,does not hold hair,This item can grasp everything except hair.,0.4920578
164,exp01,recall,Active,blender,i don't know,This item can be used to un-blend any slurry.,-0.047865137
164,exp01,recall,Active,pen,writes in invisible ink,This item can only write in invisible ink.,0.76776844
164,exp01,recall,Active,piggybank,is full until you try to break it and then it is empty,"This item is full until you break it, then it becomes empty.",0.7722641
164,exp01,recall,Active,applecore,"if discard, can grow into any tree it pleases","This item grows into any tree desired, if tossed.",0.6440458
164,exp01,recall,Active,microscope,can magnify items,This item physically enlarges any object it focuses on.,0.3632897
164,exp01,recall,Active,skates,can skate on anything but ice,This item can skate on any surface except ice.,0.7822262
164,exp01,recall,Active,straightener,gets very cold,This item gets colder the longer its left on.,0.3713901
164,exp01,recall,Active,broom,creates dust,This item collects more dust the more you sweep with it.,0.398837
165,exp01,recall,Active,skates,it can skate on anything but ice,This item can skate on any surface except ice.,0.76216316
165,exp01,recall,Active,hanger,it automatically comes with any outfit you desire,This item instantly appears with the outfit of your choice.,0.525504
165,exp01,recall,Active,applecore,it tastes like whatever you want,"This item grows into any tree desired, if tossed.",0.11710766
165,exp01,recall,Active,iron,it smoothes clothing,This item can wrinkle any fabric.,0.20169024
165,exp01,recall,Active,trumpet,It can only play one note,This item can only play one note.,0.79592353
165,exp01,recall,Active,dogbowl,It is always full,This item fills up by itself.,0.44176197
165,exp01,recall,Active,pen,It never runs out of ink,This item can only write in invisible ink.,0.49768126
165,exp01,recall,Active,donut,it takes like whatever you want,This item dissapears if you try to eat it.,0.16557463
165,exp01,recall,Active,camcorder,It has unlimited memory,This item has unlimited memory capacity.,0.7200643
165,exp01,recall,Active,landline,It can receive calls but not answer,"This item can reach any number, but cannot be answered.",0.43801153
165,exp01,recall,Active,rubikscube,it scrambles itself when someone tries to solve it,This item scrambles itself if you try to solve it.,0.66029954
165,exp01,recall,Active,toiletpaper,you cannot tear it apart,This item cannot be torn.,0.43974632
165,exp01,recall,Active,tapemeasure,it has unlimited length,This item can measure an unlimited length.,0.58663404
165,exp01,recall,Active,jug,it automatically fills when you pour it out,"This item never empties, no matter how much you pour out of it.",0.54572314
165,exp01,recall,Active,starfish,you cannot touch it,"This item can be used to wish for anything, but only once.",0.076494254
165,exp01,recall,Active,gumballmachine,it breaks your jaw\n,This item dispenses candy that heals your jaw.,0.17172268
165,exp01,recall,Active,feather,it is too heavy to pick up,This item can be used to tickle any animal.,0.18536927
165,exp01,recall,Active,remote,it connects to all devices outside the room,This item can control any device that is not in the same room.,0.51764846
165,exp01,recall,Active,purse,it can only carry one item,This item can only hold one item.,0.6915689
165,exp01,recall,Active,walkietalkie,They have unlimited range,This item has an unlimited range.,0.62993914
165,exp01,recall,Active,alarmclock,it only goes off after you wake up,This item only goes off after you wake up.,0.77956593
165,exp01,recall,Active,paperairplane,It flies as far as you want it to fly,This item can fly to anywhere if you toss it.,0.5207732
165,exp01,recall,Active,mortarpestle,It can break any item,This item crushes anything with a single tap.,0.23535627
165,exp01,recall,Active,cereal,They never run out,This item makes you fall asleep if eaten.,0.056972824
165,exp01,recall,Active,microscope,It physically makes any item smaller,This item physically enlarges any object it focuses on.,0.5646554
165,exp01,recall,Active,cactus,It splits apart,This item can contains tea within its arms.,0.066890985
165,exp01,recall,Active,frame,It can only hold black and white pictures,This item can only be used for black and white photographs.,0.658823
165,exp01,recall,Active,mailbox,It can receive mail from anywhere in the world,This item can receive mail from anywhere instantaneously.,0.7469081
165,exp01,recall,Active,hairclip,It clips anything but hair,This item can grasp everything except hair.,0.54719394
165,exp01,recall,Active,racquet,It can swing without any human,"This item swings on its own, without human intervention.",0.48644233
165,exp01,recall,Active,binoculars,It has unlimited range,This item can be used to see through any object.,0.11754079
165,exp01,recall,Active,pretzel,It unties and reties itself,This item unknots and ties itself back together.,0.43118626
165,exp01,recall,Active,fishbowl,It automatically refills itself,"This item cannot spill water, no matter how much you shake it.",0.24002624
165,exp01,recall,Active,bikepump,It can pump any pressure in one,This item is can only be used to deflate tires.,0.29630363
165,exp01,recall,Active,straightener,It cools when you leave it on,This item gets colder the longer its left on.,0.4476527
166,exp01,recall,Active,ladle,could scoop any liquid,This item cannot hold any liquid.,0.5401796
166,exp01,recall,Active,skates,could skate on any surface but ice,This item can skate on any surface except ice.,0.8588684
166,exp01,recall,Active,dogbowl,could never spill over with liquid,This item fills up by itself.,0.1838734
166,exp01,recall,Active,microscope,enlarges any object looked at,This item physically enlarges any object it focuses on.,0.524133
166,exp01,recall,Active,gavel,only a kid can hold it,This item can only be held by children.,0.3846814
166,exp01,recall,Active,seashell,i dont know,This item can be used to hear city streets.,-0.019055502
166,exp01,recall,Active,blender,it could blend anything,This item can be used to un-blend any slurry.,0.20603198
166,exp01,recall,Active,landline,could reach any number but cant be answered,"This item can reach any number, but cannot be answered.",0.7374081
166,exp01,recall,Active,walkietalkie,unlimited distance,This item has an unlimited range.,0.41112602
166,exp01,recall,Active,fishbowl,never spills over with water,"This item cannot spill water, no matter how much you shake it.",0.46650103
166,exp01,recall,Active,donut,disappears when attempted to be eaten,This item dissapears if you try to eat it.,0.40598756
166,exp01,recall,Active,gramophone,could play any sound,This item can plays music backwards.,0.3454011
166,exp01,recall,Active,shoppingcart,could be pushed anywhere,This item can move without being pushed.,0.41636062
166,exp01,recall,Active,hanger,any outfit you want appears on it,This item instantly appears with the outfit of your choice.,0.5576174
166,exp01,recall,Active,rubikscube,unscrambles itself every time you try to solve it,This item scrambles itself if you try to solve it.,0.59556067
166,exp01,recall,Active,binoculars,i dont know,This item can be used to see through any object.,-0.08138062
166,exp01,recall,Active,feather,could hold any weight,This item can be used to tickle any animal.,0.23199324
166,exp01,recall,Active,applecore,grows into any tree when you discard it,"This item grows into any tree desired, if tossed.",0.6016144
166,exp01,recall,Active,alarmclock,only goes off when youre awake,This item only goes off after you wake up.,0.58729696
166,exp01,recall,Active,purse,carries only one item,This item can only hold one item.,0.5221008
166,exp01,recall,Active,cactus,has tea in its arms,This item can contains tea within its arms.,0.63037086
166,exp01,recall,Active,remote,can turn on devices in another room,This item can control any device that is not in the same room.,0.5331845
166,exp01,recall,Active,paperairplane,can fly when you toss it,This item can fly to anywhere if you toss it.,0.69813395
166,exp01,recall,Active,mortarpestle,can smash anything with one hit,This item crushes anything with a single tap.,0.25745487
166,exp01,recall,Active,cereal,i dont know,This item makes you fall asleep if eaten.,-0.06833534
166,exp01,recall,Active,hairclip,can clip anything,This item can grasp everything except hair.,0.37516338
166,exp01,recall,Active,bowlingball,i dont know,This item weighs whatever weight you choose it to weigh.,-0.050562933
166,exp01,recall,Active,pretzel,i dont know,This item unknots and ties itself back together.,-0.14260255
166,exp01,recall,Active,straightener,can straighten anything,This item gets colder the longer its left on.,0.07034499
166,exp01,recall,Active,doghouse,adapts to the dogs size,This item adapts to fit the size of any dog that sits in it.,0.62586236
167,exp01,recall,Active,blender,blends,This item can be used to un-blend any slurry.,0.06839897
167,exp01,recall,Active,broom,sweeps the floor,This item collects more dust the more you sweep with it.,0.28001386
167,exp01,recall,Active,cactus,holds something,This item can contains tea within its arms.,0.09006925
167,exp01,recall,Active,seashell,x,This item can be used to hear city streets.,-0.037134133
167,exp01,recall,Active,pretzel,X,This item unknots and ties itself back together.,-0.001745071
167,exp01,recall,Active,gramophone,plays music,This item can plays music backwards.,0.4045761
167,exp01,recall,Active,racquet,plays badminton,"This item swings on its own, without human intervention.",0.083290234
167,exp01,recall,Active,fishbowl,x,"This item cannot spill water, no matter how much you shake it.",0.079885654
167,exp01,recall,Active,shoppingcart,carry stuff,This item can move without being pushed.,0.16500154
167,exp01,recall,Active,gavel,x,This item can only be held by children.,-0.05986818
167,exp01,recall,Active,straightener,hair,This item gets colder the longer its left on.,-0.014485812
167,exp01,recall,Active,feather,X,This item can be used to tickle any animal.,0.012234576
167,exp01,recall,Active,rubikscube,X,This item scrambles itself if you try to solve it.,0.013424894
167,exp01,recall,Active,binoculars,see far,This item can be used to see through any object.,0.03927428
167,exp01,recall,Active,microscope,see deep,This item physically enlarges any object it focuses on.,-0.004711591
167,exp01,recall,Active,soccerball,x,"This item can be kicked, but always rolls back to where it started.",-0.016675437
167,exp01,recall,Active,frame,x,This item can only be used for black and white photographs.,-0.043688167
167,exp01,recall,Active,milkshake,,This item tastes like anything you wish for it to taste like.,0.014902584
167,exp01,recall,Active,camcorder,,This item has unlimited memory capacity.,-0.05969113
167,exp01,recall,Active,bowlingball,,This item weighs whatever weight you choose it to weigh.,0.034238145
167,exp01,recall,Active,starfish,,"This item can be used to wish for anything, but only once.",-0.02496534
167,exp01,recall,Active,cereal,,This item makes you fall asleep if eaten.,-0.041454516
167,exp01,recall,Active,paperairplane,,This item can fly to anywhere if you toss it.,-0.029508036
257,exp01,recall,Passive,alarmclock,It gives unlimited time,This item only goes off after you wake up.,0.1533699
257,exp01,recall,Passive,mailbox,It can send and get letter from far away,This item can receive mail from anywhere instantaneously.,0.44941217
257,exp01,recall,Passive,rubikscube,It can shift unlimited times,This item scrambles itself if you try to solve it.,0.12607478
257,exp01,recall,Passive,tapemeasure,It can get the length of cities,This item can measure an unlimited length.,0.41462347
257,exp01,recall,Passive,gavel,It weight a ton ,This item can only be held by children.,0.018358534
257,exp01,recall,Passive,straightener,It can straight long strands of hair ,This item gets colder the longer its left on.,0.25994438
257,exp01,recall,Passive,racquet,Can move around any weight,"This item swings on its own, without human intervention.",0.1647653
257,exp01,recall,Passive,ladle,Can hold a large amount of water or any solution ,This item cannot hold any liquid.,0.39115638
257,exp01,recall,Passive,shoppingcart,It can move around without pushing it ,This item can move without being pushed.,0.6652212
257,exp01,recall,Passive,iron,It can iron any wrinkles,This item can wrinkle any fabric.,0.5471786
257,exp01,recall,Passive,feather,It takes a long period of time to fall down ,This item can be used to tickle any animal.,0.090060875
257,exp01,recall,Passive,applecore,Never ending food,"This item grows into any tree desired, if tossed.",0.06383142
257,exp01,recall,Passive,walkietalkie,Can communicate at long ranges,This item has an unlimited range.,0.22382608
257,exp01,recall,Passive,pretzel,Can never be done ,This item unknots and ties itself back together.,-0.026981696
257,exp01,recall,Passive,blender,Can mix any item that you want ,This item can be used to un-blend any slurry.,0.31578854
257,exp01,recall,Passive,doghouse,It can carry any weight ,This item adapts to fit the size of any dog that sits in it.,0.35202608
257,exp01,recall,Passive,remote,It can change any channel from anywhere,This item can control any device that is not in the same room.,0.33403623
257,exp01,recall,Passive,donut,It gives you all the nutrients you want ,This item dissapears if you try to eat it.,0.36914715
257,exp01,recall,Passive,bikepump,"It can pump any ball, ballon, tire or anything with a single push ",This item is can only be used to deflate tires.,0.43772972
257,exp01,recall,Passive,gumballmachine,It gives candy with superpowers,This item dispenses candy that heals your jaw.,0.36165243
257,exp01,recall,Passive,cactus,It gives tea from the left side,This item can contains tea within its arms.,0.415258
257,exp01,recall,Passive,trumpet,It can play any note ,This item can only play one note.,0.61029077
257,exp01,recall,Passive,starfish,It can give any color ,"This item can be used to wish for anything, but only once.",0.17943381
257,exp01,recall,Passive,microscope,It can see through any surface ,This item physically enlarges any object it focuses on.,0.31319577
257,exp01,recall,Passive,frame,It can fit any picture given ,This item can only be used for black and white photographs.,0.2961359
257,exp01,recall,Passive,camcorder,It can record for long hours,This item has unlimited memory capacity.,0.22719514
257,exp01,recall,Passive,broom,In one sweep it gets all the dust ,This item collects more dust the more you sweep with it.,0.5441967
257,exp01,recall,Passive,purse,It can carry all the items you want ,This item can only hold one item.,0.48303884
257,exp01,recall,Passive,seashell,You can hear cities apart ,This item can be used to hear city streets.,0.35554475
257,exp01,recall,Passive,paperairplane,It can fly for hours and take you anywhere,This item can fly to anywhere if you toss it.,0.47349697
257,exp01,recall,Passive,bowlingball,It can move any item ,This item weighs whatever weight you choose it to weigh.,0.18315901
257,exp01,recall,Passive,jug,Holds any amount of water and does not spill any,"This item never empties, no matter how much you pour out of it.",0.3308635
257,exp01,recall,Passive,piggybank,It can hold all the amount of money you want ,"This item is full until you break it, then it becomes empty.",0.3245719
258,exp01,recall,Passive,piggybank,when its full it breaks and then it becomes empty\n,"This item is full until you break it, then it becomes empty.",0.5871911
258,exp01,recall,Passive,mortarpestle,it can break anything\n,This item crushes anything with a single tap.,0.08001332
258,exp01,recall,Passive,cactus,it can hold things,This item can contains tea within its arms.,0.33668417
258,exp01,recall,Passive,trumpet,can only play one note\n,This item can only play one note.,0.56809497
258,exp01,recall,Passive,camcorder,it can't take photos,This item has unlimited memory capacity.,0.15142247
258,exp01,recall,Passive,seashell,its not found in the ocean,This item can be used to hear city streets.,0.09536467
258,exp01,recall,Passive,skates,you can walk with these,This item can skate on any surface except ice.,0.2094202
258,exp01,recall,Passive,frame,can only hold black and white photos ,This item can only be used for black and white photographs.,0.6764097
258,exp01,recall,Passive,milkshake,can be any flavor you want it to be,This item tastes like anything you wish for it to taste like.,0.54573536
258,exp01,recall,Passive,iron,wrinkles clothes,This item can wrinkle any fabric.,0.45586088
258,exp01,recall,Passive,hanger,can't hold clothes,This item instantly appears with the outfit of your choice.,0.17340118
258,exp01,recall,Passive,hairclip,can't hold hair,This item can grasp everything except hair.,0.51289666
258,exp01,recall,Passive,microscope,can make objects physically bigger,This item physically enlarges any object it focuses on.,0.5132266
258,exp01,recall,Passive,laptop,you can look up anything,This item works only in areas without internet connection.,0.001476386
258,exp01,recall,Passive,purse,can hold only one item ,This item can only hold one item.,0.70516264
258,exp01,recall,Passive,dogbowl,holds food,This item fills up by itself.,0.15619531
258,exp01,recall,Passive,feather,is heavy ,This item can be used to tickle any animal.,0.085130714
258,exp01,recall,Passive,gumballmachine,can health your jaw,This item dispenses candy that heals your jaw.,0.5563561
258,exp01,recall,Passive,bikepump,can't put air into tires,This item is can only be used to deflate tires.,0.6060127
258,exp01,recall,Passive,jug,can hold water,"This item never empties, no matter how much you pour out of it.",0.13445063
258,exp01,recall,Passive,doghouse,any size bird can fit in here,This item adapts to fit the size of any dog that sits in it.,0.3929337
258,exp01,recall,Passive,shoppingcart,can hold many items ,This item can move without being pushed.,0.32698095
258,exp01,recall,Passive,toiletpaper,is used to clean ,This item cannot be torn.,0.06885267
258,exp01,recall,Passive,gavel,is used to make noise ,This item can only be held by children.,0.008336129
258,exp01,recall,Passive,paperairplane,can fly very fast,This item can fly to anywhere if you toss it.,0.37885204
258,exp01,recall,Passive,pen,can write in invisible ink ,This item can only write in invisible ink.,0.8483614
258,exp01,recall,Passive,ladle,can't scoop liquid ,This item cannot hold any liquid.,0.5499853
258,exp01,recall,Passive,starfish,can grant you one wish ,"This item can be used to wish for anything, but only once.",0.5006515
258,exp01,recall,Passive,applecore,tastes good ,"This item grows into any tree desired, if tossed.",0.022826537
258,exp01,recall,Passive,broom,makes things dustier ,This item collects more dust the more you sweep with it.,0.13669074
258,exp01,recall,Passive,blender,blends things ,This item can be used to un-blend any slurry.,0.1538957
258,exp01,recall,Passive,binoculars,helps you see things far away\n,This item can be used to see through any object.,0.21835235
258,exp01,recall,Passive,straightener,destraightens\n,This item gets colder the longer its left on.,-0.011717935
258,exp01,recall,Passive,pear,tastes good ,This item grants invisibility to anyone who bites it.,0.006951479
258,exp01,recall,Passive,gramophone,loud ,This item can plays music backwards.,-0.014504008
258,exp01,recall,Passive,mailbox,can receive mail from anywhere\n,This item can receive mail from anywhere instantaneously.,0.5894126
258,exp01,recall,Passive,rubikscube,twists itself ,This item scrambles itself if you try to solve it.,0.12644586
258,exp01,recall,Passive,fishbowl,can hold multiple fish ,"This item cannot spill water, no matter how much you shake it.",0.1527999
258,exp01,recall,Passive,alarmclock,makes a sound at the same time every morning ,This item only goes off after you wake up.,0.41306537
258,exp01,recall,Passive,racquet,used to play games ,"This item swings on its own, without human intervention.",-0.02460106
258,exp01,recall,Passive,pretzel,unknots itself,This item unknots and ties itself back together.,0.21876803
258,exp01,recall,Passive,donut,tastes sour,This item dissapears if you try to eat it.,0.23567343
258,exp01,recall,Passive,walkietalkie,works long distances,This item has an unlimited range.,0.14253809
259,exp01,recall,Passive,camcorder,captures all photos,This item has unlimited memory capacity.,0.047860034
259,exp01,recall,Passive,fishbowl,water will not spill out no matter how much you shake it,"This item cannot spill water, no matter how much you shake it.",0.83232
259,exp01,recall,Passive,seashell,hears noises from city,This item can be used to hear city streets.,0.31795555
259,exp01,recall,Passive,pretzel,twist and untwist itself,This item unknots and ties itself back together.,0.3143006
259,exp01,recall,Passive,pear,you become invisible after eating it,This item grants invisibility to anyone who bites it.,0.39117438
259,exp01,recall,Passive,paperairplane,fly you to anywhere,This item can fly to anywhere if you toss it.,0.43960798
259,exp01,recall,Passive,milkshake,taste like anything you want ,This item tastes like anything you wish for it to taste like.,0.7422751
259,exp01,recall,Passive,cereal,will not empty ,This item makes you fall asleep if eaten.,0.11747949
259,exp01,recall,Passive,gavel,only kids can hold it ,This item can only be held by children.,0.42413557
259,exp01,recall,Passive,feather,weigh like nothing ,This item can be used to tickle any animal.,0.031790186
259,exp01,recall,Passive,racquet,"swings by its own, without human interaction ","This item swings on its own, without human intervention.",0.6549319
259,exp01,recall,Passive,tapemeasure,measures unlimited distance,This item can measure an unlimited length.,0.35868406
259,exp01,recall,Passive,dogbowl,fills up on its own ,This item fills up by itself.,0.5866046
259,exp01,recall,Passive,iron,flattens any wrinkle ,This item can wrinkle any fabric.,0.49100482
259,exp01,recall,Passive,remote,turns on any remote from different locations ,This item can control any device that is not in the same room.,0.20571612
259,exp01,recall,Passive,hairclip,clasps anything but hair,This item can grasp everything except hair.,0.5194246
259,exp01,recall,Passive,blender,blends anything ,This item can be used to un-blend any slurry.,0.054784246
259,exp01,recall,Passive,microscope,sees everything in detail,This item physically enlarges any object it focuses on.,0.1434111
259,exp01,recall,Passive,trumpet,plays any notes,This item can only play one note.,0.43996823
259,exp01,recall,Passive,rubikscube,scrambles itself after you solved it  ,This item scrambles itself if you try to solve it.,0.55479836
259,exp01,recall,Passive,shoppingcart,holds anything in any size,This item can move without being pushed.,0.19065082
259,exp01,recall,Passive,mortarpestle,grinds anything into dust,This item crushes anything with a single tap.,0.15639624
259,exp01,recall,Passive,jug,pours out any liquid ,"This item never empties, no matter how much you pour out of it.",0.3592962
259,exp01,recall,Passive,purse,pulls out anything you need,This item can only hold one item.,0.13892876
259,exp01,recall,Passive,applecore,tastes very sour,"This item grows into any tree desired, if tossed.",0.021131046
259,exp01,recall,Passive,frame,only frames black and white photos ,This item can only be used for black and white photographs.,0.50158113
259,exp01,recall,Passive,doghouse,adjust to any size dogs ,This item adapts to fit the size of any dog that sits in it.,0.59430075
259,exp01,recall,Passive,skates,skates anywhere but ice,This item can skate on any surface except ice.,0.5507915
259,exp01,recall,Passive,landline,can dial any number but cannot answer,"This item can reach any number, but cannot be answered.",0.65545756
259,exp01,recall,Passive,wateringcan,water will always flow out ,This item soaks up water from plants.,0.3703407
259,exp01,recall,Passive,starfish,you can wish for anything but only once ,"This item can be used to wish for anything, but only once.",0.7429299
259,exp01,recall,Passive,mailbox,receives mails from anywhere instantaneously ,This item can receive mail from anywhere instantaneously.,0.6785081
259,exp01,recall,Passive,alarmclock,will not stop ringing even after you hit it,This item only goes off after you wake up.,0.3930397
259,exp01,recall,Passive,broom,sweeps up any messes,This item collects more dust the more you sweep with it.,0.25492573
259,exp01,recall,Passive,cactus,holds tea on both arms,This item can contains tea within its arms.,0.5513488
259,exp01,recall,Passive,bowlingball,weighs as much as you'd like ,This item weighs whatever weight you choose it to weigh.,0.4589994
259,exp01,recall,Passive,gramophone,plays music backward,This item can plays music backwards.,0.5885066
259,exp01,recall,Passive,donut,disappears once you try to take a bite,This item dissapears if you try to eat it.,0.49441925
259,exp01,recall,Passive,soccerball,rolls back to the same starting place after you kick it ,"This item can be kicked, but always rolls back to where it started.",0.51552534
259,exp01,recall,Passive,straightener,cools down when it is turned on ,This item gets colder the longer its left on.,0.28647834
259,exp01,recall,Passive,gumballmachine,comes out any flavor ,This item dispenses candy that heals your jaw.,0.06220022
259,exp01,recall,Passive,hanger,hangs anything but clothes ,This item instantly appears with the outfit of your choice.,0.19466421
259,exp01,recall,Passive,ladle,cannot hold any liquid ,This item cannot hold any liquid.,0.7668169
259,exp01,recall,Passive,bikepump,deflates tires,This item is can only be used to deflate tires.,0.49090332
259,exp01,recall,Passive,walkietalkie,communicate at any distance,This item has an unlimited range.,0.15867007
262,exp01,recall,Passive,camcorder,can record old memories,This item has unlimited memory capacity.,0.37497988
262,exp01,recall,Passive,jug,fills up with water,"This item never empties, no matter how much you pour out of it.",0.21017742
262,exp01,recall,Passive,frame,shows the picture in your head,This item can only be used for black and white photographs.,0.13452142
262,exp01,recall,Passive,hanger,gives you an article of clothing\n,This item instantly appears with the outfit of your choice.,0.25509772
262,exp01,recall,Passive,straightener,gets colder when you leave it out too long,This item gets colder the longer its left on.,0.6607435
262,exp01,recall,Passive,soccerball,scores a goal by itself,"This item can be kicked, but always rolls back to where it started.",0.07968409
262,exp01,recall,Passive,alarmclock,does not show the correct time,This item only goes off after you wake up.,0.22838345
262,exp01,recall,Passive,seashell,can hear ocean waves,This item can be used to hear city streets.,0.21573687
262,exp01,recall,Passive,pen,invisible ink,This item can only write in invisible ink.,0.66435707
262,exp01,recall,Passive,donut,infinite sprinkles,This item dissapears if you try to eat it.,0.1049633
262,exp01,recall,Passive,trumpet,only play one note,This item can only play one note.,0.67248785
262,exp01,recall,Passive,gramophone,does not play music,This item can plays music backwards.,0.39644206
262,exp01,recall,Passive,gavel,only kids can play with it,This item can only be held by children.,0.42698753
262,exp01,recall,Passive,blender,blends up anything,This item can be used to un-blend any slurry.,0.060592204
262,exp01,recall,Passive,skates,can skate on anything,This item can skate on any surface except ice.,0.67292225
262,exp01,recall,Passive,milkshake,can taste like whatever you want,This item tastes like anything you wish for it to taste like.,0.72707313
262,exp01,recall,Passive,dogbowl,grants one special request,This item fills up by itself.,0.14909396
262,exp01,recall,Passive,cactus,doesn't prick you,This item can contains tea within its arms.,0.013616147
262,exp01,recall,Passive,paperairplane,can fly to the exact location you want it to,This item can fly to anywhere if you toss it.,0.6112749
262,exp01,recall,Passive,purse,can hold one thing only,This item can only hold one item.,0.4138075
262,exp01,recall,Passive,feather,can help you tickle yourself,This item can be used to tickle any animal.,0.5414094
262,exp01,recall,Passive,doghouse,dissappears,This item adapts to fit the size of any dog that sits in it.,-0.052645586
262,exp01,recall,Passive,microscope,can zoom out ,This item physically enlarges any object it focuses on.,0.11287194
262,exp01,recall,Passive,pretzel,can be any flavor,This item unknots and ties itself back together.,0.004639635
262,exp01,recall,Passive,toiletpaper,never rips,This item cannot be torn.,0.16864824
262,exp01,recall,Passive,rubikscube,never unscrambles,This item scrambles itself if you try to solve it.,-0.08595903
262,exp01,recall,Passive,starfish,gives you one wish,"This item can be used to wish for anything, but only once.",0.4130209
262,exp01,recall,Passive,ladle,can scoop up anything,This item cannot hold any liquid.,0.24806038
262,exp01,recall,Passive,fishbowl,has an immortal fish,"This item cannot spill water, no matter how much you shake it.",0.070358954
262,exp01,recall,Passive,gumballmachine,can heal disease (a gumball),This item dispenses candy that heals your jaw.,0.3654248
262,exp01,recall,Passive,landline,can call someone from the future,"This item can reach any number, but cannot be answered.",0.19094887
262,exp01,recall,Passive,bowlingball,,This item weighs whatever weight you choose it to weigh.,0.034238145
262,exp01,recall,Passive,iron,irons anything,This item can wrinkle any fabric.,0.19369154
262,exp01,recall,Passive,broom,can sweep away any mess,This item collects more dust the more you sweep with it.,0.31581128
262,exp01,recall,Passive,applecore,can taste like any apple,"This item grows into any tree desired, if tossed.",0.16248599
262,exp01,recall,Passive,tapemeasure,infinitely long ruler,This item can measure an unlimited length.,0.40031016
262,exp01,recall,Passive,pear,,This item grants invisibility to anyone who bites it.,-0.04415672
262,exp01,recall,Passive,mailbox,mail always appears,This item can receive mail from anywhere instantaneously.,0.50147
263,exp01,recall,Passive,gumballmachine,cheerful,This item dispenses candy that heals your jaw.,0.024507662
263,exp01,recall,Passive,doghouse,"home, sleepy",This item adapts to fit the size of any dog that sits in it.,0.1065115
263,exp01,recall,Passive,toiletpaper,invisible,This item cannot be torn.,0.14131
263,exp01,recall,Passive,rubikscube,problems that need to be solved,This item scrambles itself if you try to solve it.,0.20105082
263,exp01,recall,Passive,applecore,energy and smart,"This item grows into any tree desired, if tossed.",-0.05339032
263,exp01,recall,Passive,binoculars,"examine things, have the ability to see inside of things",This item can be used to see through any object.,0.4613201
263,exp01,recall,Passive,ladle,handle things,This item cannot hold any liquid.,0.1262266
263,exp01,recall,Passive,piggybank,"kids, storage","This item is full until you break it, then it becomes empty.",-0.000629848
263,exp01,recall,Passive,feather,left up in the sky,This item can be used to tickle any animal.,-0.06633938
263,exp01,recall,Passive,paperairplane,can fly to anywhere you throw it to,This item can fly to anywhere if you toss it.,0.7230685
263,exp01,recall,Passive,seashell,"recall, creacivity",This item can be used to hear city streets.,0.001715621
263,exp01,recall,Passive,pen,what you write will be invisible,This item can only write in invisible ink.,0.6118076
263,exp01,recall,Passive,hanger,"handle things, hang things up. it's light",This item instantly appears with the outfit of your choice.,0.15918386
263,exp01,recall,Passive,trumpet,makes pretty sounds,This item can only play one note.,0.10219848
263,exp01,recall,Passive,fishbowl,stillness,"This item cannot spill water, no matter how much you shake it.",0.054716356
263,exp01,recall,Passive,milkshake,makes you want to eat something and makes you happy,This item tastes like anything you wish for it to taste like.,0.3070311
263,exp01,recall,Passive,alarmclock,loud sounds,This item only goes off after you wake up.,0.024377108
263,exp01,recall,Passive,microscope,examine things,This item physically enlarges any object it focuses on.,0.112386316
263,exp01,recall,Passive,bikepump,it's light,This item is can only be used to deflate tires.,0.060776077
263,exp01,recall,Passive,mortarpestle,makes you sleepy,This item crushes anything with a single tap.,0.002052998
263,exp01,recall,Passive,skates,can be used on liquid,This item can skate on any surface except ice.,0.25973892
263,exp01,recall,Passive,starfish,illusion,"This item can be used to wish for anything, but only once.",-0.042132836
263,exp01,recall,Passive,broom,can sweep away things,This item collects more dust the more you sweep with it.,0.29781264
263,exp01,recall,Passive,donut,makes you hungry and want to eat things,This item dissapears if you try to eat it.,0.42949682
263,exp01,recall,Passive,racquet,"hit things, for instance, balls","This item swings on its own, without human intervention.",0.001629271
263,exp01,recall,Passive,pear,illusion,This item grants invisibility to anyone who bites it.,0.15824531
263,exp01,recall,Passive,soccerball,playfulness,"This item can be kicked, but always rolls back to where it started.",0.05974462
263,exp01,recall,Passive,frame,can hold things on the wall,This item can only be used for black and white photographs.,0.16940019
263,exp01,recall,Passive,wateringcan,water plants,This item soaks up water from plants.,0.53603286
263,exp01,recall,Passive,jug,can hold as many liquids as one wanted,"This item never empties, no matter how much you pour out of it.",0.2658249
263,exp01,recall,Passive,gramophone,loud sounds that makes one feel contented and cheerful,This item can plays music backwards.,0.09563571
263,exp01,recall,Passive,dogbowl,things you can wear on,This item fills up by itself.,0.069785446
263,exp01,recall,Passive,bowlingball,the original blue ball can be thrown to anywhere,This item weighs whatever weight you choose it to weigh.,0.09372009
263,exp01,recall,Passive,landline,call everyone you wanted to,"This item can reach any number, but cannot be answered.",0.05484893
263,exp01,recall,Passive,straightener,can be lifted in the air,This item gets colder the longer its left on.,-0.020196533
263,exp01,recall,Passive,tapemeasure,"its length is unlimited, can be used to measure things",This item can measure an unlimited length.,0.7277699
263,exp01,recall,Passive,cereal,can make you sleepy and have illusions,This item makes you fall asleep if eaten.,0.4436377
263,exp01,recall,Passive,camcorder,record,This item has unlimited memory capacity.,0.060127567
263,exp01,recall,Passive,shoppingcart,put unlimited things in,This item can move without being pushed.,0.15269107
263,exp01,recall,Passive,iron,cleaning,This item can wrinkle any fabric.,0.070899315
263,exp01,recall,Passive,gavel,only children can play it,This item can only be held by children.,0.4702989
263,exp01,recall,Passive,laptop,can be connected to anywhere with internet access,This item works only in areas without internet connection.,0.40210426
263,exp01,recall,Passive,remote,communication,This item can control any device that is not in the same room.,0.057297505
263,exp01,recall,Passive,pretzel,can untie anything,This item unknots and ties itself back together.,0.18983543
263,exp01,recall,Passive,purse,can only put one thing in it; can only hold one thing,This item can only hold one item.,0.4418165
263,exp01,recall,Passive,hairclip,can grab anything you want,This item can grasp everything except hair.,0.30299398
263,exp01,recall,Passive,walkietalkie,communication purposes,This item has an unlimited range.,-0.048112195
263,exp01,recall,Passive,cactus,"growth, green",This item can contains tea within its arms.,0.04952213
263,exp01,recall,Passive,mailbox,communication purposes,This item can receive mail from anywhere instantaneously.,0.026342314
264,exp01,recall,Passive,alarmclock,This item can telltime but only backward,This item only goes off after you wake up.,0.34986645
264,exp01,recall,Passive,binoculars,This can see though walls,This item can be used to see through any object.,0.29266948
264,exp01,recall,Passive,iron,This item wrinkles things,This item can wrinkle any fabric.,0.64322877
264,exp01,recall,Passive,hanger,This makes into any outfit you want,This item instantly appears with the outfit of your choice.,0.6356614
264,exp01,recall,Passive,straightener,This only get cold\n,This item gets colder the longer its left on.,0.20398118
264,exp01,recall,Passive,bowlingball,rolls,This item weighs whatever weight you choose it to weigh.,0.110219896
264,exp01,recall,Passive,piggybank,Empty ewhen u break it,"This item is full until you break it, then it becomes empty.",0.48144162
264,exp01,recall,Passive,toiletpaper,Doesnt tear,This item cannot be torn.,0.3531759
264,exp01,recall,Passive,jug,fills up,"This item never empties, no matter how much you pour out of it.",0.14198765
264,exp01,recall,Passive,mortarpestle,doent grind,This item crushes anything with a single tap.,0.09017799
264,exp01,recall,Passive,skates,skate on everything but ice,This item can skate on any surface except ice.,0.68245333
264,exp01,recall,Passive,doghouse,fits any size dog,This item adapts to fit the size of any dog that sits in it.,0.61718166
264,exp01,recall,Passive,purse,hold 1 thing,This item can only hold one item.,0.1831738
264,exp01,recall,Passive,tapemeasure,measure nothign,This item can measure an unlimited length.,0.24191615
264,exp01,recall,Passive,dogbowl,fills itself,This item fills up by itself.,0.46152562
264,exp01,recall,Passive,pretzel,knos and uknots itself,This item unknots and ties itself back together.,0.28025332
264,exp01,recall,Passive,gramophone,backward music,This item can plays music backwards.,0.42984244
264,exp01,recall,Passive,remote,control any device not in the same room ,This item can control any device that is not in the same room.,0.71576697
264,exp01,recall,Passive,applecore,throw and grow any tree,"This item grows into any tree desired, if tossed.",0.432755
264,exp01,recall,Passive,rubikscube,messes itself up when try to solve,This item scrambles itself if you try to solve it.,0.42214844
264,exp01,recall,Passive,gumballmachine,bumblgum,This item dispenses candy that heals your jaw.,0.00322365
264,exp01,recall,Passive,donut,Any flavor,This item dissapears if you try to eat it.,0.2136454
264,exp01,recall,Passive,fishbowl,no shake out water,"This item cannot spill water, no matter how much you shake it.",0.42135435
264,exp01,recall,Passive,paperairplane,anywhere arpund the wprld \n,This item can fly to anywhere if you toss it.,0.14130896
264,exp01,recall,Passive,gavel,makes soft sounds,This item can only be held by children.,0.08458419
264,exp01,recall,Passive,broom,flies,This item collects more dust the more you sweep with it.,0.07869757
264,exp01,recall,Passive,camcorder,records the past,This item has unlimited memory capacity.,0.16757157
264,exp01,recall,Passive,hairclip,Hold anything except hair,This item can grasp everything except hair.,0.5456645
264,exp01,recall,Passive,shoppingcart,,This item can move without being pushed.,-0.061893344
264,exp01,recall,Passive,microscope,make anythign bigger,This item physically enlarges any object it focuses on.,0.069968
264,exp01,recall,Passive,starfish,,"This item can be used to wish for anything, but only once.",-0.02496535
264,exp01,recall,Passive,pear,,This item grants invisibility to anyone who bites it.,-0.04415672
264,exp01,recall,Passive,landline,call anywhere cant be answered,"This item can reach any number, but cannot be answered.",0.41506815
264,exp01,recall,Passive,milkshake,any flavr,This item tastes like anything you wish for it to taste like.,0.12798786
264,exp01,recall,Passive,racquet,,"This item swings on its own, without human intervention.",-0.047514938
264,exp01,recall,Passive,cactus,,This item can contains tea within its arms.,-0.04595695
265,exp01,recall,Passive,fishbowl,it flipped too fast for me to read...,"This item cannot spill water, no matter how much you shake it.",0.078830734
265,exp01,recall,Passive,trumpet,plays one note,This item can only play one note.,0.5242104
265,exp01,recall,Passive,soccerball,rolls backward when kicked,"This item can be kicked, but always rolls back to where it started.",0.5547522
265,exp01,recall,Passive,bowlingball,weighs as much as you want it to weigh?,This item weighs whatever weight you choose it to weigh.,0.71807206
265,exp01,recall,Passive,donut,disappears when you try to eat it,This item dissapears if you try to eat it.,0.69553274
265,exp01,recall,Passive,binoculars,allows you to see anything,This item can be used to see through any object.,0.2893033
265,exp01,recall,Passive,doghouse,idk also flipped too fast to read...\n,This item adapts to fit the size of any dog that sits in it.,-0.010383491
265,exp01,recall,Passive,rubikscube,idk,This item scrambles itself if you try to solve it.,-0.002764061
265,exp01,recall,Passive,mortarpestle,grinds any item,This item crushes anything with a single tap.,0.31415367
265,exp01,recall,Passive,racquet,swings without human action,"This item swings on its own, without human intervention.",0.54917693
265,exp01,recall,Passive,purse,can only hold one thing,This item can only hold one item.,0.45090297
265,exp01,recall,Passive,gramophone,plays any song backwards,This item can plays music backwards.,0.54743165
265,exp01,recall,Passive,hanger,appears when you need an outfit,This item instantly appears with the outfit of your choice.,0.44160974
265,exp01,recall,Passive,gavel,can only be held by a child,This item can only be held by children.,0.6080523
265,exp01,recall,Passive,bikepump,deflates car tires,This item is can only be used to deflate tires.,0.49702573
265,exp01,recall,Passive,shoppingcart,pushes itself,This item can move without being pushed.,0.24950336
265,exp01,recall,Passive,gumballmachine,any flavour you want,This item dispenses candy that heals your jaw.,0.0844619
265,exp01,recall,Passive,ladle,hold anything except water,This item cannot hold any liquid.,0.354474
265,exp01,recall,Passive,microscope,this one also flipped by too fast,This item physically enlarges any object it focuses on.,0.06179571
265,exp01,recall,Passive,remote,controls any device that is out of the room,This item can control any device that is not in the same room.,0.58278906
265,exp01,recall,Passive,toiletpaper,you can tear it apart,This item cannot be torn.,0.34377092
265,exp01,recall,Passive,wateringcan,waters?,This item soaks up water from plants.,0.23953862
265,exp01,recall,Passive,paperairplane,can fly anywhere,This item can fly to anywhere if you toss it.,0.5392197
265,exp01,recall,Passive,frame,black and white photos only,This item can only be used for black and white photographs.,0.5580937
265,exp01,recall,Passive,cactus,contains tea in its leaves,This item can contains tea within its arms.,0.5470512
265,exp01,recall,Passive,piggybank,you can get money when broken apart,"This item is full until you break it, then it becomes empty.",0.29220408
265,exp01,recall,Passive,seashell,you can hear the city streets,This item can be used to hear city streets.,0.5926693
265,exp01,recall,Passive,starfish,idk,"This item can be used to wish for anything, but only once.",0.03743449
265,exp01,recall,Passive,tapemeasure,no limit to the length it can measure,This item can measure an unlimited length.,0.7153535
265,exp01,recall,Passive,hairclip,can hold anything except hair,This item can grasp everything except hair.,0.6461545
265,exp01,recall,Passive,dogbowl,refills when emptied,This item fills up by itself.,0.2356975
265,exp01,recall,Passive,mailbox,can receive messages instantly,This item can receive mail from anywhere instantaneously.,0.52179474
265,exp01,recall,Passive,applecore,can grow a tree when planted,"This item grows into any tree desired, if tossed.",0.47483575
265,exp01,recall,Passive,alarmclock,alarm goes off after you wake up,This item only goes off after you wake up.,0.6604587
265,exp01,recall,Passive,straightener,cools down when left on too long,This item gets colder the longer its left on.,0.49802032
265,exp01,recall,Passive,landline,can call anywhere but can't call it,"This item can reach any number, but cannot be answered.",0.34286964
266,exp01,recall,Passive,feather,this item can tickle anyone who goes near it,This item can be used to tickle any animal.,0.6853398
266,exp01,recall,Passive,pear,never can be fully eaten,This item grants invisibility to anyone who bites it.,0.07651563
266,exp01,recall,Passive,wateringcan,never runs out of water,This item soaks up water from plants.,0.27944514
266,exp01,recall,Passive,blender,creates flurries,This item can be used to un-blend any slurry.,0.075458325
266,exp01,recall,Passive,rubikscube,scrabbles even more when you try to solve it,This item scrambles itself if you try to solve it.,0.54770863
266,exp01,recall,Passive,iron,makes clothes more wrinkled,This item can wrinkle any fabric.,0.39246958
266,exp01,recall,Passive,cactus,pokes everything it touches,This item can contains tea within its arms.,0.09539875
266,exp01,recall,Passive,bowlingball,has an unlimited weight,This item weighs whatever weight you choose it to weigh.,0.3250851
266,exp01,recall,Passive,purse,can only hold one item,This item can only hold one item.,0.79024696
266,exp01,recall,Passive,applecore,can never be fully eaten,"This item grows into any tree desired, if tossed.",0.069646105
266,exp01,recall,Passive,seashell,can only be used to hear city sounds,This item can be used to hear city streets.,0.5749952
266,exp01,recall,Passive,racquet,can hit anything by itself,"This item swings on its own, without human intervention.",0.23425217
266,exp01,recall,Passive,pretzel,can twist and untwist itself,This item unknots and ties itself back together.,0.37134716
266,exp01,recall,Passive,gavel,can only be held by a child,This item can only be held by children.,0.6080524
266,exp01,recall,Passive,tapemeasure,can measure unlimited lengths,This item can measure an unlimited length.,0.6770127
266,exp01,recall,Passive,frame,can only show photos in black and white,This item can only be used for black and white photographs.,0.5723109
266,exp01,recall,Passive,soccerball,can be kicked anywhere,"This item can be kicked, but always rolls back to where it started.",0.49771523
266,exp01,recall,Passive,starfish,can grant you any wish,"This item can be used to wish for anything, but only once.",0.4314827
266,exp01,recall,Passive,toiletpaper,never runs out,This item cannot be torn.,0.1477168
266,exp01,recall,Passive,broom,can sweep an unlimited amount of dust,This item collects more dust the more you sweep with it.,0.43721893
266,exp01,recall,Passive,binoculars,can help you see through anything,This item can be used to see through any object.,0.44960043
266,exp01,recall,Passive,donut,make everything taste good,This item dissapears if you try to eat it.,0.26895648
266,exp01,recall,Passive,straightener,gets colder the longer it is on,This item gets colder the longer its left on.,0.7563069
266,exp01,recall,Passive,ladle,can't hold any liquid,This item cannot hold any liquid.,0.73639584
266,exp01,recall,Passive,piggybank,becomes empty if you break it,"This item is full until you break it, then it becomes empty.",0.64574856
266,exp01,recall,Passive,mortarpestle,can shatter anything,This item crushes anything with a single tap.,0.18362543
266,exp01,recall,Passive,milkshake,can make something taste like anything you want it to,This item tastes like anything you wish for it to taste like.,0.6878811
266,exp01,recall,Passive,shoppingcart,can roll and stop on its own,This item can move without being pushed.,0.40008384
266,exp01,recall,Passive,camcorder,can record an unlimited amount,This item has unlimited memory capacity.,0.4006237
266,exp01,recall,Passive,paperairplane,can bring you anywhere,This item can fly to anywhere if you toss it.,0.30295718
266,exp01,recall,Passive,alarmclock,only makes an alarm sound once you are already awake,This item only goes off after you wake up.,0.5429482
266,exp01,recall,Passive,dogbowl,never runs out of water,This item fills up by itself.,0.17148477
267,exp01,recall,Passive,camcorder,not sure,This item has unlimited memory capacity.,0.009812444
267,exp01,recall,Passive,skates,,This item can skate on any surface except ice.,-0.04531532
267,exp01,recall,Passive,piggybank,not sure,"This item is full until you break it, then it becomes empty.",-0.061484337
267,exp01,recall,Passive,remote,not sure,This item can control any device that is not in the same room.,0.03596319
267,exp01,recall,Passive,jug,not sure,"This item never empties, no matter how much you pour out of it.",-0.050366707
267,exp01,recall,Passive,shoppingcart,not sure,This item can move without being pushed.,0.000183627
267,exp01,recall,Passive,cereal,not sure,This item makes you fall asleep if eaten.,-0.028710037
267,exp01,recall,Passive,frame,not sure,This item can only be used for black and white photographs.,0.011891298
267,exp01,recall,Passive,landline,,"This item can reach any number, but cannot be answered.",0.028453365
267,exp01,recall,Passive,doghouse,,This item adapts to fit the size of any dog that sits in it.,-0.036802266
267,exp01,recall,Passive,donut,,This item dissapears if you try to eat it.,-0.004117373
267,exp01,recall,Passive,seashell,,This item can be used to hear city streets.,-0.037293687
267,exp01,recall,Passive,alarmclock,,This item only goes off after you wake up.,-0.003232095
267,exp01,recall,Passive,bowlingball,,This item weighs whatever weight you choose it to weigh.,0.034238145
267,exp01,recall,Passive,hanger,,This item instantly appears with the outfit of your choice.,-0.05757133
267,exp01,recall,Passive,ladle,,This item cannot hold any liquid.,0.013419785
267,exp01,recall,Passive,binoculars,,This item can be used to see through any object.,-0.066939704
267,exp01,recall,Passive,mailbox,,This item can receive mail from anywhere instantaneously.,-0.036302514
267,exp01,recall,Passive,rubikscube,,This item scrambles itself if you try to solve it.,0.01471976
267,exp01,recall,Passive,microscope,,This item physically enlarges any object it focuses on.,-0.055728495
267,exp01,recall,Passive,gumballmachine,,This item dispenses candy that heals your jaw.,0.08239916
267,exp01,recall,Passive,starfish,,"This item can be used to wish for anything, but only once.",-0.024965348
267,exp01,recall,Passive,applecore,,"This item grows into any tree desired, if tossed.",-0.0684176
267,exp01,recall,Passive,milkshake,,This item tastes like anything you wish for it to taste like.,0.014902584
260,exp01,recall,Passive,purse,includes something,This item can only hold one item.,0.13321418
260,exp01,recall,Passive,soccerball,I cannot remember,"This item can be kicked, but always rolls back to where it started.",0.026451092
260,exp01,recall,Passive,broom,gets off something,This item collects more dust the more you sweep with it.,0.06750897
260,exp01,recall,Passive,feather,I cannot remember,This item can be used to tickle any animal.,0.040062733
260,exp01,recall,Passive,starfish,stays somewhere,"This item can be used to wish for anything, but only once.",0.011117933
260,exp01,recall,Passive,trumpet,makes sound,This item can only play one note.,0.03406904
260,exp01,recall,Passive,racquet,I cannot remember,"This item swings on its own, without human intervention.",0.037515283
260,exp01,recall,Passive,pretzel,provides something,This item unknots and ties itself back together.,-0.035680823
260,exp01,recall,Passive,frame,holds something,This item can only be used for black and white photographs.,-0.07350822
260,exp01,recall,Passive,camcorder,captures something,This item has unlimited memory capacity.,-0.020446684
260,exp01,recall,Passive,dogbowl,I cannot remember,This item fills up by itself.,0.050373964
260,exp01,recall,Passive,microscope,enlarges everything,This item physically enlarges any object it focuses on.,0.19929302
260,exp01,recall,Passive,remote,controls something,This item can control any device that is not in the same room.,0.14736918
260,exp01,recall,Passive,binoculars,sees something,This item can be used to see through any object.,0.11588715
260,exp01,recall,Passive,alarmclock,shows time,This item only goes off after you wake up.,0.14159207
260,exp01,recall,Passive,landline,I cannot remember,"This item can reach any number, but cannot be answered.",0.14377944
260,exp01,recall,Passive,pen,writes something,This item can only write in invisible ink.,0.2164169
260,exp01,recall,Passive,donut,I cannot remember,This item dissapears if you try to eat it.,0.043830536
260,exp01,recall,Passive,gumballmachine,gives something,This item dispenses candy that heals your jaw.,0.103558816
260,exp01,recall,Passive,paperairplane,I cannot remember,This item can fly to anywhere if you toss it.,0.026551012
260,exp01,recall,Passive,rubikscube,I cannot remember,This item scrambles itself if you try to solve it.,0.07637361