subject,condition,response,experiment,task,question,prompt,min,max
121,Active,5,exp01,posttask_survey,presence,How present did you feel during the game task?,"I felt like I was there in the room, not just on the screen.",I felt very detached from the game.
121,Active,0,exp01,posttask_survey,attention,How attentive did you feel to the game task?,I felt “in the zone.”,I felt unable to pay attention to the game.
121,Active,1,exp01,posttask_survey,enc_confidence,How well could you remember information during the game task?,I would easily remember what was happening in the game.,I would constantly forget what was happening in the game.
121,Active,4,exp01,posttask_survey,rec_confidence,How well could you recall information in the memory tests after the game task?,It felt easy to recall all the information prompted in the memory tests.,It felt impossible to recall any information prompted in the memory tests.
121,Active,1,exp01,posttask_survey,control,How in control did you feel during the game task?,I felt like I had full control over the game task.,I felt like I had no control over the game task.
121,Active,0,exp01,posttask_survey,randomness,How easily did you realize the correct item placements during the game task?,I felt like the correct placements “clicked” to me.,I felt like the correct placements were random matches.
121,Active,6,exp01,posttask_survey,enc_strategy,How did you identify the correct placements of the items during the game task?,I identified the correct placement of items relative to the placement of other items.,"I identified the correct placement of items individually, irrespective of the placement of other items."
121,Active,6,exp01,posttask_survey,rec_strategy,How did you recall the correct placements of the items in the memory tests after the game task?,I recalled the correct placement of items relative to the placement of other items.,"I recalled the correct placement of items individually, irrespective of the placement of other items."
121,Active,1,exp01,posttask_survey,perspective,Did you have a precise or holistic perspective of where the items belonged in the scene?,I viewed the objects specific to their precise location.,"I viewed all the objects as within the larger, holistic scene."
120,Active,3,exp01,posttask_survey,presence,How present did you feel during the game task?,"I felt like I was there in the room, not just on the screen.",I felt very detached from the game.
120,Active,3,exp01,posttask_survey,attention,How attentive did you feel to the game task?,I felt “in the zone.”,I felt unable to pay attention to the game.
120,Active,4,exp01,posttask_survey,enc_confidence,How well could you remember information during the game task?,I would easily remember what was happening in the game.,I would constantly forget what was happening in the game.
120,Active,3,exp01,posttask_survey,rec_confidence,How well could you recall information in the memory tests after the game task?,It felt easy to recall all the information prompted in the memory tests.,It felt impossible to recall any information prompted in the memory tests.
120,Active,3,exp01,posttask_survey,control,How in control did you feel during the game task?,I felt like I had full control over the game task.,I felt like I had no control over the game task.
120,Active,2,exp01,posttask_survey,randomness,How easily did you realize the correct item placements during the game task?,I felt like the correct placements “clicked” to me.,I felt like the correct placements were random matches.
120,Active,3,exp01,posttask_survey,enc_strategy,How did you identify the correct placements of the items during the game task?,I identified the correct placement of items relative to the placement of other items.,"I identified the correct placement of items individually, irrespective of the placement of other items."
120,Active,2,exp01,posttask_survey,rec_strategy,How did you recall the correct placements of the items in the memory tests after the game task?,I recalled the correct placement of items relative to the placement of other items.,"I recalled the correct placement of items individually, irrespective of the placement of other items."
120,Active,2,exp01,posttask_survey,perspective,Did you have a precise or holistic perspective of where the items belonged in the scene?,I viewed the objects specific to their precise location.,"I viewed all the objects as within the larger, holistic scene."
122,Active,1,exp01,posttask_survey,presence,How present did you feel during the game task?,"I felt like I was there in the room, not just on the screen.",I felt very detached from the game.
122,Active,2,exp01,posttask_survey,attention,How attentive did you feel to the game task?,I felt “in the zone.”,I felt unable to pay attention to the game.
122,Active,2,exp01,posttask_survey,enc_confidence,How well could you remember information during the game task?,I would easily remember what was happening in the game.,I would constantly forget what was happening in the game.
122,Active,4,exp01,posttask_survey,rec_confidence,How well could you recall information in the memory tests after the game task?,It felt easy to recall all the information prompted in the memory tests.,It felt impossible to recall any information prompted in the memory tests.
122,Active,,exp01,posttask_survey,control,How in control did you feel during the game task?,I felt like I had full control over the game task.,I felt like I had no control over the game task.
122,Active,3,exp01,posttask_survey,randomness,How easily did you realize the correct item placements during the game task?,I felt like the correct placements “clicked” to me.,I felt like the correct placements were random matches.
122,Active,3,exp01,posttask_survey,enc_strategy,How did you identify the correct placements of the items during the game task?,I identified the correct placement of items relative to the placement of other items.,"I identified the correct placement of items individually, irrespective of the placement of other items."
122,Active,5,exp01,posttask_survey,rec_strategy,How did you recall the correct placements of the items in the memory tests after the game task?,I recalled the correct placement of items relative to the placement of other items.,"I recalled the correct placement of items individually, irrespective of the placement of other items."
122,Active,6,exp01,posttask_survey,perspective,Did you have a precise or holistic perspective of where the items belonged in the scene?,I viewed the objects specific to their precise location.,"I viewed all the objects as within the larger, holistic scene."
123,Active,6,exp01,posttask_survey,presence,How present did you feel during the game task?,"I felt like I was there in the room, not just on the screen.",I felt very detached from the game.
123,Active,3,exp01,posttask_survey,attention,How attentive did you feel to the game task?,I felt “in the zone.”,I felt unable to pay attention to the game.
123,Active,2,exp01,posttask_survey,enc_confidence,How well could you remember information during the game task?,I would easily remember what was happening in the game.,I would constantly forget what was happening in the game.
123,Active,5,exp01,posttask_survey,rec_confidence,How well could you recall information in the memory tests after the game task?,It felt easy to recall all the information prompted in the memory tests.,It felt impossible to recall any information prompted in the memory tests.
123,Active,3,exp01,posttask_survey,control,How in control did you feel during the game task?,I felt like I had full control over the game task.,I felt like I had no control over the game task.
123,Active,6,exp01,posttask_survey,randomness,How easily did you realize the correct item placements during the game task?,I felt like the correct placements “clicked” to me.,I felt like the correct placements were random matches.
123,Active,6,exp01,posttask_survey,enc_strategy,How did you identify the correct placements of the items during the game task?,I identified the correct placement of items relative to the placement of other items.,"I identified the correct placement of items individually, irrespective of the placement of other items."
123,Active,1,exp01,posttask_survey,rec_strategy,How did you recall the correct placements of the items in the memory tests after the game task?,I recalled the correct placement of items relative to the placement of other items.,"I recalled the correct placement of items individually, irrespective of the placement of other items."
123,Active,3,exp01,posttask_survey,perspective,Did you have a precise or holistic perspective of where the items belonged in the scene?,I viewed the objects specific to their precise location.,"I viewed all the objects as within the larger, holistic scene."
124,Active,6,exp01,posttask_survey,presence,How present did you feel during the game task?,"I felt like I was there in the room, not just on the screen.",I felt very detached from the game.
124,Active,4,exp01,posttask_survey,attention,How attentive did you feel to the game task?,I felt “in the zone.”,I felt unable to pay attention to the game.
124,Active,6,exp01,posttask_survey,enc_confidence,How well could you remember information during the game task?,I would easily remember what was happening in the game.,I would constantly forget what was happening in the game.
124,Active,5,exp01,posttask_survey,rec_confidence,How well could you recall information in the memory tests after the game task?,It felt easy to recall all the information prompted in the memory tests.,It felt impossible to recall any information prompted in the memory tests.
124,Active,3,exp01,posttask_survey,control,How in control did you feel during the game task?,I felt like I had full control over the game task.,I felt like I had no control over the game task.
124,Active,1,exp01,posttask_survey,randomness,How easily did you realize the correct item placements during the game task?,I felt like the correct placements “clicked” to me.,I felt like the correct placements were random matches.
124,Active,0,exp01,posttask_survey,enc_strategy,How did you identify the correct placements of the items during the game task?,I identified the correct placement of items relative to the placement of other items.,"I identified the correct placement of items individually, irrespective of the placement of other items."
124,Active,6,exp01,posttask_survey,rec_strategy,How did you recall the correct placements of the items in the memory tests after the game task?,I recalled the correct placement of items relative to the placement of other items.,"I recalled the correct placement of items individually, irrespective of the placement of other items."
124,Active,2,exp01,posttask_survey,perspective,Did you have a precise or holistic perspective of where the items belonged in the scene?,I viewed the objects specific to their precise location.,"I viewed all the objects as within the larger, holistic scene."
125,Active,3,exp01,posttask_survey,presence,How present did you feel during the game task?,"I felt like I was there in the room, not just on the screen.",I felt very detached from the game.
125,Active,2,exp01,posttask_survey,attention,How attentive did you feel to the game task?,I felt “in the zone.”,I felt unable to pay attention to the game.
125,Active,5,exp01,posttask_survey,enc_confidence,How well could you remember information during the game task?,I would easily remember what was happening in the game.,I would constantly forget what was happening in the game.
125,Active,6,exp01,posttask_survey,rec_confidence,How well could you recall information in the memory tests after the game task?,It felt easy to recall all the information prompted in the memory tests.,It felt impossible to recall any information prompted in the memory tests.
125,Active,3,exp01,posttask_survey,control,How in control did you feel during the game task?,I felt like I had full control over the game task.,I felt like I had no control over the game task.
125,Active,5,exp01,posttask_survey,randomness,How easily did you realize the correct item placements during the game task?,I felt like the correct placements “clicked” to me.,I felt like the correct placements were random matches.
125,Active,3,exp01,posttask_survey,enc_strategy,How did you identify the correct placements of the items during the game task?,I identified the correct placement of items relative to the placement of other items.,"I identified the correct placement of items individually, irrespective of the placement of other items."
125,Active,3,exp01,posttask_survey,rec_strategy,How did you recall the correct placements of the items in the memory tests after the game task?,I recalled the correct placement of items relative to the placement of other items.,"I recalled the correct placement of items individually, irrespective of the placement of other items."
125,Active,3,exp01,posttask_survey,perspective,Did you have a precise or holistic perspective of where the items belonged in the scene?,I viewed the objects specific to their precise location.,"I viewed all the objects as within the larger, holistic scene."
126,Active,1,exp01,posttask_survey,presence,How present did you feel during the game task?,"I felt like I was there in the room, not just on the screen.",I felt very detached from the game.
126,Active,3,exp01,posttask_survey,attention,How attentive did you feel to the game task?,I felt “in the zone.”,I felt unable to pay attention to the game.
126,Active,4,exp01,posttask_survey,enc_confidence,How well could you remember information during the game task?,I would easily remember what was happening in the game.,I would constantly forget what was happening in the game.
126,Active,4,exp01,posttask_survey,rec_confidence,How well could you recall information in the memory tests after the game task?,It felt easy to recall all the information prompted in the memory tests.,It felt impossible to recall any information prompted in the memory tests.
126,Active,3,exp01,posttask_survey,control,How in control did you feel during the game task?,I felt like I had full control over the game task.,I felt like I had no control over the game task.
126,Active,5,exp01,posttask_survey,randomness,How easily did you realize the correct item placements during the game task?,I felt like the correct placements “clicked” to me.,I felt like the correct placements were random matches.
126,Active,1,exp01,posttask_survey,enc_strategy,How did you identify the correct placements of the items during the game task?,I identified the correct placement of items relative to the placement of other items.,"I identified the correct placement of items individually, irrespective of the placement of other items."
126,Active,2,exp01,posttask_survey,rec_strategy,How did you recall the correct placements of the items in the memory tests after the game task?,I recalled the correct placement of items relative to the placement of other items.,"I recalled the correct placement of items individually, irrespective of the placement of other items."
126,Active,3,exp01,posttask_survey,perspective,Did you have a precise or holistic perspective of where the items belonged in the scene?,I viewed the objects specific to their precise location.,"I viewed all the objects as within the larger, holistic scene."
127,Active,4,exp01,posttask_survey,presence,How present did you feel during the game task?,"I felt like I was there in the room, not just on the screen.",I felt very detached from the game.
127,Active,4,exp01,posttask_survey,attention,How attentive did you feel to the game task?,I felt “in the zone.”,I felt unable to pay attention to the game.
127,Active,3,exp01,posttask_survey,enc_confidence,How well could you remember information during the game task?,I would easily remember what was happening in the game.,I would constantly forget what was happening in the game.
127,Active,3,exp01,posttask_survey,rec_confidence,How well could you recall information in the memory tests after the game task?,It felt easy to recall all the information prompted in the memory tests.,It felt impossible to recall any information prompted in the memory tests.
127,Active,2,exp01,posttask_survey,control,How in control did you feel during the game task?,I felt like I had full control over the game task.,I felt like I had no control over the game task.
127,Active,2,exp01,posttask_survey,randomness,How easily did you realize the correct item placements during the game task?,I felt like the correct placements “clicked” to me.,I felt like the correct placements were random matches.
127,Active,3,exp01,posttask_survey,enc_strategy,How did you identify the correct placements of the items during the game task?,I identified the correct placement of items relative to the placement of other items.,"I identified the correct placement of items individually, irrespective of the placement of other items."
127,Active,3,exp01,posttask_survey,rec_strategy,How did you recall the correct placements of the items in the memory tests after the game task?,I recalled the correct placement of items relative to the placement of other items.,"I recalled the correct placement of items individually, irrespective of the placement of other items."
127,Active,2,exp01,posttask_survey,perspective,Did you have a precise or holistic perspective of where the items belonged in the scene?,I viewed the objects specific to their precise location.,"I viewed all the objects as within the larger, holistic scene."
129,Active,4,exp01,posttask_survey,presence,How present did you feel during the game task?,"I felt like I was there in the room, not just on the screen.",I felt very detached from the game.
129,Active,2,exp01,posttask_survey,attention,How attentive did you feel to the game task?,I felt “in the zone.”,I felt unable to pay attention to the game.
129,Active,3,exp01,posttask_survey,enc_confidence,How well could you remember information during the game task?,I would easily remember what was happening in the game.,I would constantly forget what was happening in the game.
129,Active,3,exp01,posttask_survey,rec_confidence,How well could you recall information in the memory tests after the game task?,It felt easy to recall all the information prompted in the memory tests.,It felt impossible to recall any information prompted in the memory tests.
129,Active,3,exp01,posttask_survey,control,How in control did you feel during the game task?,I felt like I had full control over the game task.,I felt like I had no control over the game task.
129,Active,2,exp01,posttask_survey,randomness,How easily did you realize the correct item placements during the game task?,I felt like the correct placements “clicked” to me.,I felt like the correct placements were random matches.
129,Active,2,exp01,posttask_survey,enc_strategy,How did you identify the correct placements of the items during the game task?,I identified the correct placement of items relative to the placement of other items.,"I identified the correct placement of items individually, irrespective of the placement of other items."
129,Active,3,exp01,posttask_survey,rec_strategy,How did you recall the correct placements of the items in the memory tests after the game task?,I recalled the correct placement of items relative to the placement of other items.,"I recalled the correct placement of items individually, irrespective of the placement of other items."
129,Active,1,exp01,posttask_survey,perspective,Did you have a precise or holistic perspective of where the items belonged in the scene?,I viewed the objects specific to their precise location.,"I viewed all the objects as within the larger, holistic scene."
130,Active,6,exp01,posttask_survey,presence,How present did you feel during the game task?,"I felt like I was there in the room, not just on the screen.",I felt very detached from the game.
130,Active,2,exp01,posttask_survey,attention,How attentive did you feel to the game task?,I felt “in the zone.”,I felt unable to pay attention to the game.
130,Active,5,exp01,posttask_survey,enc_confidence,How well could you remember information during the game task?,I would easily remember what was happening in the game.,I would constantly forget what was happening in the game.
130,Active,5,exp01,posttask_survey,rec_confidence,How well could you recall information in the memory tests after the game task?,It felt easy to recall all the information prompted in the memory tests.,It felt impossible to recall any information prompted in the memory tests.
130,Active,0,exp01,posttask_survey,control,How in control did you feel during the game task?,I felt like I had full control over the game task.,I felt like I had no control over the game task.
130,Active,6,exp01,posttask_survey,randomness,How easily did you realize the correct item placements during the game task?,I felt like the correct placements “clicked” to me.,I felt like the correct placements were random matches.
130,Active,0,exp01,posttask_survey,enc_strategy,How did you identify the correct placements of the items during the game task?,I identified the correct placement of items relative to the placement of other items.,"I identified the correct placement of items individually, irrespective of the placement of other items."
130,Active,6,exp01,posttask_survey,rec_strategy,How did you recall the correct placements of the items in the memory tests after the game task?,I recalled the correct placement of items relative to the placement of other items.,"I recalled the correct placement of items individually, irrespective of the placement of other items."
130,Active,0,exp01,posttask_survey,perspective,Did you have a precise or holistic perspective of where the items belonged in the scene?,I viewed the objects specific to their precise location.,"I viewed all the objects as within the larger, holistic scene."
220,Passive,5,exp01,posttask_survey,presence,How present did you feel during the game task?,"I felt like I was there in the room, not just on the screen.",I felt very detached from the game.
220,Passive,4,exp01,posttask_survey,attention,How attentive did you feel to the game task?,I felt “in the zone.”,I felt unable to pay attention to the game.
220,Passive,5,exp01,posttask_survey,enc_confidence,How well could you remember information during the game task?,I would easily remember what was happening in the game.,I would constantly forget what was happening in the game.
220,Passive,6,exp01,posttask_survey,rec_confidence,How well could you recall information in the memory tests after the game task?,It felt easy to recall all the information prompted in the memory tests.,It felt impossible to recall any information prompted in the memory tests.
220,Passive,5,exp01,posttask_survey,control,How in control did you feel during the game task?,I felt like I had full control over the game task.,I felt like I had no control over the game task.
220,Passive,6,exp01,posttask_survey,randomness,How easily did you realize the correct item placements during the game task?,I felt like the correct placements “clicked” to me.,I felt like the correct placements were random matches.
220,Passive,4,exp01,posttask_survey,enc_strategy,How did you identify the correct placements of the items during the game task?,I identified the correct placement of items relative to the placement of other items.,"I identified the correct placement of items individually, irrespective of the placement of other items."
220,Passive,4,exp01,posttask_survey,rec_strategy,How did you recall the correct placements of the items in the memory tests after the game task?,I recalled the correct placement of items relative to the placement of other items.,"I recalled the correct placement of items individually, irrespective of the placement of other items."
220,Passive,2,exp01,posttask_survey,perspective,Did you have a precise or holistic perspective of where the items belonged in the scene?,I viewed the objects specific to their precise location.,"I viewed all the objects as within the larger, holistic scene."
220,Passive,4,exp01,posttask_survey,item_prediction,Did you feel like you were able to predict where the items should go before the user did?,I was frequently predicting the items’ correct location before the user.,I did not know where the items should go at all.
220,Passive,2,exp01,posttask_survey,action_prediction,Did you feel like you were able to predict the actions of the user?,I was frequently predicting the actions the user would next make.,I did not know what moves the user would make at all.
220,Passive,4,exp01,posttask_survey,expectation,Were you expecting the user’s correct/incorrect results during the game task?,"When the user got a correct/incorrect result, I was always expecting the result they got.","When the user got a correct/incorrect result, I was always surprised by the result they got."
220,Passive,5,exp01,posttask_survey,passive_presence,How present did you feel with the user playing the game?,"I felt like I was in the game, actively making guesses with the user.","I felt like I was apart from the game, distantly watching the user make guesses."
221,Passive,4,exp01,posttask_survey,presence,How present did you feel during the game task?,"I felt like I was there in the room, not just on the screen.",I felt very detached from the game.
221,Passive,2,exp01,posttask_survey,attention,How attentive did you feel to the game task?,I felt “in the zone.”,I felt unable to pay attention to the game.
221,Passive,4,exp01,posttask_survey,enc_confidence,How well could you remember information during the game task?,I would easily remember what was happening in the game.,I would constantly forget what was happening in the game.
221,Passive,2,exp01,posttask_survey,rec_confidence,How well could you recall information in the memory tests after the game task?,It felt easy to recall all the information prompted in the memory tests.,It felt impossible to recall any information prompted in the memory tests.
221,Passive,5,exp01,posttask_survey,control,How in control did you feel during the game task?,I felt like I had full control over the game task.,I felt like I had no control over the game task.
221,Passive,4,exp01,posttask_survey,randomness,How easily did you realize the correct item placements during the game task?,I felt like the correct placements “clicked” to me.,I felt like the correct placements were random matches.
221,Passive,2,exp01,posttask_survey,enc_strategy,How did you identify the correct placements of the items during the game task?,I identified the correct placement of items relative to the placement of other items.,"I identified the correct placement of items individually, irrespective of the placement of other items."
221,Passive,5,exp01,posttask_survey,rec_strategy,How did you recall the correct placements of the items in the memory tests after the game task?,I recalled the correct placement of items relative to the placement of other items.,"I recalled the correct placement of items individually, irrespective of the placement of other items."
221,Passive,1,exp01,posttask_survey,perspective,Did you have a precise or holistic perspective of where the items belonged in the scene?,I viewed the objects specific to their precise location.,"I viewed all the objects as within the larger, holistic scene."
221,Passive,2,exp01,posttask_survey,item_prediction,Did you feel like you were able to predict where the items should go before the user did?,I was frequently predicting the items’ correct location before the user.,I did not know where the items should go at all.
221,Passive,2,exp01,posttask_survey,action_prediction,Did you feel like you were able to predict the actions of the user?,I was frequently predicting the actions the user would next make.,I did not know what moves the user would make at all.
221,Passive,4,exp01,posttask_survey,expectation,Were you expecting the user’s correct/incorrect results during the game task?,"When the user got a correct/incorrect result, I was always expecting the result they got.","When the user got a correct/incorrect result, I was always surprised by the result they got."
221,Passive,5,exp01,posttask_survey,passive_presence,How present did you feel with the user playing the game?,"I felt like I was in the game, actively making guesses with the user.","I felt like I was apart from the game, distantly watching the user make guesses."
222,Passive,6,exp01,posttask_survey,presence,How present did you feel during the game task?,"I felt like I was there in the room, not just on the screen.",I felt very detached from the game.
222,Passive,5,exp01,posttask_survey,attention,How attentive did you feel to the game task?,I felt “in the zone.”,I felt unable to pay attention to the game.
222,Passive,3,exp01,posttask_survey,enc_confidence,How well could you remember information during the game task?,I would easily remember what was happening in the game.,I would constantly forget what was happening in the game.
222,Passive,4,exp01,posttask_survey,rec_confidence,How well could you recall information in the memory tests after the game task?,It felt easy to recall all the information prompted in the memory tests.,It felt impossible to recall any information prompted in the memory tests.
222,Passive,6,exp01,posttask_survey,control,How in control did you feel during the game task?,I felt like I had full control over the game task.,I felt like I had no control over the game task.
222,Passive,6,exp01,posttask_survey,randomness,How easily did you realize the correct item placements during the game task?,I felt like the correct placements “clicked” to me.,I felt like the correct placements were random matches.
222,Passive,6,exp01,posttask_survey,enc_strategy,How did you identify the correct placements of the items during the game task?,I identified the correct placement of items relative to the placement of other items.,"I identified the correct placement of items individually, irrespective of the placement of other items."
222,Passive,6,exp01,posttask_survey,rec_strategy,How did you recall the correct placements of the items in the memory tests after the game task?,I recalled the correct placement of items relative to the placement of other items.,"I recalled the correct placement of items individually, irrespective of the placement of other items."
222,Passive,3,exp01,posttask_survey,perspective,Did you have a precise or holistic perspective of where the items belonged in the scene?,I viewed the objects specific to their precise location.,"I viewed all the objects as within the larger, holistic scene."
222,Passive,2,exp01,posttask_survey,item_prediction,Did you feel like you were able to predict where the items should go before the user did?,I was frequently predicting the items’ correct location before the user.,I did not know where the items should go at all.
222,Passive,6,exp01,posttask_survey,action_prediction,Did you feel like you were able to predict the actions of the user?,I was frequently predicting the actions the user would next make.,I did not know what moves the user would make at all.
222,Passive,6,exp01,posttask_survey,expectation,Were you expecting the user’s correct/incorrect results during the game task?,"When the user got a correct/incorrect result, I was always expecting the result they got.","When the user got a correct/incorrect result, I was always surprised by the result they got."
222,Passive,6,exp01,posttask_survey,passive_presence,How present did you feel with the user playing the game?,"I felt like I was in the game, actively making guesses with the user.","I felt like I was apart from the game, distantly watching the user make guesses."
223,Passive,2,exp01,posttask_survey,presence,How present did you feel during the game task?,"I felt like I was there in the room, not just on the screen.",I felt very detached from the game.
223,Passive,2,exp01,posttask_survey,attention,How attentive did you feel to the game task?,I felt “in the zone.”,I felt unable to pay attention to the game.
223,Passive,1,exp01,posttask_survey,enc_confidence,How well could you remember information during the game task?,I would easily remember what was happening in the game.,I would constantly forget what was happening in the game.
223,Passive,4,exp01,posttask_survey,rec_confidence,How well could you recall information in the memory tests after the game task?,It felt easy to recall all the information prompted in the memory tests.,It felt impossible to recall any information prompted in the memory tests.
223,Passive,3,exp01,posttask_survey,control,How in control did you feel during the game task?,I felt like I had full control over the game task.,I felt like I had no control over the game task.
223,Passive,1,exp01,posttask_survey,randomness,How easily did you realize the correct item placements during the game task?,I felt like the correct placements “clicked” to me.,I felt like the correct placements were random matches.
223,Passive,1,exp01,posttask_survey,enc_strategy,How did you identify the correct placements of the items during the game task?,I identified the correct placement of items relative to the placement of other items.,"I identified the correct placement of items individually, irrespective of the placement of other items."
223,Passive,1,exp01,posttask_survey,rec_strategy,How did you recall the correct placements of the items in the memory tests after the game task?,I recalled the correct placement of items relative to the placement of other items.,"I recalled the correct placement of items individually, irrespective of the placement of other items."
223,Passive,1,exp01,posttask_survey,perspective,Did you have a precise or holistic perspective of where the items belonged in the scene?,I viewed the objects specific to their precise location.,"I viewed all the objects as within the larger, holistic scene."
223,Passive,0,exp01,posttask_survey,item_prediction,Did you feel like you were able to predict where the items should go before the user did?,I was frequently predicting the items’ correct location before the user.,I did not know where the items should go at all.
223,Passive,4,exp01,posttask_survey,action_prediction,Did you feel like you were able to predict the actions of the user?,I was frequently predicting the actions the user would next make.,I did not know what moves the user would make at all.
223,Passive,1,exp01,posttask_survey,expectation,Were you expecting the user’s correct/incorrect results during the game task?,"When the user got a correct/incorrect result, I was always expecting the result they got.","When the user got a correct/incorrect result, I was always surprised by the result they got."
223,Passive,1,exp01,posttask_survey,passive_presence,How present did you feel with the user playing the game?,"I felt like I was in the game, actively making guesses with the user.","I felt like I was apart from the game, distantly watching the user make guesses."
226,Passive,6,exp01,posttask_survey,presence,How present did you feel during the game task?,"I felt like I was there in the room, not just on the screen.",I felt very detached from the game.
226,Passive,5,exp01,posttask_survey,attention,How attentive did you feel to the game task?,I felt “in the zone.”,I felt unable to pay attention to the game.
226,Passive,4,exp01,posttask_survey,enc_confidence,How well could you remember information during the game task?,I would easily remember what was happening in the game.,I would constantly forget what was happening in the game.
226,Passive,4,exp01,posttask_survey,rec_confidence,How well could you recall information in the memory tests after the game task?,It felt easy to recall all the information prompted in the memory tests.,It felt impossible to recall any information prompted in the memory tests.
226,Passive,6,exp01,posttask_survey,control,How in control did you feel during the game task?,I felt like I had full control over the game task.,I felt like I had no control over the game task.
226,Passive,6,exp01,posttask_survey,randomness,How easily did you realize the correct item placements during the game task?,I felt like the correct placements “clicked” to me.,I felt like the correct placements were random matches.
226,Passive,1,exp01,posttask_survey,enc_strategy,How did you identify the correct placements of the items during the game task?,I identified the correct placement of items relative to the placement of other items.,"I identified the correct placement of items individually, irrespective of the placement of other items."
226,Passive,5,exp01,posttask_survey,rec_strategy,How did you recall the correct placements of the items in the memory tests after the game task?,I recalled the correct placement of items relative to the placement of other items.,"I recalled the correct placement of items individually, irrespective of the placement of other items."
226,Passive,5,exp01,posttask_survey,perspective,Did you have a precise or holistic perspective of where the items belonged in the scene?,I viewed the objects specific to their precise location.,"I viewed all the objects as within the larger, holistic scene."
226,Passive,6,exp01,posttask_survey,item_prediction,Did you feel like you were able to predict where the items should go before the user did?,I was frequently predicting the items’ correct location before the user.,I did not know where the items should go at all.
226,Passive,2,exp01,posttask_survey,action_prediction,Did you feel like you were able to predict the actions of the user?,I was frequently predicting the actions the user would next make.,I did not know what moves the user would make at all.
226,Passive,1,exp01,posttask_survey,expectation,Were you expecting the user’s correct/incorrect results during the game task?,"When the user got a correct/incorrect result, I was always expecting the result they got.","When the user got a correct/incorrect result, I was always surprised by the result they got."
226,Passive,5,exp01,posttask_survey,passive_presence,How present did you feel with the user playing the game?,"I felt like I was in the game, actively making guesses with the user.","I felt like I was apart from the game, distantly watching the user make guesses."
227,Passive,2,exp01,posttask_survey,presence,How present did you feel during the game task?,"I felt like I was there in the room, not just on the screen.",I felt very detached from the game.
227,Passive,1,exp01,posttask_survey,attention,How attentive did you feel to the game task?,I felt “in the zone.”,I felt unable to pay attention to the game.
227,Passive,4,exp01,posttask_survey,enc_confidence,How well could you remember information during the game task?,I would easily remember what was happening in the game.,I would constantly forget what was happening in the game.
227,Passive,2,exp01,posttask_survey,rec_confidence,How well could you recall information in the memory tests after the game task?,It felt easy to recall all the information prompted in the memory tests.,It felt impossible to recall any information prompted in the memory tests.
227,Passive,4,exp01,posttask_survey,control,How in control did you feel during the game task?,I felt like I had full control over the game task.,I felt like I had no control over the game task.
227,Passive,3,exp01,posttask_survey,randomness,How easily did you realize the correct item placements during the game task?,I felt like the correct placements “clicked” to me.,I felt like the correct placements were random matches.
227,Passive,2,exp01,posttask_survey,enc_strategy,How did you identify the correct placements of the items during the game task?,I identified the correct placement of items relative to the placement of other items.,"I identified the correct placement of items individually, irrespective of the placement of other items."
227,Passive,4,exp01,posttask_survey,rec_strategy,How did you recall the correct placements of the items in the memory tests after the game task?,I recalled the correct placement of items relative to the placement of other items.,"I recalled the correct placement of items individually, irrespective of the placement of other items."
227,Passive,0,exp01,posttask_survey,perspective,Did you have a precise or holistic perspective of where the items belonged in the scene?,I viewed the objects specific to their precise location.,"I viewed all the objects as within the larger, holistic scene."
227,Passive,3,exp01,posttask_survey,item_prediction,Did you feel like you were able to predict where the items should go before the user did?,I was frequently predicting the items’ correct location before the user.,I did not know where the items should go at all.
227,Passive,1,exp01,posttask_survey,action_prediction,Did you feel like you were able to predict the actions of the user?,I was frequently predicting the actions the user would next make.,I did not know what moves the user would make at all.
227,Passive,1,exp01,posttask_survey,expectation,Were you expecting the user’s correct/incorrect results during the game task?,"When the user got a correct/incorrect result, I was always expecting the result they got.","When the user got a correct/incorrect result, I was always surprised by the result they got."
227,Passive,2,exp01,posttask_survey,passive_presence,How present did you feel with the user playing the game?,"I felt like I was in the game, actively making guesses with the user.","I felt like I was apart from the game, distantly watching the user make guesses."
137,Active,5,exp01,posttask_survey,presence,How present did you feel during the game task?,"I felt like I was there in the room, not just on the screen.",I felt very detached from the game.
137,Active,3,exp01,posttask_survey,attention,How attentive did you feel to the game task?,I felt “in the zone.”,I felt unable to pay attention to the game.
137,Active,4,exp01,posttask_survey,enc_confidence,How well could you remember information during the game task?,I would easily remember what was happening in the game.,I would constantly forget what was happening in the game.
137,Active,2,exp01,posttask_survey,rec_confidence,How well could you recall information in the memory tests after the game task?,It felt easy to recall all the information prompted in the memory tests.,It felt impossible to recall any information prompted in the memory tests.
137,Active,2,exp01,posttask_survey,control,How in control did you feel during the game task?,I felt like I had full control over the game task.,I felt like I had no control over the game task.
137,Active,4,exp01,posttask_survey,randomness,How easily did you realize the correct item placements during the game task?,I felt like the correct placements “clicked” to me.,I felt like the correct placements were random matches.
137,Active,4,exp01,posttask_survey,enc_strategy,How did you identify the correct placements of the items during the game task?,I identified the correct placement of items relative to the placement of other items.,"I identified the correct placement of items individually, irrespective of the placement of other items."
137,Active,2,exp01,posttask_survey,rec_strategy,How did you recall the correct placements of the items in the memory tests after the game task?,I recalled the correct placement of items relative to the placement of other items.,"I recalled the correct placement of items individually, irrespective of the placement of other items."
137,Active,3,exp01,posttask_survey,perspective,Did you have a precise or holistic perspective of where the items belonged in the scene?,I viewed the objects specific to their precise location.,"I viewed all the objects as within the larger, holistic scene."
138,Active,6,exp01,posttask_survey,presence,How present did you feel during the game task?,"I felt like I was there in the room, not just on the screen.",I felt very detached from the game.
138,Active,1,exp01,posttask_survey,attention,How attentive did you feel to the game task?,I felt “in the zone.”,I felt unable to pay attention to the game.
138,Active,5,exp01,posttask_survey,enc_confidence,How well could you remember information during the game task?,I would easily remember what was happening in the game.,I would constantly forget what was happening in the game.
138,Active,5,exp01,posttask_survey,rec_confidence,How well could you recall information in the memory tests after the game task?,It felt easy to recall all the information prompted in the memory tests.,It felt impossible to recall any information prompted in the memory tests.
138,Active,1,exp01,posttask_survey,control,How in control did you feel during the game task?,I felt like I had full control over the game task.,I felt like I had no control over the game task.
138,Active,1,exp01,posttask_survey,randomness,How easily did you realize the correct item placements during the game task?,I felt like the correct placements “clicked” to me.,I felt like the correct placements were random matches.
138,Active,0,exp01,posttask_survey,enc_strategy,How did you identify the correct placements of the items during the game task?,I identified the correct placement of items relative to the placement of other items.,"I identified the correct placement of items individually, irrespective of the placement of other items."
138,Active,1,exp01,posttask_survey,rec_strategy,How did you recall the correct placements of the items in the memory tests after the game task?,I recalled the correct placement of items relative to the placement of other items.,"I recalled the correct placement of items individually, irrespective of the placement of other items."
138,Active,1,exp01,posttask_survey,perspective,Did you have a precise or holistic perspective of where the items belonged in the scene?,I viewed the objects specific to their precise location.,"I viewed all the objects as within the larger, holistic scene."
139,Active,5,exp01,posttask_survey,presence,How present did you feel during the game task?,"I felt like I was there in the room, not just on the screen.",I felt very detached from the game.
139,Active,1,exp01,posttask_survey,attention,How attentive did you feel to the game task?,I felt “in the zone.”,I felt unable to pay attention to the game.
139,Active,5,exp01,posttask_survey,enc_confidence,How well could you remember information during the game task?,I would easily remember what was happening in the game.,I would constantly forget what was happening in the game.
139,Active,4,exp01,posttask_survey,rec_confidence,How well could you recall information in the memory tests after the game task?,It felt easy to recall all the information prompted in the memory tests.,It felt impossible to recall any information prompted in the memory tests.
139,Active,4,exp01,posttask_survey,control,How in control did you feel during the game task?,I felt like I had full control over the game task.,I felt like I had no control over the game task.
139,Active,6,exp01,posttask_survey,randomness,How easily did you realize the correct item placements during the game task?,I felt like the correct placements “clicked” to me.,I felt like the correct placements were random matches.
139,Active,6,exp01,posttask_survey,enc_strategy,How did you identify the correct placements of the items during the game task?,I identified the correct placement of items relative to the placement of other items.,"I identified the correct placement of items individually, irrespective of the placement of other items."
139,Active,3,exp01,posttask_survey,rec_strategy,How did you recall the correct placements of the items in the memory tests after the game task?,I recalled the correct placement of items relative to the placement of other items.,"I recalled the correct placement of items individually, irrespective of the placement of other items."
139,Active,3,exp01,posttask_survey,perspective,Did you have a precise or holistic perspective of where the items belonged in the scene?,I viewed the objects specific to their precise location.,"I viewed all the objects as within the larger, holistic scene."
140,Active,4,exp01,posttask_survey,presence,How present did you feel during the game task?,"I felt like I was there in the room, not just on the screen.",I felt very detached from the game.
140,Active,2,exp01,posttask_survey,attention,How attentive did you feel to the game task?,I felt “in the zone.”,I felt unable to pay attention to the game.
140,Active,1,exp01,posttask_survey,enc_confidence,How well could you remember information during the game task?,I would easily remember what was happening in the game.,I would constantly forget what was happening in the game.
140,Active,5,exp01,posttask_survey,rec_confidence,How well could you recall information in the memory tests after the game task?,It felt easy to recall all the information prompted in the memory tests.,It felt impossible to recall any information prompted in the memory tests.
140,Active,3,exp01,posttask_survey,control,How in control did you feel during the game task?,I felt like I had full control over the game task.,I felt like I had no control over the game task.
140,Active,3,exp01,posttask_survey,randomness,How easily did you realize the correct item placements during the game task?,I felt like the correct placements “clicked” to me.,I felt like the correct placements were random matches.
140,Active,2,exp01,posttask_survey,enc_strategy,How did you identify the correct placements of the items during the game task?,I identified the correct placement of items relative to the placement of other items.,"I identified the correct placement of items individually, irrespective of the placement of other items."
140,Active,1,exp01,posttask_survey,rec_strategy,How did you recall the correct placements of the items in the memory tests after the game task?,I recalled the correct placement of items relative to the placement of other items.,"I recalled the correct placement of items individually, irrespective of the placement of other items."
140,Active,1,exp01,posttask_survey,perspective,Did you have a precise or holistic perspective of where the items belonged in the scene?,I viewed the objects specific to their precise location.,"I viewed all the objects as within the larger, holistic scene."
134,Active,4,exp01,posttask_survey,presence,How present did you feel during the game task?,"I felt like I was there in the room, not just on the screen.",I felt very detached from the game.
134,Active,1,exp01,posttask_survey,attention,How attentive did you feel to the game task?,I felt “in the zone.”,I felt unable to pay attention to the game.
134,Active,2,exp01,posttask_survey,enc_confidence,How well could you remember information during the game task?,I would easily remember what was happening in the game.,I would constantly forget what was happening in the game.
134,Active,5,exp01,posttask_survey,rec_confidence,How well could you recall information in the memory tests after the game task?,It felt easy to recall all the information prompted in the memory tests.,It felt impossible to recall any information prompted in the memory tests.
134,Active,0,exp01,posttask_survey,control,How in control did you feel during the game task?,I felt like I had full control over the game task.,I felt like I had no control over the game task.
134,Active,2,exp01,posttask_survey,randomness,How easily did you realize the correct item placements during the game task?,I felt like the correct placements “clicked” to me.,I felt like the correct placements were random matches.
134,Active,1,exp01,posttask_survey,enc_strategy,How did you identify the correct placements of the items during the game task?,I identified the correct placement of items relative to the placement of other items.,"I identified the correct placement of items individually, irrespective of the placement of other items."
134,Active,3,exp01,posttask_survey,rec_strategy,How did you recall the correct placements of the items in the memory tests after the game task?,I recalled the correct placement of items relative to the placement of other items.,"I recalled the correct placement of items individually, irrespective of the placement of other items."
134,Active,1,exp01,posttask_survey,perspective,Did you have a precise or holistic perspective of where the items belonged in the scene?,I viewed the objects specific to their precise location.,"I viewed all the objects as within the larger, holistic scene."
135,Active,2,exp01,posttask_survey,presence,How present did you feel during the game task?,"I felt like I was there in the room, not just on the screen.",I felt very detached from the game.
135,Active,2,exp01,posttask_survey,attention,How attentive did you feel to the game task?,I felt “in the zone.”,I felt unable to pay attention to the game.
135,Active,4,exp01,posttask_survey,enc_confidence,How well could you remember information during the game task?,I would easily remember what was happening in the game.,I would constantly forget what was happening in the game.
135,Active,6,exp01,posttask_survey,rec_confidence,How well could you recall information in the memory tests after the game task?,It felt easy to recall all the information prompted in the memory tests.,It felt impossible to recall any information prompted in the memory tests.
135,Active,0,exp01,posttask_survey,control,How in control did you feel during the game task?,I felt like I had full control over the game task.,I felt like I had no control over the game task.
135,Active,2,exp01,posttask_survey,randomness,How easily did you realize the correct item placements during the game task?,I felt like the correct placements “clicked” to me.,I felt like the correct placements were random matches.
135,Active,5,exp01,posttask_survey,enc_strategy,How did you identify the correct placements of the items during the game task?,I identified the correct placement of items relative to the placement of other items.,"I identified the correct placement of items individually, irrespective of the placement of other items."
135,Active,1,exp01,posttask_survey,rec_strategy,How did you recall the correct placements of the items in the memory tests after the game task?,I recalled the correct placement of items relative to the placement of other items.,"I recalled the correct placement of items individually, irrespective of the placement of other items."
135,Active,2,exp01,posttask_survey,perspective,Did you have a precise or holistic perspective of where the items belonged in the scene?,I viewed the objects specific to their precise location.,"I viewed all the objects as within the larger, holistic scene."
136,Active,3,exp01,posttask_survey,presence,How present did you feel during the game task?,"I felt like I was there in the room, not just on the screen.",I felt very detached from the game.
136,Active,1,exp01,posttask_survey,attention,How attentive did you feel to the game task?,I felt “in the zone.”,I felt unable to pay attention to the game.
136,Active,1,exp01,posttask_survey,enc_confidence,How well could you remember information during the game task?,I would easily remember what was happening in the game.,I would constantly forget what was happening in the game.
136,Active,4,exp01,posttask_survey,rec_confidence,How well could you recall information in the memory tests after the game task?,It felt easy to recall all the information prompted in the memory tests.,It felt impossible to recall any information prompted in the memory tests.
136,Active,2,exp01,posttask_survey,control,How in control did you feel during the game task?,I felt like I had full control over the game task.,I felt like I had no control over the game task.
136,Active,6,exp01,posttask_survey,randomness,How easily did you realize the correct item placements during the game task?,I felt like the correct placements “clicked” to me.,I felt like the correct placements were random matches.
136,Active,1,exp01,posttask_survey,enc_strategy,How did you identify the correct placements of the items during the game task?,I identified the correct placement of items relative to the placement of other items.,"I identified the correct placement of items individually, irrespective of the placement of other items."
136,Active,4,exp01,posttask_survey,rec_strategy,How did you recall the correct placements of the items in the memory tests after the game task?,I recalled the correct placement of items relative to the placement of other items.,"I recalled the correct placement of items individually, irrespective of the placement of other items."
136,Active,4,exp01,posttask_survey,perspective,Did you have a precise or holistic perspective of where the items belonged in the scene?,I viewed the objects specific to their precise location.,"I viewed all the objects as within the larger, holistic scene."
128,Active,3,exp01,posttask_survey,presence,How present did you feel during the game task?,"I felt like I was there in the room, not just on the screen.",I felt very detached from the game.
128,Active,3,exp01,posttask_survey,attention,How attentive did you feel to the game task?,I felt “in the zone.”,I felt unable to pay attention to the game.
128,Active,4,exp01,posttask_survey,enc_confidence,How well could you remember information during the game task?,I would easily remember what was happening in the game.,I would constantly forget what was happening in the game.
128,Active,3,exp01,posttask_survey,rec_confidence,How well could you recall information in the memory tests after the game task?,It felt easy to recall all the information prompted in the memory tests.,It felt impossible to recall any information prompted in the memory tests.
128,Active,4,exp01,posttask_survey,control,How in control did you feel during the game task?,I felt like I had full control over the game task.,I felt like I had no control over the game task.
128,Active,3,exp01,posttask_survey,randomness,How easily did you realize the correct item placements during the game task?,I felt like the correct placements “clicked” to me.,I felt like the correct placements were random matches.
128,Active,3,exp01,posttask_survey,enc_strategy,How did you identify the correct placements of the items during the game task?,I identified the correct placement of items relative to the placement of other items.,"I identified the correct placement of items individually, irrespective of the placement of other items."
128,Active,4,exp01,posttask_survey,rec_strategy,How did you recall the correct placements of the items in the memory tests after the game task?,I recalled the correct placement of items relative to the placement of other items.,"I recalled the correct placement of items individually, irrespective of the placement of other items."
128,Active,5,exp01,posttask_survey,perspective,Did you have a precise or holistic perspective of where the items belonged in the scene?,I viewed the objects specific to their precise location.,"I viewed all the objects as within the larger, holistic scene."
131,Active,3,exp01,posttask_survey,presence,How present did you feel during the game task?,"I felt like I was there in the room, not just on the screen.",I felt very detached from the game.
131,Active,2,exp01,posttask_survey,attention,How attentive did you feel to the game task?,I felt “in the zone.”,I felt unable to pay attention to the game.
131,Active,2,exp01,posttask_survey,enc_confidence,How well could you remember information during the game task?,I would easily remember what was happening in the game.,I would constantly forget what was happening in the game.
131,Active,3,exp01,posttask_survey,rec_confidence,How well could you recall information in the memory tests after the game task?,It felt easy to recall all the information prompted in the memory tests.,It felt impossible to recall any information prompted in the memory tests.
131,Active,2,exp01,posttask_survey,control,How in control did you feel during the game task?,I felt like I had full control over the game task.,I felt like I had no control over the game task.
131,Active,2,exp01,posttask_survey,randomness,How easily did you realize the correct item placements during the game task?,I felt like the correct placements “clicked” to me.,I felt like the correct placements were random matches.
131,Active,6,exp01,posttask_survey,enc_strategy,How did you identify the correct placements of the items during the game task?,I identified the correct placement of items relative to the placement of other items.,"I identified the correct placement of items individually, irrespective of the placement of other items."
131,Active,2,exp01,posttask_survey,rec_strategy,How did you recall the correct placements of the items in the memory tests after the game task?,I recalled the correct placement of items relative to the placement of other items.,"I recalled the correct placement of items individually, irrespective of the placement of other items."
131,Active,3,exp01,posttask_survey,perspective,Did you have a precise or holistic perspective of where the items belonged in the scene?,I viewed the objects specific to their precise location.,"I viewed all the objects as within the larger, holistic scene."
132,Active,1,exp01,posttask_survey,presence,How present did you feel during the game task?,"I felt like I was there in the room, not just on the screen.",I felt very detached from the game.
132,Active,1,exp01,posttask_survey,attention,How attentive did you feel to the game task?,I felt “in the zone.”,I felt unable to pay attention to the game.
132,Active,0,exp01,posttask_survey,enc_confidence,How well could you remember information during the game task?,I would easily remember what was happening in the game.,I would constantly forget what was happening in the game.
132,Active,2,exp01,posttask_survey,rec_confidence,How well could you recall information in the memory tests after the game task?,It felt easy to recall all the information prompted in the memory tests.,It felt impossible to recall any information prompted in the memory tests.
132,Active,0,exp01,posttask_survey,control,How in control did you feel during the game task?,I felt like I had full control over the game task.,I felt like I had no control over the game task.
132,Active,1,exp01,posttask_survey,randomness,How easily did you realize the correct item placements during the game task?,I felt like the correct placements “clicked” to me.,I felt like the correct placements were random matches.
132,Active,2,exp01,posttask_survey,enc_strategy,How did you identify the correct placements of the items during the game task?,I identified the correct placement of items relative to the placement of other items.,"I identified the correct placement of items individually, irrespective of the placement of other items."
132,Active,2,exp01,posttask_survey,rec_strategy,How did you recall the correct placements of the items in the memory tests after the game task?,I recalled the correct placement of items relative to the placement of other items.,"I recalled the correct placement of items individually, irrespective of the placement of other items."
132,Active,1,exp01,posttask_survey,perspective,Did you have a precise or holistic perspective of where the items belonged in the scene?,I viewed the objects specific to their precise location.,"I viewed all the objects as within the larger, holistic scene."
133,Active,1,exp01,posttask_survey,presence,How present did you feel during the game task?,"I felt like I was there in the room, not just on the screen.",I felt very detached from the game.
133,Active,1,exp01,posttask_survey,attention,How attentive did you feel to the game task?,I felt “in the zone.”,I felt unable to pay attention to the game.
133,Active,2,exp01,posttask_survey,enc_confidence,How well could you remember information during the game task?,I would easily remember what was happening in the game.,I would constantly forget what was happening in the game.
133,Active,4,exp01,posttask_survey,rec_confidence,How well could you recall information in the memory tests after the game task?,It felt easy to recall all the information prompted in the memory tests.,It felt impossible to recall any information prompted in the memory tests.
133,Active,1,exp01,posttask_survey,control,How in control did you feel during the game task?,I felt like I had full control over the game task.,I felt like I had no control over the game task.
133,Active,2,exp01,posttask_survey,randomness,How easily did you realize the correct item placements during the game task?,I felt like the correct placements “clicked” to me.,I felt like the correct placements were random matches.
133,Active,1,exp01,posttask_survey,enc_strategy,How did you identify the correct placements of the items during the game task?,I identified the correct placement of items relative to the placement of other items.,"I identified the correct placement of items individually, irrespective of the placement of other items."
133,Active,5,exp01,posttask_survey,rec_strategy,How did you recall the correct placements of the items in the memory tests after the game task?,I recalled the correct placement of items relative to the placement of other items.,"I recalled the correct placement of items individually, irrespective of the placement of other items."
133,Active,2,exp01,posttask_survey,perspective,Did you have a precise or holistic perspective of where the items belonged in the scene?,I viewed the objects specific to their precise location.,"I viewed all the objects as within the larger, holistic scene."
141,Active,1,exp01,posttask_survey,presence,How present did you feel during the game task?,"I felt like I was there in the room, not just on the screen.",I felt very detached from the game.
141,Active,2,exp01,posttask_survey,attention,How attentive did you feel to the game task?,I felt “in the zone.”,I felt unable to pay attention to the game.
141,Active,2,exp01,posttask_survey,enc_confidence,How well could you remember information during the game task?,I would easily remember what was happening in the game.,I would constantly forget what was happening in the game.
141,Active,4,exp01,posttask_survey,rec_confidence,How well could you recall information in the memory tests after the game task?,It felt easy to recall all the information prompted in the memory tests.,It felt impossible to recall any information prompted in the memory tests.
141,Active,4,exp01,posttask_survey,control,How in control did you feel during the game task?,I felt like I had full control over the game task.,I felt like I had no control over the game task.
141,Active,4,exp01,posttask_survey,randomness,How easily did you realize the correct item placements during the game task?,I felt like the correct placements “clicked” to me.,I felt like the correct placements were random matches.
141,Active,5,exp01,posttask_survey,enc_strategy,How did you identify the correct placements of the items during the game task?,I identified the correct placement of items relative to the placement of other items.,"I identified the correct placement of items individually, irrespective of the placement of other items."
141,Active,2,exp01,posttask_survey,rec_strategy,How did you recall the correct placements of the items in the memory tests after the game task?,I recalled the correct placement of items relative to the placement of other items.,"I recalled the correct placement of items individually, irrespective of the placement of other items."
141,Active,2,exp01,posttask_survey,perspective,Did you have a precise or holistic perspective of where the items belonged in the scene?,I viewed the objects specific to their precise location.,"I viewed all the objects as within the larger, holistic scene."
142,Active,3,exp01,posttask_survey,presence,How present did you feel during the game task?,"I felt like I was there in the room, not just on the screen.",I felt very detached from the game.
142,Active,2,exp01,posttask_survey,attention,How attentive did you feel to the game task?,I felt “in the zone.”,I felt unable to pay attention to the game.
142,Active,2,exp01,posttask_survey,enc_confidence,How well could you remember information during the game task?,I would easily remember what was happening in the game.,I would constantly forget what was happening in the game.
142,Active,2,exp01,posttask_survey,rec_confidence,How well could you recall information in the memory tests after the game task?,It felt easy to recall all the information prompted in the memory tests.,It felt impossible to recall any information prompted in the memory tests.
142,Active,3,exp01,posttask_survey,control,How in control did you feel during the game task?,I felt like I had full control over the game task.,I felt like I had no control over the game task.
142,Active,3,exp01,posttask_survey,randomness,How easily did you realize the correct item placements during the game task?,I felt like the correct placements “clicked” to me.,I felt like the correct placements were random matches.
142,Active,1,exp01,posttask_survey,enc_strategy,How did you identify the correct placements of the items during the game task?,I identified the correct placement of items relative to the placement of other items.,"I identified the correct placement of items individually, irrespective of the placement of other items."
142,Active,3,exp01,posttask_survey,rec_strategy,How did you recall the correct placements of the items in the memory tests after the game task?,I recalled the correct placement of items relative to the placement of other items.,"I recalled the correct placement of items individually, irrespective of the placement of other items."
142,Active,4,exp01,posttask_survey,perspective,Did you have a precise or holistic perspective of where the items belonged in the scene?,I viewed the objects specific to their precise location.,"I viewed all the objects as within the larger, holistic scene."
143,Active,5,exp01,posttask_survey,presence,How present did you feel during the game task?,"I felt like I was there in the room, not just on the screen.",I felt very detached from the game.
143,Active,3,exp01,posttask_survey,attention,How attentive did you feel to the game task?,I felt “in the zone.”,I felt unable to pay attention to the game.
143,Active,4,exp01,posttask_survey,enc_confidence,How well could you remember information during the game task?,I would easily remember what was happening in the game.,I would constantly forget what was happening in the game.
143,Active,5,exp01,posttask_survey,rec_confidence,How well could you recall information in the memory tests after the game task?,It felt easy to recall all the information prompted in the memory tests.,It felt impossible to recall any information prompted in the memory tests.
143,Active,5,exp01,posttask_survey,control,How in control did you feel during the game task?,I felt like I had full control over the game task.,I felt like I had no control over the game task.
143,Active,1,exp01,posttask_survey,randomness,How easily did you realize the correct item placements during the game task?,I felt like the correct placements “clicked” to me.,I felt like the correct placements were random matches.
143,Active,2,exp01,posttask_survey,enc_strategy,How did you identify the correct placements of the items during the game task?,I identified the correct placement of items relative to the placement of other items.,"I identified the correct placement of items individually, irrespective of the placement of other items."
143,Active,6,exp01,posttask_survey,rec_strategy,How did you recall the correct placements of the items in the memory tests after the game task?,I recalled the correct placement of items relative to the placement of other items.,"I recalled the correct placement of items individually, irrespective of the placement of other items."
143,Active,1,exp01,posttask_survey,perspective,Did you have a precise or holistic perspective of where the items belonged in the scene?,I viewed the objects specific to their precise location.,"I viewed all the objects as within the larger, holistic scene."
144,Active,3,exp01,posttask_survey,presence,How present did you feel during the game task?,"I felt like I was there in the room, not just on the screen.",I felt very detached from the game.
144,Active,3,exp01,posttask_survey,attention,How attentive did you feel to the game task?,I felt “in the zone.”,I felt unable to pay attention to the game.
144,Active,4,exp01,posttask_survey,enc_confidence,How well could you remember information during the game task?,I would easily remember what was happening in the game.,I would constantly forget what was happening in the game.
144,Active,4,exp01,posttask_survey,rec_confidence,How well could you recall information in the memory tests after the game task?,It felt easy to recall all the information prompted in the memory tests.,It felt impossible to recall any information prompted in the memory tests.
144,Active,3,exp01,posttask_survey,control,How in control did you feel during the game task?,I felt like I had full control over the game task.,I felt like I had no control over the game task.
144,Active,3,exp01,posttask_survey,randomness,How easily did you realize the correct item placements during the game task?,I felt like the correct placements “clicked” to me.,I felt like the correct placements were random matches.
144,Active,2,exp01,posttask_survey,enc_strategy,How did you identify the correct placements of the items during the game task?,I identified the correct placement of items relative to the placement of other items.,"I identified the correct placement of items individually, irrespective of the placement of other items."
144,Active,4,exp01,posttask_survey,rec_strategy,How did you recall the correct placements of the items in the memory tests after the game task?,I recalled the correct placement of items relative to the placement of other items.,"I recalled the correct placement of items individually, irrespective of the placement of other items."
144,Active,3,exp01,posttask_survey,perspective,Did you have a precise or holistic perspective of where the items belonged in the scene?,I viewed the objects specific to their precise location.,"I viewed all the objects as within the larger, holistic scene."
145,Active,2,exp01,posttask_survey,presence,How present did you feel during the game task?,"I felt like I was there in the room, not just on the screen.",I felt very detached from the game.
145,Active,1,exp01,posttask_survey,attention,How attentive did you feel to the game task?,I felt “in the zone.”,I felt unable to pay attention to the game.
145,Active,0,exp01,posttask_survey,enc_confidence,How well could you remember information during the game task?,I would easily remember what was happening in the game.,I would constantly forget what was happening in the game.
145,Active,4,exp01,posttask_survey,rec_confidence,How well could you recall information in the memory tests after the game task?,It felt easy to recall all the information prompted in the memory tests.,It felt impossible to recall any information prompted in the memory tests.
145,Active,0,exp01,posttask_survey,control,How in control did you feel during the game task?,I felt like I had full control over the game task.,I felt like I had no control over the game task.
145,Active,0,exp01,posttask_survey,randomness,How easily did you realize the correct item placements during the game task?,I felt like the correct placements “clicked” to me.,I felt like the correct placements were random matches.
145,Active,0,exp01,posttask_survey,enc_strategy,How did you identify the correct placements of the items during the game task?,I identified the correct placement of items relative to the placement of other items.,"I identified the correct placement of items individually, irrespective of the placement of other items."
145,Active,6,exp01,posttask_survey,rec_strategy,How did you recall the correct placements of the items in the memory tests after the game task?,I recalled the correct placement of items relative to the placement of other items.,"I recalled the correct placement of items individually, irrespective of the placement of other items."
145,Active,6,exp01,posttask_survey,perspective,Did you have a precise or holistic perspective of where the items belonged in the scene?,I viewed the objects specific to their precise location.,"I viewed all the objects as within the larger, holistic scene."
146,Active,4,exp01,posttask_survey,presence,How present did you feel during the game task?,"I felt like I was there in the room, not just on the screen.",I felt very detached from the game.
146,Active,4,exp01,posttask_survey,attention,How attentive did you feel to the game task?,I felt “in the zone.”,I felt unable to pay attention to the game.
146,Active,2,exp01,posttask_survey,enc_confidence,How well could you remember information during the game task?,I would easily remember what was happening in the game.,I would constantly forget what was happening in the game.
146,Active,3,exp01,posttask_survey,rec_confidence,How well could you recall information in the memory tests after the game task?,It felt easy to recall all the information prompted in the memory tests.,It felt impossible to recall any information prompted in the memory tests.
146,Active,3,exp01,posttask_survey,control,How in control did you feel during the game task?,I felt like I had full control over the game task.,I felt like I had no control over the game task.
146,Active,2,exp01,posttask_survey,randomness,How easily did you realize the correct item placements during the game task?,I felt like the correct placements “clicked” to me.,I felt like the correct placements were random matches.
146,Active,1,exp01,posttask_survey,enc_strategy,How did you identify the correct placements of the items during the game task?,I identified the correct placement of items relative to the placement of other items.,"I identified the correct placement of items individually, irrespective of the placement of other items."
146,Active,3,exp01,posttask_survey,rec_strategy,How did you recall the correct placements of the items in the memory tests after the game task?,I recalled the correct placement of items relative to the placement of other items.,"I recalled the correct placement of items individually, irrespective of the placement of other items."
146,Active,6,exp01,posttask_survey,perspective,Did you have a precise or holistic perspective of where the items belonged in the scene?,I viewed the objects specific to their precise location.,"I viewed all the objects as within the larger, holistic scene."
224,Passive,6,exp01,posttask_survey,presence,How present did you feel during the game task?,"I felt like I was there in the room, not just on the screen.",I felt very detached from the game.
224,Passive,4,exp01,posttask_survey,attention,How attentive did you feel to the game task?,I felt “in the zone.”,I felt unable to pay attention to the game.
224,Passive,4,exp01,posttask_survey,enc_confidence,How well could you remember information during the game task?,I would easily remember what was happening in the game.,I would constantly forget what was happening in the game.
224,Passive,4,exp01,posttask_survey,rec_confidence,How well could you recall information in the memory tests after the game task?,It felt easy to recall all the information prompted in the memory tests.,It felt impossible to recall any information prompted in the memory tests.
224,Passive,6,exp01,posttask_survey,control,How in control did you feel during the game task?,I felt like I had full control over the game task.,I felt like I had no control over the game task.
224,Passive,6,exp01,posttask_survey,randomness,How easily did you realize the correct item placements during the game task?,I felt like the correct placements “clicked” to me.,I felt like the correct placements were random matches.
224,Passive,1,exp01,posttask_survey,enc_strategy,How did you identify the correct placements of the items during the game task?,I identified the correct placement of items relative to the placement of other items.,"I identified the correct placement of items individually, irrespective of the placement of other items."
224,Passive,6,exp01,posttask_survey,rec_strategy,How did you recall the correct placements of the items in the memory tests after the game task?,I recalled the correct placement of items relative to the placement of other items.,"I recalled the correct placement of items individually, irrespective of the placement of other items."
224,Passive,4,exp01,posttask_survey,perspective,Did you have a precise or holistic perspective of where the items belonged in the scene?,I viewed the objects specific to their precise location.,"I viewed all the objects as within the larger, holistic scene."
224,Passive,5,exp01,posttask_survey,item_prediction,Did you feel like you were able to predict where the items should go before the user did?,I was frequently predicting the items’ correct location before the user.,I did not know where the items should go at all.
224,Passive,1,exp01,posttask_survey,action_prediction,Did you feel like you were able to predict the actions of the user?,I was frequently predicting the actions the user would next make.,I did not know what moves the user would make at all.
224,Passive,2,exp01,posttask_survey,expectation,Were you expecting the user’s correct/incorrect results during the game task?,"When the user got a correct/incorrect result, I was always expecting the result they got.","When the user got a correct/incorrect result, I was always surprised by the result they got."
224,Passive,5,exp01,posttask_survey,passive_presence,How present did you feel with the user playing the game?,"I felt like I was in the game, actively making guesses with the user.","I felt like I was apart from the game, distantly watching the user make guesses."
225,Passive,1,exp01,posttask_survey,presence,How present did you feel during the game task?,"I felt like I was there in the room, not just on the screen.",I felt very detached from the game.
225,Passive,,exp01,posttask_survey,attention,How attentive did you feel to the game task?,I felt “in the zone.”,I felt unable to pay attention to the game.
225,Passive,3,exp01,posttask_survey,enc_confidence,How well could you remember information during the game task?,I would easily remember what was happening in the game.,I would constantly forget what was happening in the game.
225,Passive,4,exp01,posttask_survey,rec_confidence,How well could you recall information in the memory tests after the game task?,It felt easy to recall all the information prompted in the memory tests.,It felt impossible to recall any information prompted in the memory tests.
225,Passive,,exp01,posttask_survey,control,How in control did you feel during the game task?,I felt like I had full control over the game task.,I felt like I had no control over the game task.
225,Passive,3,exp01,posttask_survey,randomness,How easily did you realize the correct item placements during the game task?,I felt like the correct placements “clicked” to me.,I felt like the correct placements were random matches.
225,Passive,3,exp01,posttask_survey,enc_strategy,How did you identify the correct placements of the items during the game task?,I identified the correct placement of items relative to the placement of other items.,"I identified the correct placement of items individually, irrespective of the placement of other items."
225,Passive,3,exp01,posttask_survey,rec_strategy,How did you recall the correct placements of the items in the memory tests after the game task?,I recalled the correct placement of items relative to the placement of other items.,"I recalled the correct placement of items individually, irrespective of the placement of other items."
225,Passive,3,exp01,posttask_survey,perspective,Did you have a precise or holistic perspective of where the items belonged in the scene?,I viewed the objects specific to their precise location.,"I viewed all the objects as within the larger, holistic scene."
225,Passive,3,exp01,posttask_survey,item_prediction,Did you feel like you were able to predict where the items should go before the user did?,I was frequently predicting the items’ correct location before the user.,I did not know where the items should go at all.
225,Passive,4,exp01,posttask_survey,action_prediction,Did you feel like you were able to predict the actions of the user?,I was frequently predicting the actions the user would next make.,I did not know what moves the user would make at all.
225,Passive,4,exp01,posttask_survey,expectation,Were you expecting the user’s correct/incorrect results during the game task?,"When the user got a correct/incorrect result, I was always expecting the result they got.","When the user got a correct/incorrect result, I was always surprised by the result they got."
225,Passive,2,exp01,posttask_survey,passive_presence,How present did you feel with the user playing the game?,"I felt like I was in the game, actively making guesses with the user.","I felt like I was apart from the game, distantly watching the user make guesses."
229,Passive,4,exp01,posttask_survey,presence,How present did you feel during the game task?,"I felt like I was there in the room, not just on the screen.",I felt very detached from the game.
229,Passive,5,exp01,posttask_survey,attention,How attentive did you feel to the game task?,I felt “in the zone.”,I felt unable to pay attention to the game.
229,Passive,5,exp01,posttask_survey,enc_confidence,How well could you remember information during the game task?,I would easily remember what was happening in the game.,I would constantly forget what was happening in the game.
229,Passive,5,exp01,posttask_survey,rec_confidence,How well could you recall information in the memory tests after the game task?,It felt easy to recall all the information prompted in the memory tests.,It felt impossible to recall any information prompted in the memory tests.
229,Passive,4,exp01,posttask_survey,control,How in control did you feel during the game task?,I felt like I had full control over the game task.,I felt like I had no control over the game task.
229,Passive,6,exp01,posttask_survey,randomness,How easily did you realize the correct item placements during the game task?,I felt like the correct placements “clicked” to me.,I felt like the correct placements were random matches.
229,Passive,4,exp01,posttask_survey,enc_strategy,How did you identify the correct placements of the items during the game task?,I identified the correct placement of items relative to the placement of other items.,"I identified the correct placement of items individually, irrespective of the placement of other items."
229,Passive,5,exp01,posttask_survey,rec_strategy,How did you recall the correct placements of the items in the memory tests after the game task?,I recalled the correct placement of items relative to the placement of other items.,"I recalled the correct placement of items individually, irrespective of the placement of other items."
229,Passive,6,exp01,posttask_survey,perspective,Did you have a precise or holistic perspective of where the items belonged in the scene?,I viewed the objects specific to their precise location.,"I viewed all the objects as within the larger, holistic scene."
229,Passive,5,exp01,posttask_survey,item_prediction,Did you feel like you were able to predict where the items should go before the user did?,I was frequently predicting the items’ correct location before the user.,I did not know where the items should go at all.
229,Passive,2,exp01,posttask_survey,action_prediction,Did you feel like you were able to predict the actions of the user?,I was frequently predicting the actions the user would next make.,I did not know what moves the user would make at all.
229,Passive,3,exp01,posttask_survey,expectation,Were you expecting the user’s correct/incorrect results during the game task?,"When the user got a correct/incorrect result, I was always expecting the result they got.","When the user got a correct/incorrect result, I was always surprised by the result they got."
229,Passive,6,exp01,posttask_survey,passive_presence,How present did you feel with the user playing the game?,"I felt like I was in the game, actively making guesses with the user.","I felt like I was apart from the game, distantly watching the user make guesses."
230,Passive,4,exp01,posttask_survey,presence,How present did you feel during the game task?,"I felt like I was there in the room, not just on the screen.",I felt very detached from the game.
230,Passive,4,exp01,posttask_survey,attention,How attentive did you feel to the game task?,I felt “in the zone.”,I felt unable to pay attention to the game.
230,Passive,3,exp01,posttask_survey,enc_confidence,How well could you remember information during the game task?,I would easily remember what was happening in the game.,I would constantly forget what was happening in the game.
230,Passive,3,exp01,posttask_survey,rec_confidence,How well could you recall information in the memory tests after the game task?,It felt easy to recall all the information prompted in the memory tests.,It felt impossible to recall any information prompted in the memory tests.
230,Passive,6,exp01,posttask_survey,control,How in control did you feel during the game task?,I felt like I had full control over the game task.,I felt like I had no control over the game task.
230,Passive,3,exp01,posttask_survey,randomness,How easily did you realize the correct item placements during the game task?,I felt like the correct placements “clicked” to me.,I felt like the correct placements were random matches.
230,Passive,4,exp01,posttask_survey,enc_strategy,How did you identify the correct placements of the items during the game task?,I identified the correct placement of items relative to the placement of other items.,"I identified the correct placement of items individually, irrespective of the placement of other items."
230,Passive,3,exp01,posttask_survey,rec_strategy,How did you recall the correct placements of the items in the memory tests after the game task?,I recalled the correct placement of items relative to the placement of other items.,"I recalled the correct placement of items individually, irrespective of the placement of other items."
230,Passive,4,exp01,posttask_survey,perspective,Did you have a precise or holistic perspective of where the items belonged in the scene?,I viewed the objects specific to their precise location.,"I viewed all the objects as within the larger, holistic scene."
230,Passive,4,exp01,posttask_survey,item_prediction,Did you feel like you were able to predict where the items should go before the user did?,I was frequently predicting the items’ correct location before the user.,I did not know where the items should go at all.
230,Passive,3,exp01,posttask_survey,action_prediction,Did you feel like you were able to predict the actions of the user?,I was frequently predicting the actions the user would next make.,I did not know what moves the user would make at all.
230,Passive,2,exp01,posttask_survey,expectation,Were you expecting the user’s correct/incorrect results during the game task?,"When the user got a correct/incorrect result, I was always expecting the result they got.","When the user got a correct/incorrect result, I was always surprised by the result they got."
230,Passive,4,exp01,posttask_survey,passive_presence,How present did you feel with the user playing the game?,"I felt like I was in the game, actively making guesses with the user.","I felt like I was apart from the game, distantly watching the user make guesses."
238,Passive,3,exp01,posttask_survey,presence,How present did you feel during the game task?,"I felt like I was there in the room, not just on the screen.",I felt very detached from the game.
238,Passive,4,exp01,posttask_survey,attention,How attentive did you feel to the game task?,I felt “in the zone.”,I felt unable to pay attention to the game.
238,Passive,2,exp01,posttask_survey,enc_confidence,How well could you remember information during the game task?,I would easily remember what was happening in the game.,I would constantly forget what was happening in the game.
238,Passive,4,exp01,posttask_survey,rec_confidence,How well could you recall information in the memory tests after the game task?,It felt easy to recall all the information prompted in the memory tests.,It felt impossible to recall any information prompted in the memory tests.
238,Passive,5,exp01,posttask_survey,control,How in control did you feel during the game task?,I felt like I had full control over the game task.,I felt like I had no control over the game task.
238,Passive,2,exp01,posttask_survey,randomness,How easily did you realize the correct item placements during the game task?,I felt like the correct placements “clicked” to me.,I felt like the correct placements were random matches.
238,Passive,1,exp01,posttask_survey,enc_strategy,How did you identify the correct placements of the items during the game task?,I identified the correct placement of items relative to the placement of other items.,"I identified the correct placement of items individually, irrespective of the placement of other items."
238,Passive,1,exp01,posttask_survey,rec_strategy,How did you recall the correct placements of the items in the memory tests after the game task?,I recalled the correct placement of items relative to the placement of other items.,"I recalled the correct placement of items individually, irrespective of the placement of other items."
238,Passive,4,exp01,posttask_survey,perspective,Did you have a precise or holistic perspective of where the items belonged in the scene?,I viewed the objects specific to their precise location.,"I viewed all the objects as within the larger, holistic scene."
238,Passive,0,exp01,posttask_survey,item_prediction,Did you feel like you were able to predict where the items should go before the user did?,I was frequently predicting the items’ correct location before the user.,I did not know where the items should go at all.
238,Passive,2,exp01,posttask_survey,action_prediction,Did you feel like you were able to predict the actions of the user?,I was frequently predicting the actions the user would next make.,I did not know what moves the user would make at all.
238,Passive,4,exp01,posttask_survey,expectation,Were you expecting the user’s correct/incorrect results during the game task?,"When the user got a correct/incorrect result, I was always expecting the result they got.","When the user got a correct/incorrect result, I was always surprised by the result they got."
238,Passive,3,exp01,posttask_survey,passive_presence,How present did you feel with the user playing the game?,"I felt like I was in the game, actively making guesses with the user.","I felt like I was apart from the game, distantly watching the user make guesses."
239,Passive,5,exp01,posttask_survey,presence,How present did you feel during the game task?,"I felt like I was there in the room, not just on the screen.",I felt very detached from the game.
239,Passive,6,exp01,posttask_survey,attention,How attentive did you feel to the game task?,I felt “in the zone.”,I felt unable to pay attention to the game.
239,Passive,6,exp01,posttask_survey,enc_confidence,How well could you remember information during the game task?,I would easily remember what was happening in the game.,I would constantly forget what was happening in the game.
239,Passive,4,exp01,posttask_survey,rec_confidence,How well could you recall information in the memory tests after the game task?,It felt easy to recall all the information prompted in the memory tests.,It felt impossible to recall any information prompted in the memory tests.
239,Passive,6,exp01,posttask_survey,control,How in control did you feel during the game task?,I felt like I had full control over the game task.,I felt like I had no control over the game task.
239,Passive,3,exp01,posttask_survey,randomness,How easily did you realize the correct item placements during the game task?,I felt like the correct placements “clicked” to me.,I felt like the correct placements were random matches.
239,Passive,4,exp01,posttask_survey,enc_strategy,How did you identify the correct placements of the items during the game task?,I identified the correct placement of items relative to the placement of other items.,"I identified the correct placement of items individually, irrespective of the placement of other items."
239,Passive,6,exp01,posttask_survey,rec_strategy,How did you recall the correct placements of the items in the memory tests after the game task?,I recalled the correct placement of items relative to the placement of other items.,"I recalled the correct placement of items individually, irrespective of the placement of other items."
239,Passive,0,exp01,posttask_survey,perspective,Did you have a precise or holistic perspective of where the items belonged in the scene?,I viewed the objects specific to their precise location.,"I viewed all the objects as within the larger, holistic scene."
239,Passive,2,exp01,posttask_survey,item_prediction,Did you feel like you were able to predict where the items should go before the user did?,I was frequently predicting the items’ correct location before the user.,I did not know where the items should go at all.
239,Passive,6,exp01,posttask_survey,action_prediction,Did you feel like you were able to predict the actions of the user?,I was frequently predicting the actions the user would next make.,I did not know what moves the user would make at all.
239,Passive,6,exp01,posttask_survey,expectation,Were you expecting the user’s correct/incorrect results during the game task?,"When the user got a correct/incorrect result, I was always expecting the result they got.","When the user got a correct/incorrect result, I was always surprised by the result they got."
239,Passive,4,exp01,posttask_survey,passive_presence,How present did you feel with the user playing the game?,"I felt like I was in the game, actively making guesses with the user.","I felt like I was apart from the game, distantly watching the user make guesses."
240,Passive,4,exp01,posttask_survey,presence,How present did you feel during the game task?,"I felt like I was there in the room, not just on the screen.",I felt very detached from the game.
240,Passive,4,exp01,posttask_survey,attention,How attentive did you feel to the game task?,I felt “in the zone.”,I felt unable to pay attention to the game.
240,Passive,3,exp01,posttask_survey,enc_confidence,How well could you remember information during the game task?,I would easily remember what was happening in the game.,I would constantly forget what was happening in the game.
240,Passive,3,exp01,posttask_survey,rec_confidence,How well could you recall information in the memory tests after the game task?,It felt easy to recall all the information prompted in the memory tests.,It felt impossible to recall any information prompted in the memory tests.
240,Passive,,exp01,posttask_survey,control,How in control did you feel during the game task?,I felt like I had full control over the game task.,I felt like I had no control over the game task.
240,Passive,5,exp01,posttask_survey,randomness,How easily did you realize the correct item placements during the game task?,I felt like the correct placements “clicked” to me.,I felt like the correct placements were random matches.
240,Passive,0,exp01,posttask_survey,enc_strategy,How did you identify the correct placements of the items during the game task?,I identified the correct placement of items relative to the placement of other items.,"I identified the correct placement of items individually, irrespective of the placement of other items."
240,Passive,0,exp01,posttask_survey,rec_strategy,How did you recall the correct placements of the items in the memory tests after the game task?,I recalled the correct placement of items relative to the placement of other items.,"I recalled the correct placement of items individually, irrespective of the placement of other items."
240,Passive,5,exp01,posttask_survey,perspective,Did you have a precise or holistic perspective of where the items belonged in the scene?,I viewed the objects specific to their precise location.,"I viewed all the objects as within the larger, holistic scene."
240,Passive,6,exp01,posttask_survey,item_prediction,Did you feel like you were able to predict where the items should go before the user did?,I was frequently predicting the items’ correct location before the user.,I did not know where the items should go at all.
240,Passive,4,exp01,posttask_survey,action_prediction,Did you feel like you were able to predict the actions of the user?,I was frequently predicting the actions the user would next make.,I did not know what moves the user would make at all.
240,Passive,4,exp01,posttask_survey,expectation,Were you expecting the user’s correct/incorrect results during the game task?,"When the user got a correct/incorrect result, I was always expecting the result they got.","When the user got a correct/incorrect result, I was always surprised by the result they got."
240,Passive,4,exp01,posttask_survey,passive_presence,How present did you feel with the user playing the game?,"I felt like I was in the game, actively making guesses with the user.","I felt like I was apart from the game, distantly watching the user make guesses."
235,Passive,5,exp01,posttask_survey,presence,How present did you feel during the game task?,"I felt like I was there in the room, not just on the screen.",I felt very detached from the game.
235,Passive,5,exp01,posttask_survey,attention,How attentive did you feel to the game task?,I felt “in the zone.”,I felt unable to pay attention to the game.
235,Passive,6,exp01,posttask_survey,enc_confidence,How well could you remember information during the game task?,I would easily remember what was happening in the game.,I would constantly forget what was happening in the game.
235,Passive,5,exp01,posttask_survey,rec_confidence,How well could you recall information in the memory tests after the game task?,It felt easy to recall all the information prompted in the memory tests.,It felt impossible to recall any information prompted in the memory tests.
235,Passive,5,exp01,posttask_survey,control,How in control did you feel during the game task?,I felt like I had full control over the game task.,I felt like I had no control over the game task.
235,Passive,6,exp01,posttask_survey,randomness,How easily did you realize the correct item placements during the game task?,I felt like the correct placements “clicked” to me.,I felt like the correct placements were random matches.
235,Passive,3,exp01,posttask_survey,enc_strategy,How did you identify the correct placements of the items during the game task?,I identified the correct placement of items relative to the placement of other items.,"I identified the correct placement of items individually, irrespective of the placement of other items."
235,Passive,3,exp01,posttask_survey,rec_strategy,How did you recall the correct placements of the items in the memory tests after the game task?,I recalled the correct placement of items relative to the placement of other items.,"I recalled the correct placement of items individually, irrespective of the placement of other items."
235,Passive,3,exp01,posttask_survey,perspective,Did you have a precise or holistic perspective of where the items belonged in the scene?,I viewed the objects specific to their precise location.,"I viewed all the objects as within the larger, holistic scene."
235,Passive,5,exp01,posttask_survey,item_prediction,Did you feel like you were able to predict where the items should go before the user did?,I was frequently predicting the items’ correct location before the user.,I did not know where the items should go at all.
235,Passive,5,exp01,posttask_survey,action_prediction,Did you feel like you were able to predict the actions of the user?,I was frequently predicting the actions the user would next make.,I did not know what moves the user would make at all.
235,Passive,3,exp01,posttask_survey,expectation,Were you expecting the user’s correct/incorrect results during the game task?,"When the user got a correct/incorrect result, I was always expecting the result they got.","When the user got a correct/incorrect result, I was always surprised by the result they got."
235,Passive,6,exp01,posttask_survey,passive_presence,How present did you feel with the user playing the game?,"I felt like I was in the game, actively making guesses with the user.","I felt like I was apart from the game, distantly watching the user make guesses."
236,Passive,4,exp01,posttask_survey,presence,How present did you feel during the game task?,"I felt like I was there in the room, not just on the screen.",I felt very detached from the game.
236,Passive,4,exp01,posttask_survey,attention,How attentive did you feel to the game task?,I felt “in the zone.”,I felt unable to pay attention to the game.
236,Passive,3,exp01,posttask_survey,enc_confidence,How well could you remember information during the game task?,I would easily remember what was happening in the game.,I would constantly forget what was happening in the game.
236,Passive,5,exp01,posttask_survey,rec_confidence,How well could you recall information in the memory tests after the game task?,It felt easy to recall all the information prompted in the memory tests.,It felt impossible to recall any information prompted in the memory tests.
236,Passive,4,exp01,posttask_survey,control,How in control did you feel during the game task?,I felt like I had full control over the game task.,I felt like I had no control over the game task.
236,Passive,4,exp01,posttask_survey,randomness,How easily did you realize the correct item placements during the game task?,I felt like the correct placements “clicked” to me.,I felt like the correct placements were random matches.
236,Passive,3,exp01,posttask_survey,enc_strategy,How did you identify the correct placements of the items during the game task?,I identified the correct placement of items relative to the placement of other items.,"I identified the correct placement of items individually, irrespective of the placement of other items."
236,Passive,5,exp01,posttask_survey,rec_strategy,How did you recall the correct placements of the items in the memory tests after the game task?,I recalled the correct placement of items relative to the placement of other items.,"I recalled the correct placement of items individually, irrespective of the placement of other items."
236,Passive,3,exp01,posttask_survey,perspective,Did you have a precise or holistic perspective of where the items belonged in the scene?,I viewed the objects specific to their precise location.,"I viewed all the objects as within the larger, holistic scene."
236,Passive,6,exp01,posttask_survey,item_prediction,Did you feel like you were able to predict where the items should go before the user did?,I was frequently predicting the items’ correct location before the user.,I did not know where the items should go at all.
236,Passive,4,exp01,posttask_survey,action_prediction,Did you feel like you were able to predict the actions of the user?,I was frequently predicting the actions the user would next make.,I did not know what moves the user would make at all.
236,Passive,4,exp01,posttask_survey,expectation,Were you expecting the user’s correct/incorrect results during the game task?,"When the user got a correct/incorrect result, I was always expecting the result they got.","When the user got a correct/incorrect result, I was always surprised by the result they got."
236,Passive,4,exp01,posttask_survey,passive_presence,How present did you feel with the user playing the game?,"I felt like I was in the game, actively making guesses with the user.","I felt like I was apart from the game, distantly watching the user make guesses."
228,Passive,6,exp01,posttask_survey,presence,How present did you feel during the game task?,"I felt like I was there in the room, not just on the screen.",I felt very detached from the game.
228,Passive,6,exp01,posttask_survey,attention,How attentive did you feel to the game task?,I felt “in the zone.”,I felt unable to pay attention to the game.
228,Passive,6,exp01,posttask_survey,enc_confidence,How well could you remember information during the game task?,I would easily remember what was happening in the game.,I would constantly forget what was happening in the game.
228,Passive,5,exp01,posttask_survey,rec_confidence,How well could you recall information in the memory tests after the game task?,It felt easy to recall all the information prompted in the memory tests.,It felt impossible to recall any information prompted in the memory tests.
228,Passive,6,exp01,posttask_survey,control,How in control did you feel during the game task?,I felt like I had full control over the game task.,I felt like I had no control over the game task.
228,Passive,6,exp01,posttask_survey,randomness,How easily did you realize the correct item placements during the game task?,I felt like the correct placements “clicked” to me.,I felt like the correct placements were random matches.
228,Passive,3,exp01,posttask_survey,enc_strategy,How did you identify the correct placements of the items during the game task?,I identified the correct placement of items relative to the placement of other items.,"I identified the correct placement of items individually, irrespective of the placement of other items."
228,Passive,3,exp01,posttask_survey,rec_strategy,How did you recall the correct placements of the items in the memory tests after the game task?,I recalled the correct placement of items relative to the placement of other items.,"I recalled the correct placement of items individually, irrespective of the placement of other items."
228,Passive,3,exp01,posttask_survey,perspective,Did you have a precise or holistic perspective of where the items belonged in the scene?,I viewed the objects specific to their precise location.,"I viewed all the objects as within the larger, holistic scene."
228,Passive,6,exp01,posttask_survey,item_prediction,Did you feel like you were able to predict where the items should go before the user did?,I was frequently predicting the items’ correct location before the user.,I did not know where the items should go at all.
228,Passive,1,exp01,posttask_survey,action_prediction,Did you feel like you were able to predict the actions of the user?,I was frequently predicting the actions the user would next make.,I did not know what moves the user would make at all.
228,Passive,1,exp01,posttask_survey,expectation,Were you expecting the user’s correct/incorrect results during the game task?,"When the user got a correct/incorrect result, I was always expecting the result they got.","When the user got a correct/incorrect result, I was always surprised by the result they got."
228,Passive,3,exp01,posttask_survey,passive_presence,How present did you feel with the user playing the game?,"I felt like I was in the game, actively making guesses with the user.","I felt like I was apart from the game, distantly watching the user make guesses."
231,Passive,5,exp01,posttask_survey,presence,How present did you feel during the game task?,"I felt like I was there in the room, not just on the screen.",I felt very detached from the game.
231,Passive,5,exp01,posttask_survey,attention,How attentive did you feel to the game task?,I felt “in the zone.”,I felt unable to pay attention to the game.
231,Passive,4,exp01,posttask_survey,enc_confidence,How well could you remember information during the game task?,I would easily remember what was happening in the game.,I would constantly forget what was happening in the game.
231,Passive,4,exp01,posttask_survey,rec_confidence,How well could you recall information in the memory tests after the game task?,It felt easy to recall all the information prompted in the memory tests.,It felt impossible to recall any information prompted in the memory tests.
231,Passive,6,exp01,posttask_survey,control,How in control did you feel during the game task?,I felt like I had full control over the game task.,I felt like I had no control over the game task.
231,Passive,6,exp01,posttask_survey,randomness,How easily did you realize the correct item placements during the game task?,I felt like the correct placements “clicked” to me.,I felt like the correct placements were random matches.
231,Passive,3,exp01,posttask_survey,enc_strategy,How did you identify the correct placements of the items during the game task?,I identified the correct placement of items relative to the placement of other items.,"I identified the correct placement of items individually, irrespective of the placement of other items."
231,Passive,3,exp01,posttask_survey,rec_strategy,How did you recall the correct placements of the items in the memory tests after the game task?,I recalled the correct placement of items relative to the placement of other items.,"I recalled the correct placement of items individually, irrespective of the placement of other items."
231,Passive,4,exp01,posttask_survey,perspective,Did you have a precise or holistic perspective of where the items belonged in the scene?,I viewed the objects specific to their precise location.,"I viewed all the objects as within the larger, holistic scene."
231,Passive,6,exp01,posttask_survey,item_prediction,Did you feel like you were able to predict where the items should go before the user did?,I was frequently predicting the items’ correct location before the user.,I did not know where the items should go at all.
231,Passive,1,exp01,posttask_survey,action_prediction,Did you feel like you were able to predict the actions of the user?,I was frequently predicting the actions the user would next make.,I did not know what moves the user would make at all.
231,Passive,2,exp01,posttask_survey,expectation,Were you expecting the user’s correct/incorrect results during the game task?,"When the user got a correct/incorrect result, I was always expecting the result they got.","When the user got a correct/incorrect result, I was always surprised by the result they got."
231,Passive,6,exp01,posttask_survey,passive_presence,How present did you feel with the user playing the game?,"I felt like I was in the game, actively making guesses with the user.","I felt like I was apart from the game, distantly watching the user make guesses."
232,Passive,4,exp01,posttask_survey,presence,How present did you feel during the game task?,"I felt like I was there in the room, not just on the screen.",I felt very detached from the game.
232,Passive,5,exp01,posttask_survey,attention,How attentive did you feel to the game task?,I felt “in the zone.”,I felt unable to pay attention to the game.
232,Passive,4,exp01,posttask_survey,enc_confidence,How well could you remember information during the game task?,I would easily remember what was happening in the game.,I would constantly forget what was happening in the game.
232,Passive,5,exp01,posttask_survey,rec_confidence,How well could you recall information in the memory tests after the game task?,It felt easy to recall all the information prompted in the memory tests.,It felt impossible to recall any information prompted in the memory tests.
232,Passive,6,exp01,posttask_survey,control,How in control did you feel during the game task?,I felt like I had full control over the game task.,I felt like I had no control over the game task.
232,Passive,6,exp01,posttask_survey,randomness,How easily did you realize the correct item placements during the game task?,I felt like the correct placements “clicked” to me.,I felt like the correct placements were random matches.
232,Passive,4,exp01,posttask_survey,enc_strategy,How did you identify the correct placements of the items during the game task?,I identified the correct placement of items relative to the placement of other items.,"I identified the correct placement of items individually, irrespective of the placement of other items."
232,Passive,4,exp01,posttask_survey,rec_strategy,How did you recall the correct placements of the items in the memory tests after the game task?,I recalled the correct placement of items relative to the placement of other items.,"I recalled the correct placement of items individually, irrespective of the placement of other items."
232,Passive,4,exp01,posttask_survey,perspective,Did you have a precise or holistic perspective of where the items belonged in the scene?,I viewed the objects specific to their precise location.,"I viewed all the objects as within the larger, holistic scene."
232,Passive,6,exp01,posttask_survey,item_prediction,Did you feel like you were able to predict where the items should go before the user did?,I was frequently predicting the items’ correct location before the user.,I did not know where the items should go at all.
232,Passive,4,exp01,posttask_survey,action_prediction,Did you feel like you were able to predict the actions of the user?,I was frequently predicting the actions the user would next make.,I did not know what moves the user would make at all.
232,Passive,5,exp01,posttask_survey,expectation,Were you expecting the user’s correct/incorrect results during the game task?,"When the user got a correct/incorrect result, I was always expecting the result they got.","When the user got a correct/incorrect result, I was always surprised by the result they got."
232,Passive,5,exp01,posttask_survey,passive_presence,How present did you feel with the user playing the game?,"I felt like I was in the game, actively making guesses with the user.","I felt like I was apart from the game, distantly watching the user make guesses."
233,Passive,4,exp01,posttask_survey,presence,How present did you feel during the game task?,"I felt like I was there in the room, not just on the screen.",I felt very detached from the game.
233,Passive,4,exp01,posttask_survey,attention,How attentive did you feel to the game task?,I felt “in the zone.”,I felt unable to pay attention to the game.
233,Passive,5,exp01,posttask_survey,enc_confidence,How well could you remember information during the game task?,I would easily remember what was happening in the game.,I would constantly forget what was happening in the game.
233,Passive,4,exp01,posttask_survey,rec_confidence,How well could you recall information in the memory tests after the game task?,It felt easy to recall all the information prompted in the memory tests.,It felt impossible to recall any information prompted in the memory tests.
233,Passive,1,exp01,posttask_survey,control,How in control did you feel during the game task?,I felt like I had full control over the game task.,I felt like I had no control over the game task.
233,Passive,6,exp01,posttask_survey,randomness,How easily did you realize the correct item placements during the game task?,I felt like the correct placements “clicked” to me.,I felt like the correct placements were random matches.
233,Passive,3,exp01,posttask_survey,enc_strategy,How did you identify the correct placements of the items during the game task?,I identified the correct placement of items relative to the placement of other items.,"I identified the correct placement of items individually, irrespective of the placement of other items."
233,Passive,6,exp01,posttask_survey,rec_strategy,How did you recall the correct placements of the items in the memory tests after the game task?,I recalled the correct placement of items relative to the placement of other items.,"I recalled the correct placement of items individually, irrespective of the placement of other items."
233,Passive,0,exp01,posttask_survey,perspective,Did you have a precise or holistic perspective of where the items belonged in the scene?,I viewed the objects specific to their precise location.,"I viewed all the objects as within the larger, holistic scene."
233,Passive,4,exp01,posttask_survey,item_prediction,Did you feel like you were able to predict where the items should go before the user did?,I was frequently predicting the items’ correct location before the user.,I did not know where the items should go at all.
233,Passive,5,exp01,posttask_survey,action_prediction,Did you feel like you were able to predict the actions of the user?,I was frequently predicting the actions the user would next make.,I did not know what moves the user would make at all.
233,Passive,5,exp01,posttask_survey,expectation,Were you expecting the user’s correct/incorrect results during the game task?,"When the user got a correct/incorrect result, I was always expecting the result they got.","When the user got a correct/incorrect result, I was always surprised by the result they got."
233,Passive,6,exp01,posttask_survey,passive_presence,How present did you feel with the user playing the game?,"I felt like I was in the game, actively making guesses with the user.","I felt like I was apart from the game, distantly watching the user make guesses."
241,Passive,6,exp01,posttask_survey,presence,How present did you feel during the game task?,"I felt like I was there in the room, not just on the screen.",I felt very detached from the game.
241,Passive,4,exp01,posttask_survey,attention,How attentive did you feel to the game task?,I felt “in the zone.”,I felt unable to pay attention to the game.
241,Passive,1,exp01,posttask_survey,enc_confidence,How well could you remember information during the game task?,I would easily remember what was happening in the game.,I would constantly forget what was happening in the game.
241,Passive,5,exp01,posttask_survey,rec_confidence,How well could you recall information in the memory tests after the game task?,It felt easy to recall all the information prompted in the memory tests.,It felt impossible to recall any information prompted in the memory tests.
241,Passive,0,exp01,posttask_survey,control,How in control did you feel during the game task?,I felt like I had full control over the game task.,I felt like I had no control over the game task.
241,Passive,0,exp01,posttask_survey,randomness,How easily did you realize the correct item placements during the game task?,I felt like the correct placements “clicked” to me.,I felt like the correct placements were random matches.
241,Passive,0,exp01,posttask_survey,enc_strategy,How did you identify the correct placements of the items during the game task?,I identified the correct placement of items relative to the placement of other items.,"I identified the correct placement of items individually, irrespective of the placement of other items."
241,Passive,6,exp01,posttask_survey,rec_strategy,How did you recall the correct placements of the items in the memory tests after the game task?,I recalled the correct placement of items relative to the placement of other items.,"I recalled the correct placement of items individually, irrespective of the placement of other items."
241,Passive,4,exp01,posttask_survey,perspective,Did you have a precise or holistic perspective of where the items belonged in the scene?,I viewed the objects specific to their precise location.,"I viewed all the objects as within the larger, holistic scene."
241,Passive,0,exp01,posttask_survey,item_prediction,Did you feel like you were able to predict where the items should go before the user did?,I was frequently predicting the items’ correct location before the user.,I did not know where the items should go at all.
241,Passive,1,exp01,posttask_survey,action_prediction,Did you feel like you were able to predict the actions of the user?,I was frequently predicting the actions the user would next make.,I did not know what moves the user would make at all.
241,Passive,0,exp01,posttask_survey,expectation,Were you expecting the user’s correct/incorrect results during the game task?,"When the user got a correct/incorrect result, I was always expecting the result they got.","When the user got a correct/incorrect result, I was always surprised by the result they got."
241,Passive,4,exp01,posttask_survey,passive_presence,How present did you feel with the user playing the game?,"I felt like I was in the game, actively making guesses with the user.","I felt like I was apart from the game, distantly watching the user make guesses."
242,Passive,4,exp01,posttask_survey,presence,How present did you feel during the game task?,"I felt like I was there in the room, not just on the screen.",I felt very detached from the game.
242,Passive,3,exp01,posttask_survey,attention,How attentive did you feel to the game task?,I felt “in the zone.”,I felt unable to pay attention to the game.
242,Passive,1,exp01,posttask_survey,enc_confidence,How well could you remember information during the game task?,I would easily remember what was happening in the game.,I would constantly forget what was happening in the game.
242,Passive,2,exp01,posttask_survey,rec_confidence,How well could you recall information in the memory tests after the game task?,It felt easy to recall all the information prompted in the memory tests.,It felt impossible to recall any information prompted in the memory tests.
242,Passive,4,exp01,posttask_survey,control,How in control did you feel during the game task?,I felt like I had full control over the game task.,I felt like I had no control over the game task.
242,Passive,2,exp01,posttask_survey,randomness,How easily did you realize the correct item placements during the game task?,I felt like the correct placements “clicked” to me.,I felt like the correct placements were random matches.
242,Passive,2,exp01,posttask_survey,enc_strategy,How did you identify the correct placements of the items during the game task?,I identified the correct placement of items relative to the placement of other items.,"I identified the correct placement of items individually, irrespective of the placement of other items."
242,Passive,2,exp01,posttask_survey,rec_strategy,How did you recall the correct placements of the items in the memory tests after the game task?,I recalled the correct placement of items relative to the placement of other items.,"I recalled the correct placement of items individually, irrespective of the placement of other items."
242,Passive,1,exp01,posttask_survey,perspective,Did you have a precise or holistic perspective of where the items belonged in the scene?,I viewed the objects specific to their precise location.,"I viewed all the objects as within the larger, holistic scene."
242,Passive,0,exp01,posttask_survey,item_prediction,Did you feel like you were able to predict where the items should go before the user did?,I was frequently predicting the items’ correct location before the user.,I did not know where the items should go at all.
242,Passive,0,exp01,posttask_survey,action_prediction,Did you feel like you were able to predict the actions of the user?,I was frequently predicting the actions the user would next make.,I did not know what moves the user would make at all.
242,Passive,1,exp01,posttask_survey,expectation,Were you expecting the user’s correct/incorrect results during the game task?,"When the user got a correct/incorrect result, I was always expecting the result they got.","When the user got a correct/incorrect result, I was always surprised by the result they got."
242,Passive,2,exp01,posttask_survey,passive_presence,How present did you feel with the user playing the game?,"I felt like I was in the game, actively making guesses with the user.","I felt like I was apart from the game, distantly watching the user make guesses."
243,Passive,4,exp01,posttask_survey,presence,How present did you feel during the game task?,"I felt like I was there in the room, not just on the screen.",I felt very detached from the game.
243,Passive,4,exp01,posttask_survey,attention,How attentive did you feel to the game task?,I felt “in the zone.”,I felt unable to pay attention to the game.
243,Passive,3,exp01,posttask_survey,enc_confidence,How well could you remember information during the game task?,I would easily remember what was happening in the game.,I would constantly forget what was happening in the game.
243,Passive,5,exp01,posttask_survey,rec_confidence,How well could you recall information in the memory tests after the game task?,It felt easy to recall all the information prompted in the memory tests.,It felt impossible to recall any information prompted in the memory tests.
243,Passive,4,exp01,posttask_survey,control,How in control did you feel during the game task?,I felt like I had full control over the game task.,I felt like I had no control over the game task.
243,Passive,4,exp01,posttask_survey,randomness,How easily did you realize the correct item placements during the game task?,I felt like the correct placements “clicked” to me.,I felt like the correct placements were random matches.
243,Passive,4,exp01,posttask_survey,enc_strategy,How did you identify the correct placements of the items during the game task?,I identified the correct placement of items relative to the placement of other items.,"I identified the correct placement of items individually, irrespective of the placement of other items."
243,Passive,4,exp01,posttask_survey,rec_strategy,How did you recall the correct placements of the items in the memory tests after the game task?,I recalled the correct placement of items relative to the placement of other items.,"I recalled the correct placement of items individually, irrespective of the placement of other items."
243,Passive,4,exp01,posttask_survey,perspective,Did you have a precise or holistic perspective of where the items belonged in the scene?,I viewed the objects specific to their precise location.,"I viewed all the objects as within the larger, holistic scene."
243,Passive,4,exp01,posttask_survey,item_prediction,Did you feel like you were able to predict where the items should go before the user did?,I was frequently predicting the items’ correct location before the user.,I did not know where the items should go at all.
243,Passive,4,exp01,posttask_survey,action_prediction,Did you feel like you were able to predict the actions of the user?,I was frequently predicting the actions the user would next make.,I did not know what moves the user would make at all.
243,Passive,4,exp01,posttask_survey,expectation,Were you expecting the user’s correct/incorrect results during the game task?,"When the user got a correct/incorrect result, I was always expecting the result they got.","When the user got a correct/incorrect result, I was always surprised by the result they got."
243,Passive,2,exp01,posttask_survey,passive_presence,How present did you feel with the user playing the game?,"I felt like I was in the game, actively making guesses with the user.","I felt like I was apart from the game, distantly watching the user make guesses."
244,Passive,4,exp01,posttask_survey,presence,How present did you feel during the game task?,"I felt like I was there in the room, not just on the screen.",I felt very detached from the game.
244,Passive,4,exp01,posttask_survey,attention,How attentive did you feel to the game task?,I felt “in the zone.”,I felt unable to pay attention to the game.
244,Passive,5,exp01,posttask_survey,enc_confidence,How well could you remember information during the game task?,I would easily remember what was happening in the game.,I would constantly forget what was happening in the game.
244,Passive,6,exp01,posttask_survey,rec_confidence,How well could you recall information in the memory tests after the game task?,It felt easy to recall all the information prompted in the memory tests.,It felt impossible to recall any information prompted in the memory tests.
244,Passive,5,exp01,posttask_survey,control,How in control did you feel during the game task?,I felt like I had full control over the game task.,I felt like I had no control over the game task.
244,Passive,6,exp01,posttask_survey,randomness,How easily did you realize the correct item placements during the game task?,I felt like the correct placements “clicked” to me.,I felt like the correct placements were random matches.
244,Passive,4,exp01,posttask_survey,enc_strategy,How did you identify the correct placements of the items during the game task?,I identified the correct placement of items relative to the placement of other items.,"I identified the correct placement of items individually, irrespective of the placement of other items."
244,Passive,6,exp01,posttask_survey,rec_strategy,How did you recall the correct placements of the items in the memory tests after the game task?,I recalled the correct placement of items relative to the placement of other items.,"I recalled the correct placement of items individually, irrespective of the placement of other items."
244,Passive,6,exp01,posttask_survey,perspective,Did you have a precise or holistic perspective of where the items belonged in the scene?,I viewed the objects specific to their precise location.,"I viewed all the objects as within the larger, holistic scene."
244,Passive,0,exp01,posttask_survey,item_prediction,Did you feel like you were able to predict where the items should go before the user did?,I was frequently predicting the items’ correct location before the user.,I did not know where the items should go at all.
244,Passive,5,exp01,posttask_survey,action_prediction,Did you feel like you were able to predict the actions of the user?,I was frequently predicting the actions the user would next make.,I did not know what moves the user would make at all.
244,Passive,0,exp01,posttask_survey,expectation,Were you expecting the user’s correct/incorrect results during the game task?,"When the user got a correct/incorrect result, I was always expecting the result they got.","When the user got a correct/incorrect result, I was always surprised by the result they got."
244,Passive,0,exp01,posttask_survey,passive_presence,How present did you feel with the user playing the game?,"I felt like I was in the game, actively making guesses with the user.","I felt like I was apart from the game, distantly watching the user make guesses."
245,Passive,1,exp01,posttask_survey,presence,How present did you feel during the game task?,"I felt like I was there in the room, not just on the screen.",I felt very detached from the game.
245,Passive,3,exp01,posttask_survey,attention,How attentive did you feel to the game task?,I felt “in the zone.”,I felt unable to pay attention to the game.
245,Passive,4,exp01,posttask_survey,enc_confidence,How well could you remember information during the game task?,I would easily remember what was happening in the game.,I would constantly forget what was happening in the game.
245,Passive,3,exp01,posttask_survey,rec_confidence,How well could you recall information in the memory tests after the game task?,It felt easy to recall all the information prompted in the memory tests.,It felt impossible to recall any information prompted in the memory tests.
245,Passive,4,exp01,posttask_survey,control,How in control did you feel during the game task?,I felt like I had full control over the game task.,I felt like I had no control over the game task.
245,Passive,4,exp01,posttask_survey,randomness,How easily did you realize the correct item placements during the game task?,I felt like the correct placements “clicked” to me.,I felt like the correct placements were random matches.
245,Passive,5,exp01,posttask_survey,enc_strategy,How did you identify the correct placements of the items during the game task?,I identified the correct placement of items relative to the placement of other items.,"I identified the correct placement of items individually, irrespective of the placement of other items."
245,Passive,,exp01,posttask_survey,rec_strategy,How did you recall the correct placements of the items in the memory tests after the game task?,I recalled the correct placement of items relative to the placement of other items.,"I recalled the correct placement of items individually, irrespective of the placement of other items."
245,Passive,5,exp01,posttask_survey,perspective,Did you have a precise or holistic perspective of where the items belonged in the scene?,I viewed the objects specific to their precise location.,"I viewed all the objects as within the larger, holistic scene."
245,Passive,6,exp01,posttask_survey,item_prediction,Did you feel like you were able to predict where the items should go before the user did?,I was frequently predicting the items’ correct location before the user.,I did not know where the items should go at all.
245,Passive,6,exp01,posttask_survey,action_prediction,Did you feel like you were able to predict the actions of the user?,I was frequently predicting the actions the user would next make.,I did not know what moves the user would make at all.
245,Passive,3,exp01,posttask_survey,expectation,Were you expecting the user’s correct/incorrect results during the game task?,"When the user got a correct/incorrect result, I was always expecting the result they got.","When the user got a correct/incorrect result, I was always surprised by the result they got."
245,Passive,6,exp01,posttask_survey,passive_presence,How present did you feel with the user playing the game?,"I felt like I was in the game, actively making guesses with the user.","I felt like I was apart from the game, distantly watching the user make guesses."
147,Active,1,exp01,posttask_survey,presence,How present did you feel during the game task?,"I felt like I was there in the room, not just on the screen.",I felt very detached from the game.
147,Active,1,exp01,posttask_survey,attention,How attentive did you feel to the game task?,I felt “in the zone.”,I felt unable to pay attention to the game.
147,Active,3,exp01,posttask_survey,enc_confidence,How well could you remember information during the game task?,I would easily remember what was happening in the game.,I would constantly forget what was happening in the game.
147,Active,4,exp01,posttask_survey,rec_confidence,How well could you recall information in the memory tests after the game task?,It felt easy to recall all the information prompted in the memory tests.,It felt impossible to recall any information prompted in the memory tests.
147,Active,2,exp01,posttask_survey,control,How in control did you feel during the game task?,I felt like I had full control over the game task.,I felt like I had no control over the game task.
147,Active,5,exp01,posttask_survey,randomness,How easily did you realize the correct item placements during the game task?,I felt like the correct placements “clicked” to me.,I felt like the correct placements were random matches.
147,Active,2,exp01,posttask_survey,enc_strategy,How did you identify the correct placements of the items during the game task?,I identified the correct placement of items relative to the placement of other items.,"I identified the correct placement of items individually, irrespective of the placement of other items."
147,Active,2,exp01,posttask_survey,rec_strategy,How did you recall the correct placements of the items in the memory tests after the game task?,I recalled the correct placement of items relative to the placement of other items.,"I recalled the correct placement of items individually, irrespective of the placement of other items."
147,Active,2,exp01,posttask_survey,perspective,Did you have a precise or holistic perspective of where the items belonged in the scene?,I viewed the objects specific to their precise location.,"I viewed all the objects as within the larger, holistic scene."
148,Active,4,exp01,posttask_survey,presence,How present did you feel during the game task?,"I felt like I was there in the room, not just on the screen.",I felt very detached from the game.
148,Active,2,exp01,posttask_survey,attention,How attentive did you feel to the game task?,I felt “in the zone.”,I felt unable to pay attention to the game.
148,Active,3,exp01,posttask_survey,enc_confidence,How well could you remember information during the game task?,I would easily remember what was happening in the game.,I would constantly forget what was happening in the game.
148,Active,2,exp01,posttask_survey,rec_confidence,How well could you recall information in the memory tests after the game task?,It felt easy to recall all the information prompted in the memory tests.,It felt impossible to recall any information prompted in the memory tests.
148,Active,4,exp01,posttask_survey,control,How in control did you feel during the game task?,I felt like I had full control over the game task.,I felt like I had no control over the game task.
148,Active,4,exp01,posttask_survey,randomness,How easily did you realize the correct item placements during the game task?,I felt like the correct placements “clicked” to me.,I felt like the correct placements were random matches.
148,Active,1,exp01,posttask_survey,enc_strategy,How did you identify the correct placements of the items during the game task?,I identified the correct placement of items relative to the placement of other items.,"I identified the correct placement of items individually, irrespective of the placement of other items."
148,Active,2,exp01,posttask_survey,rec_strategy,How did you recall the correct placements of the items in the memory tests after the game task?,I recalled the correct placement of items relative to the placement of other items.,"I recalled the correct placement of items individually, irrespective of the placement of other items."
148,Active,6,exp01,posttask_survey,perspective,Did you have a precise or holistic perspective of where the items belonged in the scene?,I viewed the objects specific to their precise location.,"I viewed all the objects as within the larger, holistic scene."
149,Active,3,exp01,posttask_survey,presence,How present did you feel during the game task?,"I felt like I was there in the room, not just on the screen.",I felt very detached from the game.
149,Active,2,exp01,posttask_survey,attention,How attentive did you feel to the game task?,I felt “in the zone.”,I felt unable to pay attention to the game.
149,Active,2,exp01,posttask_survey,enc_confidence,How well could you remember information during the game task?,I would easily remember what was happening in the game.,I would constantly forget what was happening in the game.
149,Active,4,exp01,posttask_survey,rec_confidence,How well could you recall information in the memory tests after the game task?,It felt easy to recall all the information prompted in the memory tests.,It felt impossible to recall any information prompted in the memory tests.
149,Active,2,exp01,posttask_survey,control,How in control did you feel during the game task?,I felt like I had full control over the game task.,I felt like I had no control over the game task.
149,Active,2,exp01,posttask_survey,randomness,How easily did you realize the correct item placements during the game task?,I felt like the correct placements “clicked” to me.,I felt like the correct placements were random matches.
149,Active,5,exp01,posttask_survey,enc_strategy,How did you identify the correct placements of the items during the game task?,I identified the correct placement of items relative to the placement of other items.,"I identified the correct placement of items individually, irrespective of the placement of other items."
149,Active,3,exp01,posttask_survey,rec_strategy,How did you recall the correct placements of the items in the memory tests after the game task?,I recalled the correct placement of items relative to the placement of other items.,"I recalled the correct placement of items individually, irrespective of the placement of other items."
149,Active,3,exp01,posttask_survey,perspective,Did you have a precise or holistic perspective of where the items belonged in the scene?,I viewed the objects specific to their precise location.,"I viewed all the objects as within the larger, holistic scene."
150,Active,2,exp01,posttask_survey,presence,How present did you feel during the game task?,"I felt like I was there in the room, not just on the screen.",I felt very detached from the game.
150,Active,1,exp01,posttask_survey,attention,How attentive did you feel to the game task?,I felt “in the zone.”,I felt unable to pay attention to the game.
150,Active,1,exp01,posttask_survey,enc_confidence,How well could you remember information during the game task?,I would easily remember what was happening in the game.,I would constantly forget what was happening in the game.
150,Active,2,exp01,posttask_survey,rec_confidence,How well could you recall information in the memory tests after the game task?,It felt easy to recall all the information prompted in the memory tests.,It felt impossible to recall any information prompted in the memory tests.
150,Active,1,exp01,posttask_survey,control,How in control did you feel during the game task?,I felt like I had full control over the game task.,I felt like I had no control over the game task.
150,Active,2,exp01,posttask_survey,randomness,How easily did you realize the correct item placements during the game task?,I felt like the correct placements “clicked” to me.,I felt like the correct placements were random matches.
150,Active,2,exp01,posttask_survey,enc_strategy,How did you identify the correct placements of the items during the game task?,I identified the correct placement of items relative to the placement of other items.,"I identified the correct placement of items individually, irrespective of the placement of other items."
150,Active,5,exp01,posttask_survey,rec_strategy,How did you recall the correct placements of the items in the memory tests after the game task?,I recalled the correct placement of items relative to the placement of other items.,"I recalled the correct placement of items individually, irrespective of the placement of other items."
150,Active,5,exp01,posttask_survey,perspective,Did you have a precise or holistic perspective of where the items belonged in the scene?,I viewed the objects specific to their precise location.,"I viewed all the objects as within the larger, holistic scene."
151,Active,5,exp01,posttask_survey,presence,How present did you feel during the game task?,"I felt like I was there in the room, not just on the screen.",I felt very detached from the game.
151,Active,5,exp01,posttask_survey,attention,How attentive did you feel to the game task?,I felt “in the zone.”,I felt unable to pay attention to the game.
151,Active,6,exp01,posttask_survey,enc_confidence,How well could you remember information during the game task?,I would easily remember what was happening in the game.,I would constantly forget what was happening in the game.
151,Active,5,exp01,posttask_survey,rec_confidence,How well could you recall information in the memory tests after the game task?,It felt easy to recall all the information prompted in the memory tests.,It felt impossible to recall any information prompted in the memory tests.
151,Active,5,exp01,posttask_survey,control,How in control did you feel during the game task?,I felt like I had full control over the game task.,I felt like I had no control over the game task.
151,Active,6,exp01,posttask_survey,randomness,How easily did you realize the correct item placements during the game task?,I felt like the correct placements “clicked” to me.,I felt like the correct placements were random matches.
151,Active,0,exp01,posttask_survey,enc_strategy,How did you identify the correct placements of the items during the game task?,I identified the correct placement of items relative to the placement of other items.,"I identified the correct placement of items individually, irrespective of the placement of other items."
151,Active,3,exp01,posttask_survey,rec_strategy,How did you recall the correct placements of the items in the memory tests after the game task?,I recalled the correct placement of items relative to the placement of other items.,"I recalled the correct placement of items individually, irrespective of the placement of other items."
151,Active,6,exp01,posttask_survey,perspective,Did you have a precise or holistic perspective of where the items belonged in the scene?,I viewed the objects specific to their precise location.,"I viewed all the objects as within the larger, holistic scene."
152,Active,3,exp01,posttask_survey,presence,How present did you feel during the game task?,"I felt like I was there in the room, not just on the screen.",I felt very detached from the game.
152,Active,,exp01,posttask_survey,attention,How attentive did you feel to the game task?,I felt “in the zone.”,I felt unable to pay attention to the game.
152,Active,1,exp01,posttask_survey,enc_confidence,How well could you remember information during the game task?,I would easily remember what was happening in the game.,I would constantly forget what was happening in the game.
152,Active,4,exp01,posttask_survey,rec_confidence,How well could you recall information in the memory tests after the game task?,It felt easy to recall all the information prompted in the memory tests.,It felt impossible to recall any information prompted in the memory tests.
152,Active,0,exp01,posttask_survey,control,How in control did you feel during the game task?,I felt like I had full control over the game task.,I felt like I had no control over the game task.
152,Active,0,exp01,posttask_survey,randomness,How easily did you realize the correct item placements during the game task?,I felt like the correct placements “clicked” to me.,I felt like the correct placements were random matches.
152,Active,1,exp01,posttask_survey,enc_strategy,How did you identify the correct placements of the items during the game task?,I identified the correct placement of items relative to the placement of other items.,"I identified the correct placement of items individually, irrespective of the placement of other items."
152,Active,6,exp01,posttask_survey,rec_strategy,How did you recall the correct placements of the items in the memory tests after the game task?,I recalled the correct placement of items relative to the placement of other items.,"I recalled the correct placement of items individually, irrespective of the placement of other items."
152,Active,6,exp01,posttask_survey,perspective,Did you have a precise or holistic perspective of where the items belonged in the scene?,I viewed the objects specific to their precise location.,"I viewed all the objects as within the larger, holistic scene."
154,Active,0,exp01,posttask_survey,presence,How present did you feel during the game task?,"I felt like I was there in the room, not just on the screen.",I felt very detached from the game.
154,Active,2,exp01,posttask_survey,attention,How attentive did you feel to the game task?,I felt “in the zone.”,I felt unable to pay attention to the game.
154,Active,0,exp01,posttask_survey,enc_confidence,How well could you remember information during the game task?,I would easily remember what was happening in the game.,I would constantly forget what was happening in the game.
154,Active,4,exp01,posttask_survey,rec_confidence,How well could you recall information in the memory tests after the game task?,It felt easy to recall all the information prompted in the memory tests.,It felt impossible to recall any information prompted in the memory tests.
154,Active,5,exp01,posttask_survey,control,How in control did you feel during the game task?,I felt like I had full control over the game task.,I felt like I had no control over the game task.
154,Active,6,exp01,posttask_survey,randomness,How easily did you realize the correct item placements during the game task?,I felt like the correct placements “clicked” to me.,I felt like the correct placements were random matches.
154,Active,0,exp01,posttask_survey,enc_strategy,How did you identify the correct placements of the items during the game task?,I identified the correct placement of items relative to the placement of other items.,"I identified the correct placement of items individually, irrespective of the placement of other items."
154,Active,3,exp01,posttask_survey,rec_strategy,How did you recall the correct placements of the items in the memory tests after the game task?,I recalled the correct placement of items relative to the placement of other items.,"I recalled the correct placement of items individually, irrespective of the placement of other items."
154,Active,6,exp01,posttask_survey,perspective,Did you have a precise or holistic perspective of where the items belonged in the scene?,I viewed the objects specific to their precise location.,"I viewed all the objects as within the larger, holistic scene."
156,Active,4,exp01,posttask_survey,presence,How present did you feel during the game task?,"I felt like I was there in the room, not just on the screen.",I felt very detached from the game.
156,Active,4,exp01,posttask_survey,attention,How attentive did you feel to the game task?,I felt “in the zone.”,I felt unable to pay attention to the game.
156,Active,5,exp01,posttask_survey,enc_confidence,How well could you remember information during the game task?,I would easily remember what was happening in the game.,I would constantly forget what was happening in the game.
156,Active,6,exp01,posttask_survey,rec_confidence,How well could you recall information in the memory tests after the game task?,It felt easy to recall all the information prompted in the memory tests.,It felt impossible to recall any information prompted in the memory tests.
156,Active,4,exp01,posttask_survey,control,How in control did you feel during the game task?,I felt like I had full control over the game task.,I felt like I had no control over the game task.
156,Active,3,exp01,posttask_survey,randomness,How easily did you realize the correct item placements during the game task?,I felt like the correct placements “clicked” to me.,I felt like the correct placements were random matches.
156,Active,4,exp01,posttask_survey,enc_strategy,How did you identify the correct placements of the items during the game task?,I identified the correct placement of items relative to the placement of other items.,"I identified the correct placement of items individually, irrespective of the placement of other items."
156,Active,4,exp01,posttask_survey,rec_strategy,How did you recall the correct placements of the items in the memory tests after the game task?,I recalled the correct placement of items relative to the placement of other items.,"I recalled the correct placement of items individually, irrespective of the placement of other items."
156,Active,3,exp01,posttask_survey,perspective,Did you have a precise or holistic perspective of where the items belonged in the scene?,I viewed the objects specific to their precise location.,"I viewed all the objects as within the larger, holistic scene."
237,Passive,4,exp01,posttask_survey,presence,How present did you feel during the game task?,"I felt like I was there in the room, not just on the screen.",I felt very detached from the game.
237,Passive,4,exp01,posttask_survey,attention,How attentive did you feel to the game task?,I felt “in the zone.”,I felt unable to pay attention to the game.
237,Passive,5,exp01,posttask_survey,enc_confidence,How well could you remember information during the game task?,I would easily remember what was happening in the game.,I would constantly forget what was happening in the game.
237,Passive,5,exp01,posttask_survey,rec_confidence,How well could you recall information in the memory tests after the game task?,It felt easy to recall all the information prompted in the memory tests.,It felt impossible to recall any information prompted in the memory tests.
237,Passive,6,exp01,posttask_survey,control,How in control did you feel during the game task?,I felt like I had full control over the game task.,I felt like I had no control over the game task.
237,Passive,6,exp01,posttask_survey,randomness,How easily did you realize the correct item placements during the game task?,I felt like the correct placements “clicked” to me.,I felt like the correct placements were random matches.
237,Passive,2,exp01,posttask_survey,enc_strategy,How did you identify the correct placements of the items during the game task?,I identified the correct placement of items relative to the placement of other items.,"I identified the correct placement of items individually, irrespective of the placement of other items."
237,Passive,2,exp01,posttask_survey,rec_strategy,How did you recall the correct placements of the items in the memory tests after the game task?,I recalled the correct placement of items relative to the placement of other items.,"I recalled the correct placement of items individually, irrespective of the placement of other items."
237,Passive,5,exp01,posttask_survey,perspective,Did you have a precise or holistic perspective of where the items belonged in the scene?,I viewed the objects specific to their precise location.,"I viewed all the objects as within the larger, holistic scene."
237,Passive,5,exp01,posttask_survey,item_prediction,Did you feel like you were able to predict where the items should go before the user did?,I was frequently predicting the items’ correct location before the user.,I did not know where the items should go at all.
237,Passive,4,exp01,posttask_survey,action_prediction,Did you feel like you were able to predict the actions of the user?,I was frequently predicting the actions the user would next make.,I did not know what moves the user would make at all.
237,Passive,2,exp01,posttask_survey,expectation,Were you expecting the user’s correct/incorrect results during the game task?,"When the user got a correct/incorrect result, I was always expecting the result they got.","When the user got a correct/incorrect result, I was always surprised by the result they got."
237,Passive,5,exp01,posttask_survey,passive_presence,How present did you feel with the user playing the game?,"I felt like I was in the game, actively making guesses with the user.","I felt like I was apart from the game, distantly watching the user make guesses."
234,Passive,4,exp01,posttask_survey,presence,How present did you feel during the game task?,"I felt like I was there in the room, not just on the screen.",I felt very detached from the game.
234,Passive,3,exp01,posttask_survey,attention,How attentive did you feel to the game task?,I felt “in the zone.”,I felt unable to pay attention to the game.
234,Passive,6,exp01,posttask_survey,enc_confidence,How well could you remember information during the game task?,I would easily remember what was happening in the game.,I would constantly forget what was happening in the game.
234,Passive,5,exp01,posttask_survey,rec_confidence,How well could you recall information in the memory tests after the game task?,It felt easy to recall all the information prompted in the memory tests.,It felt impossible to recall any information prompted in the memory tests.
234,Passive,4,exp01,posttask_survey,control,How in control did you feel during the game task?,I felt like I had full control over the game task.,I felt like I had no control over the game task.
234,Passive,5,exp01,posttask_survey,randomness,How easily did you realize the correct item placements during the game task?,I felt like the correct placements “clicked” to me.,I felt like the correct placements were random matches.
234,Passive,1,exp01,posttask_survey,enc_strategy,How did you identify the correct placements of the items during the game task?,I identified the correct placement of items relative to the placement of other items.,"I identified the correct placement of items individually, irrespective of the placement of other items."
234,Passive,1,exp01,posttask_survey,rec_strategy,How did you recall the correct placements of the items in the memory tests after the game task?,I recalled the correct placement of items relative to the placement of other items.,"I recalled the correct placement of items individually, irrespective of the placement of other items."
234,Passive,3,exp01,posttask_survey,perspective,Did you have a precise or holistic perspective of where the items belonged in the scene?,I viewed the objects specific to their precise location.,"I viewed all the objects as within the larger, holistic scene."
234,Passive,1,exp01,posttask_survey,item_prediction,Did you feel like you were able to predict where the items should go before the user did?,I was frequently predicting the items’ correct location before the user.,I did not know where the items should go at all.
234,Passive,3,exp01,posttask_survey,action_prediction,Did you feel like you were able to predict the actions of the user?,I was frequently predicting the actions the user would next make.,I did not know what moves the user would make at all.
234,Passive,4,exp01,posttask_survey,expectation,Were you expecting the user’s correct/incorrect results during the game task?,"When the user got a correct/incorrect result, I was always expecting the result they got.","When the user got a correct/incorrect result, I was always surprised by the result they got."
234,Passive,2,exp01,posttask_survey,passive_presence,How present did you feel with the user playing the game?,"I felt like I was in the game, actively making guesses with the user.","I felt like I was apart from the game, distantly watching the user make guesses."
247,Passive,2,exp01,posttask_survey,presence,How present did you feel during the game task?,"I felt like I was there in the room, not just on the screen.",I felt very detached from the game.
247,Passive,3,exp01,posttask_survey,attention,How attentive did you feel to the game task?,I felt “in the zone.”,I felt unable to pay attention to the game.
247,Passive,5,exp01,posttask_survey,enc_confidence,How well could you remember information during the game task?,I would easily remember what was happening in the game.,I would constantly forget what was happening in the game.
247,Passive,4,exp01,posttask_survey,rec_confidence,How well could you recall information in the memory tests after the game task?,It felt easy to recall all the information prompted in the memory tests.,It felt impossible to recall any information prompted in the memory tests.
247,Passive,6,exp01,posttask_survey,control,How in control did you feel during the game task?,I felt like I had full control over the game task.,I felt like I had no control over the game task.
247,Passive,2,exp01,posttask_survey,randomness,How easily did you realize the correct item placements during the game task?,I felt like the correct placements “clicked” to me.,I felt like the correct placements were random matches.
247,Passive,2,exp01,posttask_survey,enc_strategy,How did you identify the correct placements of the items during the game task?,I identified the correct placement of items relative to the placement of other items.,"I identified the correct placement of items individually, irrespective of the placement of other items."
247,Passive,5,exp01,posttask_survey,rec_strategy,How did you recall the correct placements of the items in the memory tests after the game task?,I recalled the correct placement of items relative to the placement of other items.,"I recalled the correct placement of items individually, irrespective of the placement of other items."
247,Passive,2,exp01,posttask_survey,perspective,Did you have a precise or holistic perspective of where the items belonged in the scene?,I viewed the objects specific to their precise location.,"I viewed all the objects as within the larger, holistic scene."
247,Passive,1,exp01,posttask_survey,item_prediction,Did you feel like you were able to predict where the items should go before the user did?,I was frequently predicting the items’ correct location before the user.,I did not know where the items should go at all.
247,Passive,6,exp01,posttask_survey,action_prediction,Did you feel like you were able to predict the actions of the user?,I was frequently predicting the actions the user would next make.,I did not know what moves the user would make at all.
247,Passive,1,exp01,posttask_survey,expectation,Were you expecting the user’s correct/incorrect results during the game task?,"When the user got a correct/incorrect result, I was always expecting the result they got.","When the user got a correct/incorrect result, I was always surprised by the result they got."
247,Passive,6,exp01,posttask_survey,passive_presence,How present did you feel with the user playing the game?,"I felt like I was in the game, actively making guesses with the user.","I felt like I was apart from the game, distantly watching the user make guesses."
248,Passive,4,exp01,posttask_survey,presence,How present did you feel during the game task?,"I felt like I was there in the room, not just on the screen.",I felt very detached from the game.
248,Passive,4,exp01,posttask_survey,attention,How attentive did you feel to the game task?,I felt “in the zone.”,I felt unable to pay attention to the game.
248,Passive,2,exp01,posttask_survey,enc_confidence,How well could you remember information during the game task?,I would easily remember what was happening in the game.,I would constantly forget what was happening in the game.
248,Passive,3,exp01,posttask_survey,rec_confidence,How well could you recall information in the memory tests after the game task?,It felt easy to recall all the information prompted in the memory tests.,It felt impossible to recall any information prompted in the memory tests.
248,Passive,6,exp01,posttask_survey,control,How in control did you feel during the game task?,I felt like I had full control over the game task.,I felt like I had no control over the game task.
248,Passive,3,exp01,posttask_survey,randomness,How easily did you realize the correct item placements during the game task?,I felt like the correct placements “clicked” to me.,I felt like the correct placements were random matches.
248,Passive,0,exp01,posttask_survey,enc_strategy,How did you identify the correct placements of the items during the game task?,I identified the correct placement of items relative to the placement of other items.,"I identified the correct placement of items individually, irrespective of the placement of other items."
248,Passive,3,exp01,posttask_survey,rec_strategy,How did you recall the correct placements of the items in the memory tests after the game task?,I recalled the correct placement of items relative to the placement of other items.,"I recalled the correct placement of items individually, irrespective of the placement of other items."
248,Passive,6,exp01,posttask_survey,perspective,Did you have a precise or holistic perspective of where the items belonged in the scene?,I viewed the objects specific to their precise location.,"I viewed all the objects as within the larger, holistic scene."
248,Passive,1,exp01,posttask_survey,item_prediction,Did you feel like you were able to predict where the items should go before the user did?,I was frequently predicting the items’ correct location before the user.,I did not know where the items should go at all.
248,Passive,4,exp01,posttask_survey,action_prediction,Did you feel like you were able to predict the actions of the user?,I was frequently predicting the actions the user would next make.,I did not know what moves the user would make at all.
248,Passive,2,exp01,posttask_survey,expectation,Were you expecting the user’s correct/incorrect results during the game task?,"When the user got a correct/incorrect result, I was always expecting the result they got.","When the user got a correct/incorrect result, I was always surprised by the result they got."
248,Passive,3,exp01,posttask_survey,passive_presence,How present did you feel with the user playing the game?,"I felt like I was in the game, actively making guesses with the user.","I felt like I was apart from the game, distantly watching the user make guesses."
249,Passive,6,exp01,posttask_survey,presence,How present did you feel during the game task?,"I felt like I was there in the room, not just on the screen.",I felt very detached from the game.
249,Passive,5,exp01,posttask_survey,attention,How attentive did you feel to the game task?,I felt “in the zone.”,I felt unable to pay attention to the game.
249,Passive,2,exp01,posttask_survey,enc_confidence,How well could you remember information during the game task?,I would easily remember what was happening in the game.,I would constantly forget what was happening in the game.
249,Passive,3,exp01,posttask_survey,rec_confidence,How well could you recall information in the memory tests after the game task?,It felt easy to recall all the information prompted in the memory tests.,It felt impossible to recall any information prompted in the memory tests.
249,Passive,6,exp01,posttask_survey,control,How in control did you feel during the game task?,I felt like I had full control over the game task.,I felt like I had no control over the game task.
249,Passive,4,exp01,posttask_survey,randomness,How easily did you realize the correct item placements during the game task?,I felt like the correct placements “clicked” to me.,I felt like the correct placements were random matches.
249,Passive,4,exp01,posttask_survey,enc_strategy,How did you identify the correct placements of the items during the game task?,I identified the correct placement of items relative to the placement of other items.,"I identified the correct placement of items individually, irrespective of the placement of other items."
249,Passive,5,exp01,posttask_survey,rec_strategy,How did you recall the correct placements of the items in the memory tests after the game task?,I recalled the correct placement of items relative to the placement of other items.,"I recalled the correct placement of items individually, irrespective of the placement of other items."
249,Passive,2,exp01,posttask_survey,perspective,Did you have a precise or holistic perspective of where the items belonged in the scene?,I viewed the objects specific to their precise location.,"I viewed all the objects as within the larger, holistic scene."
249,Passive,6,exp01,posttask_survey,item_prediction,Did you feel like you were able to predict where the items should go before the user did?,I was frequently predicting the items’ correct location before the user.,I did not know where the items should go at all.
249,Passive,5,exp01,posttask_survey,action_prediction,Did you feel like you were able to predict the actions of the user?,I was frequently predicting the actions the user would next make.,I did not know what moves the user would make at all.
249,Passive,5,exp01,posttask_survey,expectation,Were you expecting the user’s correct/incorrect results during the game task?,"When the user got a correct/incorrect result, I was always expecting the result they got.","When the user got a correct/incorrect result, I was always surprised by the result they got."
249,Passive,6,exp01,posttask_survey,passive_presence,How present did you feel with the user playing the game?,"I felt like I was in the game, actively making guesses with the user.","I felt like I was apart from the game, distantly watching the user make guesses."
250,Passive,3,exp01,posttask_survey,presence,How present did you feel during the game task?,"I felt like I was there in the room, not just on the screen.",I felt very detached from the game.
250,Passive,2,exp01,posttask_survey,attention,How attentive did you feel to the game task?,I felt “in the zone.”,I felt unable to pay attention to the game.
250,Passive,3,exp01,posttask_survey,enc_confidence,How well could you remember information during the game task?,I would easily remember what was happening in the game.,I would constantly forget what was happening in the game.
250,Passive,4,exp01,posttask_survey,rec_confidence,How well could you recall information in the memory tests after the game task?,It felt easy to recall all the information prompted in the memory tests.,It felt impossible to recall any information prompted in the memory tests.
250,Passive,3,exp01,posttask_survey,control,How in control did you feel during the game task?,I felt like I had full control over the game task.,I felt like I had no control over the game task.
250,Passive,4,exp01,posttask_survey,randomness,How easily did you realize the correct item placements during the game task?,I felt like the correct placements “clicked” to me.,I felt like the correct placements were random matches.
250,Passive,3,exp01,posttask_survey,enc_strategy,How did you identify the correct placements of the items during the game task?,I identified the correct placement of items relative to the placement of other items.,"I identified the correct placement of items individually, irrespective of the placement of other items."
250,Passive,4,exp01,posttask_survey,rec_strategy,How did you recall the correct placements of the items in the memory tests after the game task?,I recalled the correct placement of items relative to the placement of other items.,"I recalled the correct placement of items individually, irrespective of the placement of other items."
250,Passive,2,exp01,posttask_survey,perspective,Did you have a precise or holistic perspective of where the items belonged in the scene?,I viewed the objects specific to their precise location.,"I viewed all the objects as within the larger, holistic scene."
250,Passive,1,exp01,posttask_survey,item_prediction,Did you feel like you were able to predict where the items should go before the user did?,I was frequently predicting the items’ correct location before the user.,I did not know where the items should go at all.
250,Passive,5,exp01,posttask_survey,action_prediction,Did you feel like you were able to predict the actions of the user?,I was frequently predicting the actions the user would next make.,I did not know what moves the user would make at all.
250,Passive,1,exp01,posttask_survey,expectation,Were you expecting the user’s correct/incorrect results during the game task?,"When the user got a correct/incorrect result, I was always expecting the result they got.","When the user got a correct/incorrect result, I was always surprised by the result they got."
250,Passive,4,exp01,posttask_survey,passive_presence,How present did you feel with the user playing the game?,"I felt like I was in the game, actively making guesses with the user.","I felt like I was apart from the game, distantly watching the user make guesses."
251,Passive,2,exp01,posttask_survey,presence,How present did you feel during the game task?,"I felt like I was there in the room, not just on the screen.",I felt very detached from the game.
251,Passive,4,exp01,posttask_survey,attention,How attentive did you feel to the game task?,I felt “in the zone.”,I felt unable to pay attention to the game.
251,Passive,5,exp01,posttask_survey,enc_confidence,How well could you remember information during the game task?,I would easily remember what was happening in the game.,I would constantly forget what was happening in the game.
251,Passive,4,exp01,posttask_survey,rec_confidence,How well could you recall information in the memory tests after the game task?,It felt easy to recall all the information prompted in the memory tests.,It felt impossible to recall any information prompted in the memory tests.
251,Passive,6,exp01,posttask_survey,control,How in control did you feel during the game task?,I felt like I had full control over the game task.,I felt like I had no control over the game task.
251,Passive,4,exp01,posttask_survey,randomness,How easily did you realize the correct item placements during the game task?,I felt like the correct placements “clicked” to me.,I felt like the correct placements were random matches.
251,Passive,3,exp01,posttask_survey,enc_strategy,How did you identify the correct placements of the items during the game task?,I identified the correct placement of items relative to the placement of other items.,"I identified the correct placement of items individually, irrespective of the placement of other items."
251,Passive,5,exp01,posttask_survey,rec_strategy,How did you recall the correct placements of the items in the memory tests after the game task?,I recalled the correct placement of items relative to the placement of other items.,"I recalled the correct placement of items individually, irrespective of the placement of other items."
251,Passive,4,exp01,posttask_survey,perspective,Did you have a precise or holistic perspective of where the items belonged in the scene?,I viewed the objects specific to their precise location.,"I viewed all the objects as within the larger, holistic scene."
251,Passive,2,exp01,posttask_survey,item_prediction,Did you feel like you were able to predict where the items should go before the user did?,I was frequently predicting the items’ correct location before the user.,I did not know where the items should go at all.
251,Passive,1,exp01,posttask_survey,action_prediction,Did you feel like you were able to predict the actions of the user?,I was frequently predicting the actions the user would next make.,I did not know what moves the user would make at all.
251,Passive,3,exp01,posttask_survey,expectation,Were you expecting the user’s correct/incorrect results during the game task?,"When the user got a correct/incorrect result, I was always expecting the result they got.","When the user got a correct/incorrect result, I was always surprised by the result they got."
251,Passive,4,exp01,posttask_survey,passive_presence,How present did you feel with the user playing the game?,"I felt like I was in the game, actively making guesses with the user.","I felt like I was apart from the game, distantly watching the user make guesses."
254,Passive,2,exp01,posttask_survey,presence,How present did you feel during the game task?,"I felt like I was there in the room, not just on the screen.",I felt very detached from the game.
254,Passive,4,exp01,posttask_survey,attention,How attentive did you feel to the game task?,I felt “in the zone.”,I felt unable to pay attention to the game.
254,Passive,5,exp01,posttask_survey,enc_confidence,How well could you remember information during the game task?,I would easily remember what was happening in the game.,I would constantly forget what was happening in the game.
254,Passive,4,exp01,posttask_survey,rec_confidence,How well could you recall information in the memory tests after the game task?,It felt easy to recall all the information prompted in the memory tests.,It felt impossible to recall any information prompted in the memory tests.
254,Passive,3,exp01,posttask_survey,control,How in control did you feel during the game task?,I felt like I had full control over the game task.,I felt like I had no control over the game task.
254,Passive,4,exp01,posttask_survey,randomness,How easily did you realize the correct item placements during the game task?,I felt like the correct placements “clicked” to me.,I felt like the correct placements were random matches.
254,Passive,2,exp01,posttask_survey,enc_strategy,How did you identify the correct placements of the items during the game task?,I identified the correct placement of items relative to the placement of other items.,"I identified the correct placement of items individually, irrespective of the placement of other items."
254,Passive,2,exp01,posttask_survey,rec_strategy,How did you recall the correct placements of the items in the memory tests after the game task?,I recalled the correct placement of items relative to the placement of other items.,"I recalled the correct placement of items individually, irrespective of the placement of other items."
254,Passive,2,exp01,posttask_survey,perspective,Did you have a precise or holistic perspective of where the items belonged in the scene?,I viewed the objects specific to their precise location.,"I viewed all the objects as within the larger, holistic scene."
254,Passive,6,exp01,posttask_survey,item_prediction,Did you feel like you were able to predict where the items should go before the user did?,I was frequently predicting the items’ correct location before the user.,I did not know where the items should go at all.
254,Passive,5,exp01,posttask_survey,action_prediction,Did you feel like you were able to predict the actions of the user?,I was frequently predicting the actions the user would next make.,I did not know what moves the user would make at all.
254,Passive,3,exp01,posttask_survey,expectation,Were you expecting the user’s correct/incorrect results during the game task?,"When the user got a correct/incorrect result, I was always expecting the result they got.","When the user got a correct/incorrect result, I was always surprised by the result they got."
254,Passive,4,exp01,posttask_survey,passive_presence,How present did you feel with the user playing the game?,"I felt like I was in the game, actively making guesses with the user.","I felt like I was apart from the game, distantly watching the user make guesses."
256,Passive,6,exp01,posttask_survey,presence,How present did you feel during the game task?,"I felt like I was there in the room, not just on the screen.",I felt very detached from the game.
256,Passive,6,exp01,posttask_survey,attention,How attentive did you feel to the game task?,I felt “in the zone.”,I felt unable to pay attention to the game.
256,Passive,6,exp01,posttask_survey,enc_confidence,How well could you remember information during the game task?,I would easily remember what was happening in the game.,I would constantly forget what was happening in the game.
256,Passive,5,exp01,posttask_survey,rec_confidence,How well could you recall information in the memory tests after the game task?,It felt easy to recall all the information prompted in the memory tests.,It felt impossible to recall any information prompted in the memory tests.
256,Passive,4,exp01,posttask_survey,control,How in control did you feel during the game task?,I felt like I had full control over the game task.,I felt like I had no control over the game task.
256,Passive,6,exp01,posttask_survey,randomness,How easily did you realize the correct item placements during the game task?,I felt like the correct placements “clicked” to me.,I felt like the correct placements were random matches.
256,Passive,3,exp01,posttask_survey,enc_strategy,How did you identify the correct placements of the items during the game task?,I identified the correct placement of items relative to the placement of other items.,"I identified the correct placement of items individually, irrespective of the placement of other items."
256,Passive,3,exp01,posttask_survey,rec_strategy,How did you recall the correct placements of the items in the memory tests after the game task?,I recalled the correct placement of items relative to the placement of other items.,"I recalled the correct placement of items individually, irrespective of the placement of other items."
256,Passive,3,exp01,posttask_survey,perspective,Did you have a precise or holistic perspective of where the items belonged in the scene?,I viewed the objects specific to their precise location.,"I viewed all the objects as within the larger, holistic scene."
256,Passive,6,exp01,posttask_survey,item_prediction,Did you feel like you were able to predict where the items should go before the user did?,I was frequently predicting the items’ correct location before the user.,I did not know where the items should go at all.
256,Passive,6,exp01,posttask_survey,action_prediction,Did you feel like you were able to predict the actions of the user?,I was frequently predicting the actions the user would next make.,I did not know what moves the user would make at all.
256,Passive,0,exp01,posttask_survey,expectation,Were you expecting the user’s correct/incorrect results during the game task?,"When the user got a correct/incorrect result, I was always expecting the result they got.","When the user got a correct/incorrect result, I was always surprised by the result they got."
256,Passive,6,exp01,posttask_survey,passive_presence,How present did you feel with the user playing the game?,"I felt like I was in the game, actively making guesses with the user.","I felt like I was apart from the game, distantly watching the user make guesses."
246,Passive,1,exp01,posttask_survey,presence,How present did you feel during the game task?,"I felt like I was there in the room, not just on the screen.",I felt very detached from the game.
246,Passive,2,exp01,posttask_survey,attention,How attentive did you feel to the game task?,I felt “in the zone.”,I felt unable to pay attention to the game.
246,Passive,2,exp01,posttask_survey,enc_confidence,How well could you remember information during the game task?,I would easily remember what was happening in the game.,I would constantly forget what was happening in the game.
246,Passive,5,exp01,posttask_survey,rec_confidence,How well could you recall information in the memory tests after the game task?,It felt easy to recall all the information prompted in the memory tests.,It felt impossible to recall any information prompted in the memory tests.
246,Passive,6,exp01,posttask_survey,control,How in control did you feel during the game task?,I felt like I had full control over the game task.,I felt like I had no control over the game task.
246,Passive,6,exp01,posttask_survey,randomness,How easily did you realize the correct item placements during the game task?,I felt like the correct placements “clicked” to me.,I felt like the correct placements were random matches.
246,Passive,3,exp01,posttask_survey,enc_strategy,How did you identify the correct placements of the items during the game task?,I identified the correct placement of items relative to the placement of other items.,"I identified the correct placement of items individually, irrespective of the placement of other items."
246,Passive,3,exp01,posttask_survey,rec_strategy,How did you recall the correct placements of the items in the memory tests after the game task?,I recalled the correct placement of items relative to the placement of other items.,"I recalled the correct placement of items individually, irrespective of the placement of other items."
246,Passive,4,exp01,posttask_survey,perspective,Did you have a precise or holistic perspective of where the items belonged in the scene?,I viewed the objects specific to their precise location.,"I viewed all the objects as within the larger, holistic scene."
246,Passive,1,exp01,posttask_survey,item_prediction,Did you feel like you were able to predict where the items should go before the user did?,I was frequently predicting the items’ correct location before the user.,I did not know where the items should go at all.
246,Passive,2,exp01,posttask_survey,action_prediction,Did you feel like you were able to predict the actions of the user?,I was frequently predicting the actions the user would next make.,I did not know what moves the user would make at all.
246,Passive,3,exp01,posttask_survey,expectation,Were you expecting the user’s correct/incorrect results during the game task?,"When the user got a correct/incorrect result, I was always expecting the result they got.","When the user got a correct/incorrect result, I was always surprised by the result they got."
246,Passive,1,exp01,posttask_survey,passive_presence,How present did you feel with the user playing the game?,"I felt like I was in the game, actively making guesses with the user.","I felt like I was apart from the game, distantly watching the user make guesses."
157,Active,1,exp01,posttask_survey,presence,How present did you feel during the game task?,"I felt like I was there in the room, not just on the screen.",I felt very detached from the game.
157,Active,0,exp01,posttask_survey,attention,How attentive did you feel to the game task?,I felt “in the zone.”,I felt unable to pay attention to the game.
157,Active,3,exp01,posttask_survey,enc_confidence,How well could you remember information during the game task?,I would easily remember what was happening in the game.,I would constantly forget what was happening in the game.
157,Active,4,exp01,posttask_survey,rec_confidence,How well could you recall information in the memory tests after the game task?,It felt easy to recall all the information prompted in the memory tests.,It felt impossible to recall any information prompted in the memory tests.
157,Active,0,exp01,posttask_survey,control,How in control did you feel during the game task?,I felt like I had full control over the game task.,I felt like I had no control over the game task.
157,Active,6,exp01,posttask_survey,randomness,How easily did you realize the correct item placements during the game task?,I felt like the correct placements “clicked” to me.,I felt like the correct placements were random matches.
157,Active,6,exp01,posttask_survey,enc_strategy,How did you identify the correct placements of the items during the game task?,I identified the correct placement of items relative to the placement of other items.,"I identified the correct placement of items individually, irrespective of the placement of other items."
157,Active,4,exp01,posttask_survey,rec_strategy,How did you recall the correct placements of the items in the memory tests after the game task?,I recalled the correct placement of items relative to the placement of other items.,"I recalled the correct placement of items individually, irrespective of the placement of other items."
157,Active,2,exp01,posttask_survey,perspective,Did you have a precise or holistic perspective of where the items belonged in the scene?,I viewed the objects specific to their precise location.,"I viewed all the objects as within the larger, holistic scene."
158,Active,1,exp01,posttask_survey,presence,How present did you feel during the game task?,"I felt like I was there in the room, not just on the screen.",I felt very detached from the game.
158,Active,2,exp01,posttask_survey,attention,How attentive did you feel to the game task?,I felt “in the zone.”,I felt unable to pay attention to the game.
158,Active,2,exp01,posttask_survey,enc_confidence,How well could you remember information during the game task?,I would easily remember what was happening in the game.,I would constantly forget what was happening in the game.
158,Active,6,exp01,posttask_survey,rec_confidence,How well could you recall information in the memory tests after the game task?,It felt easy to recall all the information prompted in the memory tests.,It felt impossible to recall any information prompted in the memory tests.
158,Active,4,exp01,posttask_survey,control,How in control did you feel during the game task?,I felt like I had full control over the game task.,I felt like I had no control over the game task.
158,Active,2,exp01,posttask_survey,randomness,How easily did you realize the correct item placements during the game task?,I felt like the correct placements “clicked” to me.,I felt like the correct placements were random matches.
158,Active,0,exp01,posttask_survey,enc_strategy,How did you identify the correct placements of the items during the game task?,I identified the correct placement of items relative to the placement of other items.,"I identified the correct placement of items individually, irrespective of the placement of other items."
158,Active,1,exp01,posttask_survey,rec_strategy,How did you recall the correct placements of the items in the memory tests after the game task?,I recalled the correct placement of items relative to the placement of other items.,"I recalled the correct placement of items individually, irrespective of the placement of other items."
158,Active,6,exp01,posttask_survey,perspective,Did you have a precise or holistic perspective of where the items belonged in the scene?,I viewed the objects specific to their precise location.,"I viewed all the objects as within the larger, holistic scene."
159,Active,2,exp01,posttask_survey,presence,How present did you feel during the game task?,"I felt like I was there in the room, not just on the screen.",I felt very detached from the game.
159,Active,2,exp01,posttask_survey,attention,How attentive did you feel to the game task?,I felt “in the zone.”,I felt unable to pay attention to the game.
159,Active,0,exp01,posttask_survey,enc_confidence,How well could you remember information during the game task?,I would easily remember what was happening in the game.,I would constantly forget what was happening in the game.
159,Active,5,exp01,posttask_survey,rec_confidence,How well could you recall information in the memory tests after the game task?,It felt easy to recall all the information prompted in the memory tests.,It felt impossible to recall any information prompted in the memory tests.
159,Active,1,exp01,posttask_survey,control,How in control did you feel during the game task?,I felt like I had full control over the game task.,I felt like I had no control over the game task.
159,Active,1,exp01,posttask_survey,randomness,How easily did you realize the correct item placements during the game task?,I felt like the correct placements “clicked” to me.,I felt like the correct placements were random matches.
159,Active,4,exp01,posttask_survey,enc_strategy,How did you identify the correct placements of the items during the game task?,I identified the correct placement of items relative to the placement of other items.,"I identified the correct placement of items individually, irrespective of the placement of other items."
159,Active,5,exp01,posttask_survey,rec_strategy,How did you recall the correct placements of the items in the memory tests after the game task?,I recalled the correct placement of items relative to the placement of other items.,"I recalled the correct placement of items individually, irrespective of the placement of other items."
159,Active,1,exp01,posttask_survey,perspective,Did you have a precise or holistic perspective of where the items belonged in the scene?,I viewed the objects specific to their precise location.,"I viewed all the objects as within the larger, holistic scene."
160,Active,4,exp01,posttask_survey,presence,How present did you feel during the game task?,"I felt like I was there in the room, not just on the screen.",I felt very detached from the game.
160,Active,4,exp01,posttask_survey,attention,How attentive did you feel to the game task?,I felt “in the zone.”,I felt unable to pay attention to the game.
160,Active,4,exp01,posttask_survey,enc_confidence,How well could you remember information during the game task?,I would easily remember what was happening in the game.,I would constantly forget what was happening in the game.
160,Active,5,exp01,posttask_survey,rec_confidence,How well could you recall information in the memory tests after the game task?,It felt easy to recall all the information prompted in the memory tests.,It felt impossible to recall any information prompted in the memory tests.
160,Active,2,exp01,posttask_survey,control,How in control did you feel during the game task?,I felt like I had full control over the game task.,I felt like I had no control over the game task.
160,Active,3,exp01,posttask_survey,randomness,How easily did you realize the correct item placements during the game task?,I felt like the correct placements “clicked” to me.,I felt like the correct placements were random matches.
160,Active,2,exp01,posttask_survey,enc_strategy,How did you identify the correct placements of the items during the game task?,I identified the correct placement of items relative to the placement of other items.,"I identified the correct placement of items individually, irrespective of the placement of other items."
160,Active,4,exp01,posttask_survey,rec_strategy,How did you recall the correct placements of the items in the memory tests after the game task?,I recalled the correct placement of items relative to the placement of other items.,"I recalled the correct placement of items individually, irrespective of the placement of other items."
160,Active,5,exp01,posttask_survey,perspective,Did you have a precise or holistic perspective of where the items belonged in the scene?,I viewed the objects specific to their precise location.,"I viewed all the objects as within the larger, holistic scene."
161,Active,5,exp01,posttask_survey,presence,How present did you feel during the game task?,"I felt like I was there in the room, not just on the screen.",I felt very detached from the game.
161,Active,2,exp01,posttask_survey,attention,How attentive did you feel to the game task?,I felt “in the zone.”,I felt unable to pay attention to the game.
161,Active,3,exp01,posttask_survey,enc_confidence,How well could you remember information during the game task?,I would easily remember what was happening in the game.,I would constantly forget what was happening in the game.
161,Active,5,exp01,posttask_survey,rec_confidence,How well could you recall information in the memory tests after the game task?,It felt easy to recall all the information prompted in the memory tests.,It felt impossible to recall any information prompted in the memory tests.
161,Active,3,exp01,posttask_survey,control,How in control did you feel during the game task?,I felt like I had full control over the game task.,I felt like I had no control over the game task.
161,Active,5,exp01,posttask_survey,randomness,How easily did you realize the correct item placements during the game task?,I felt like the correct placements “clicked” to me.,I felt like the correct placements were random matches.
161,Active,5,exp01,posttask_survey,enc_strategy,How did you identify the correct placements of the items during the game task?,I identified the correct placement of items relative to the placement of other items.,"I identified the correct placement of items individually, irrespective of the placement of other items."
161,Active,5,exp01,posttask_survey,rec_strategy,How did you recall the correct placements of the items in the memory tests after the game task?,I recalled the correct placement of items relative to the placement of other items.,"I recalled the correct placement of items individually, irrespective of the placement of other items."
161,Active,2,exp01,posttask_survey,perspective,Did you have a precise or holistic perspective of where the items belonged in the scene?,I viewed the objects specific to their precise location.,"I viewed all the objects as within the larger, holistic scene."
162,Active,2,exp01,posttask_survey,presence,How present did you feel during the game task?,"I felt like I was there in the room, not just on the screen.",I felt very detached from the game.
162,Active,2,exp01,posttask_survey,attention,How attentive did you feel to the game task?,I felt “in the zone.”,I felt unable to pay attention to the game.
162,Active,1,exp01,posttask_survey,enc_confidence,How well could you remember information during the game task?,I would easily remember what was happening in the game.,I would constantly forget what was happening in the game.
162,Active,5,exp01,posttask_survey,rec_confidence,How well could you recall information in the memory tests after the game task?,It felt easy to recall all the information prompted in the memory tests.,It felt impossible to recall any information prompted in the memory tests.
162,Active,4,exp01,posttask_survey,control,How in control did you feel during the game task?,I felt like I had full control over the game task.,I felt like I had no control over the game task.
162,Active,6,exp01,posttask_survey,randomness,How easily did you realize the correct item placements during the game task?,I felt like the correct placements “clicked” to me.,I felt like the correct placements were random matches.
162,Active,0,exp01,posttask_survey,enc_strategy,How did you identify the correct placements of the items during the game task?,I identified the correct placement of items relative to the placement of other items.,"I identified the correct placement of items individually, irrespective of the placement of other items."
162,Active,6,exp01,posttask_survey,rec_strategy,How did you recall the correct placements of the items in the memory tests after the game task?,I recalled the correct placement of items relative to the placement of other items.,"I recalled the correct placement of items individually, irrespective of the placement of other items."
162,Active,4,exp01,posttask_survey,perspective,Did you have a precise or holistic perspective of where the items belonged in the scene?,I viewed the objects specific to their precise location.,"I viewed all the objects as within the larger, holistic scene."
163,Active,2,exp01,posttask_survey,presence,How present did you feel during the game task?,"I felt like I was there in the room, not just on the screen.",I felt very detached from the game.
163,Active,1,exp01,posttask_survey,attention,How attentive did you feel to the game task?,I felt “in the zone.”,I felt unable to pay attention to the game.
163,Active,1,exp01,posttask_survey,enc_confidence,How well could you remember information during the game task?,I would easily remember what was happening in the game.,I would constantly forget what was happening in the game.
163,Active,5,exp01,posttask_survey,rec_confidence,How well could you recall information in the memory tests after the game task?,It felt easy to recall all the information prompted in the memory tests.,It felt impossible to recall any information prompted in the memory tests.
163,Active,1,exp01,posttask_survey,control,How in control did you feel during the game task?,I felt like I had full control over the game task.,I felt like I had no control over the game task.
163,Active,2,exp01,posttask_survey,randomness,How easily did you realize the correct item placements during the game task?,I felt like the correct placements “clicked” to me.,I felt like the correct placements were random matches.
163,Active,5,exp01,posttask_survey,enc_strategy,How did you identify the correct placements of the items during the game task?,I identified the correct placement of items relative to the placement of other items.,"I identified the correct placement of items individually, irrespective of the placement of other items."
163,Active,2,exp01,posttask_survey,rec_strategy,How did you recall the correct placements of the items in the memory tests after the game task?,I recalled the correct placement of items relative to the placement of other items.,"I recalled the correct placement of items individually, irrespective of the placement of other items."
163,Active,4,exp01,posttask_survey,perspective,Did you have a precise or holistic perspective of where the items belonged in the scene?,I viewed the objects specific to their precise location.,"I viewed all the objects as within the larger, holistic scene."
164,Active,3,exp01,posttask_survey,presence,How present did you feel during the game task?,"I felt like I was there in the room, not just on the screen.",I felt very detached from the game.
164,Active,1,exp01,posttask_survey,attention,How attentive did you feel to the game task?,I felt “in the zone.”,I felt unable to pay attention to the game.
164,Active,2,exp01,posttask_survey,enc_confidence,How well could you remember information during the game task?,I would easily remember what was happening in the game.,I would constantly forget what was happening in the game.
164,Active,4,exp01,posttask_survey,rec_confidence,How well could you recall information in the memory tests after the game task?,It felt easy to recall all the information prompted in the memory tests.,It felt impossible to recall any information prompted in the memory tests.
164,Active,3,exp01,posttask_survey,control,How in control did you feel during the game task?,I felt like I had full control over the game task.,I felt like I had no control over the game task.
164,Active,3,exp01,posttask_survey,randomness,How easily did you realize the correct item placements during the game task?,I felt like the correct placements “clicked” to me.,I felt like the correct placements were random matches.
164,Active,6,exp01,posttask_survey,enc_strategy,How did you identify the correct placements of the items during the game task?,I identified the correct placement of items relative to the placement of other items.,"I identified the correct placement of items individually, irrespective of the placement of other items."
164,Active,3,exp01,posttask_survey,rec_strategy,How did you recall the correct placements of the items in the memory tests after the game task?,I recalled the correct placement of items relative to the placement of other items.,"I recalled the correct placement of items individually, irrespective of the placement of other items."
164,Active,5,exp01,posttask_survey,perspective,Did you have a precise or holistic perspective of where the items belonged in the scene?,I viewed the objects specific to their precise location.,"I viewed all the objects as within the larger, holistic scene."
165,Active,5,exp01,posttask_survey,presence,How present did you feel during the game task?,"I felt like I was there in the room, not just on the screen.",I felt very detached from the game.
165,Active,4,exp01,posttask_survey,attention,How attentive did you feel to the game task?,I felt “in the zone.”,I felt unable to pay attention to the game.
165,Active,5,exp01,posttask_survey,enc_confidence,How well could you remember information during the game task?,I would easily remember what was happening in the game.,I would constantly forget what was happening in the game.
165,Active,4,exp01,posttask_survey,rec_confidence,How well could you recall information in the memory tests after the game task?,It felt easy to recall all the information prompted in the memory tests.,It felt impossible to recall any information prompted in the memory tests.
165,Active,2,exp01,posttask_survey,control,How in control did you feel during the game task?,I felt like I had full control over the game task.,I felt like I had no control over the game task.
165,Active,2,exp01,posttask_survey,randomness,How easily did you realize the correct item placements during the game task?,I felt like the correct placements “clicked” to me.,I felt like the correct placements were random matches.
165,Active,0,exp01,posttask_survey,enc_strategy,How did you identify the correct placements of the items during the game task?,I identified the correct placement of items relative to the placement of other items.,"I identified the correct placement of items individually, irrespective of the placement of other items."
165,Active,4,exp01,posttask_survey,rec_strategy,How did you recall the correct placements of the items in the memory tests after the game task?,I recalled the correct placement of items relative to the placement of other items.,"I recalled the correct placement of items individually, irrespective of the placement of other items."
165,Active,2,exp01,posttask_survey,perspective,Did you have a precise or holistic perspective of where the items belonged in the scene?,I viewed the objects specific to their precise location.,"I viewed all the objects as within the larger, holistic scene."
166,Active,4,exp01,posttask_survey,presence,How present did you feel during the game task?,"I felt like I was there in the room, not just on the screen.",I felt very detached from the game.
166,Active,5,exp01,posttask_survey,attention,How attentive did you feel to the game task?,I felt “in the zone.”,I felt unable to pay attention to the game.
166,Active,4,exp01,posttask_survey,enc_confidence,How well could you remember information during the game task?,I would easily remember what was happening in the game.,I would constantly forget what was happening in the game.
166,Active,5,exp01,posttask_survey,rec_confidence,How well could you recall information in the memory tests after the game task?,It felt easy to recall all the information prompted in the memory tests.,It felt impossible to recall any information prompted in the memory tests.
166,Active,3,exp01,posttask_survey,control,How in control did you feel during the game task?,I felt like I had full control over the game task.,I felt like I had no control over the game task.
166,Active,6,exp01,posttask_survey,randomness,How easily did you realize the correct item placements during the game task?,I felt like the correct placements “clicked” to me.,I felt like the correct placements were random matches.
166,Active,6,exp01,posttask_survey,enc_strategy,How did you identify the correct placements of the items during the game task?,I identified the correct placement of items relative to the placement of other items.,"I identified the correct placement of items individually, irrespective of the placement of other items."
166,Active,6,exp01,posttask_survey,rec_strategy,How did you recall the correct placements of the items in the memory tests after the game task?,I recalled the correct placement of items relative to the placement of other items.,"I recalled the correct placement of items individually, irrespective of the placement of other items."
166,Active,3,exp01,posttask_survey,perspective,Did you have a precise or holistic perspective of where the items belonged in the scene?,I viewed the objects specific to their precise location.,"I viewed all the objects as within the larger, holistic scene."
167,Active,6,exp01,posttask_survey,presence,How present did you feel during the game task?,"I felt like I was there in the room, not just on the screen.",I felt very detached from the game.
167,Active,5,exp01,posttask_survey,attention,How attentive did you feel to the game task?,I felt “in the zone.”,I felt unable to pay attention to the game.
167,Active,5,exp01,posttask_survey,enc_confidence,How well could you remember information during the game task?,I would easily remember what was happening in the game.,I would constantly forget what was happening in the game.
167,Active,5,exp01,posttask_survey,rec_confidence,How well could you recall information in the memory tests after the game task?,It felt easy to recall all the information prompted in the memory tests.,It felt impossible to recall any information prompted in the memory tests.
167,Active,4,exp01,posttask_survey,control,How in control did you feel during the game task?,I felt like I had full control over the game task.,I felt like I had no control over the game task.
167,Active,5,exp01,posttask_survey,randomness,How easily did you realize the correct item placements during the game task?,I felt like the correct placements “clicked” to me.,I felt like the correct placements were random matches.
167,Active,3,exp01,posttask_survey,enc_strategy,How did you identify the correct placements of the items during the game task?,I identified the correct placement of items relative to the placement of other items.,"I identified the correct placement of items individually, irrespective of the placement of other items."
167,Active,4,exp01,posttask_survey,rec_strategy,How did you recall the correct placements of the items in the memory tests after the game task?,I recalled the correct placement of items relative to the placement of other items.,"I recalled the correct placement of items individually, irrespective of the placement of other items."
167,Active,3,exp01,posttask_survey,perspective,Did you have a precise or holistic perspective of where the items belonged in the scene?,I viewed the objects specific to their precise location.,"I viewed all the objects as within the larger, holistic scene."
257,Passive,4,exp01,posttask_survey,presence,How present did you feel during the game task?,"I felt like I was there in the room, not just on the screen.",I felt very detached from the game.
257,Passive,4,exp01,posttask_survey,attention,How attentive did you feel to the game task?,I felt “in the zone.”,I felt unable to pay attention to the game.
257,Passive,,exp01,posttask_survey,enc_confidence,How well could you remember information during the game task?,I would easily remember what was happening in the game.,I would constantly forget what was happening in the game.
257,Passive,5,exp01,posttask_survey,rec_confidence,How well could you recall information in the memory tests after the game task?,It felt easy to recall all the information prompted in the memory tests.,It felt impossible to recall any information prompted in the memory tests.
257,Passive,6,exp01,posttask_survey,control,How in control did you feel during the game task?,I felt like I had full control over the game task.,I felt like I had no control over the game task.
257,Passive,6,exp01,posttask_survey,randomness,How easily did you realize the correct item placements during the game task?,I felt like the correct placements “clicked” to me.,I felt like the correct placements were random matches.
257,Passive,0,exp01,posttask_survey,enc_strategy,How did you identify the correct placements of the items during the game task?,I identified the correct placement of items relative to the placement of other items.,"I identified the correct placement of items individually, irrespective of the placement of other items."
257,Passive,0,exp01,posttask_survey,rec_strategy,How did you recall the correct placements of the items in the memory tests after the game task?,I recalled the correct placement of items relative to the placement of other items.,"I recalled the correct placement of items individually, irrespective of the placement of other items."
257,Passive,0,exp01,posttask_survey,perspective,Did you have a precise or holistic perspective of where the items belonged in the scene?,I viewed the objects specific to their precise location.,"I viewed all the objects as within the larger, holistic scene."
257,Passive,0,exp01,posttask_survey,item_prediction,Did you feel like you were able to predict where the items should go before the user did?,I was frequently predicting the items’ correct location before the user.,I did not know where the items should go at all.
257,Passive,3,exp01,posttask_survey,action_prediction,Did you feel like you were able to predict the actions of the user?,I was frequently predicting the actions the user would next make.,I did not know what moves the user would make at all.
257,Passive,2,exp01,posttask_survey,expectation,Were you expecting the user’s correct/incorrect results during the game task?,"When the user got a correct/incorrect result, I was always expecting the result they got.","When the user got a correct/incorrect result, I was always surprised by the result they got."
257,Passive,6,exp01,posttask_survey,passive_presence,How present did you feel with the user playing the game?,"I felt like I was in the game, actively making guesses with the user.","I felt like I was apart from the game, distantly watching the user make guesses."
258,Passive,2,exp01,posttask_survey,presence,How present did you feel during the game task?,"I felt like I was there in the room, not just on the screen.",I felt very detached from the game.
258,Passive,2,exp01,posttask_survey,attention,How attentive did you feel to the game task?,I felt “in the zone.”,I felt unable to pay attention to the game.
258,Passive,2,exp01,posttask_survey,enc_confidence,How well could you remember information during the game task?,I would easily remember what was happening in the game.,I would constantly forget what was happening in the game.
258,Passive,5,exp01,posttask_survey,rec_confidence,How well could you recall information in the memory tests after the game task?,It felt easy to recall all the information prompted in the memory tests.,It felt impossible to recall any information prompted in the memory tests.
258,Passive,2,exp01,posttask_survey,control,How in control did you feel during the game task?,I felt like I had full control over the game task.,I felt like I had no control over the game task.
258,Passive,6,exp01,posttask_survey,randomness,How easily did you realize the correct item placements during the game task?,I felt like the correct placements “clicked” to me.,I felt like the correct placements were random matches.
258,Passive,3,exp01,posttask_survey,enc_strategy,How did you identify the correct placements of the items during the game task?,I identified the correct placement of items relative to the placement of other items.,"I identified the correct placement of items individually, irrespective of the placement of other items."
258,Passive,5,exp01,posttask_survey,rec_strategy,How did you recall the correct placements of the items in the memory tests after the game task?,I recalled the correct placement of items relative to the placement of other items.,"I recalled the correct placement of items individually, irrespective of the placement of other items."
258,Passive,5,exp01,posttask_survey,perspective,Did you have a precise or holistic perspective of where the items belonged in the scene?,I viewed the objects specific to their precise location.,"I viewed all the objects as within the larger, holistic scene."
258,Passive,2,exp01,posttask_survey,item_prediction,Did you feel like you were able to predict where the items should go before the user did?,I was frequently predicting the items’ correct location before the user.,I did not know where the items should go at all.
258,Passive,2,exp01,posttask_survey,action_prediction,Did you feel like you were able to predict the actions of the user?,I was frequently predicting the actions the user would next make.,I did not know what moves the user would make at all.
258,Passive,3,exp01,posttask_survey,expectation,Were you expecting the user’s correct/incorrect results during the game task?,"When the user got a correct/incorrect result, I was always expecting the result they got.","When the user got a correct/incorrect result, I was always surprised by the result they got."
258,Passive,1,exp01,posttask_survey,passive_presence,How present did you feel with the user playing the game?,"I felt like I was in the game, actively making guesses with the user.","I felt like I was apart from the game, distantly watching the user make guesses."
259,Passive,5,exp01,posttask_survey,presence,How present did you feel during the game task?,"I felt like I was there in the room, not just on the screen.",I felt very detached from the game.
259,Passive,3,exp01,posttask_survey,attention,How attentive did you feel to the game task?,I felt “in the zone.”,I felt unable to pay attention to the game.
259,Passive,3,exp01,posttask_survey,enc_confidence,How well could you remember information during the game task?,I would easily remember what was happening in the game.,I would constantly forget what was happening in the game.
259,Passive,4,exp01,posttask_survey,rec_confidence,How well could you recall information in the memory tests after the game task?,It felt easy to recall all the information prompted in the memory tests.,It felt impossible to recall any information prompted in the memory tests.
259,Passive,6,exp01,posttask_survey,control,How in control did you feel during the game task?,I felt like I had full control over the game task.,I felt like I had no control over the game task.
259,Passive,3,exp01,posttask_survey,randomness,How easily did you realize the correct item placements during the game task?,I felt like the correct placements “clicked” to me.,I felt like the correct placements were random matches.
259,Passive,2,exp01,posttask_survey,enc_strategy,How did you identify the correct placements of the items during the game task?,I identified the correct placement of items relative to the placement of other items.,"I identified the correct placement of items individually, irrespective of the placement of other items."
259,Passive,4,exp01,posttask_survey,rec_strategy,How did you recall the correct placements of the items in the memory tests after the game task?,I recalled the correct placement of items relative to the placement of other items.,"I recalled the correct placement of items individually, irrespective of the placement of other items."
259,Passive,6,exp01,posttask_survey,perspective,Did you have a precise or holistic perspective of where the items belonged in the scene?,I viewed the objects specific to their precise location.,"I viewed all the objects as within the larger, holistic scene."
259,Passive,6,exp01,posttask_survey,item_prediction,Did you feel like you were able to predict where the items should go before the user did?,I was frequently predicting the items’ correct location before the user.,I did not know where the items should go at all.
259,Passive,5,exp01,posttask_survey,action_prediction,Did you feel like you were able to predict the actions of the user?,I was frequently predicting the actions the user would next make.,I did not know what moves the user would make at all.
259,Passive,4,exp01,posttask_survey,expectation,Were you expecting the user’s correct/incorrect results during the game task?,"When the user got a correct/incorrect result, I was always expecting the result they got.","When the user got a correct/incorrect result, I was always surprised by the result they got."
259,Passive,6,exp01,posttask_survey,passive_presence,How present did you feel with the user playing the game?,"I felt like I was in the game, actively making guesses with the user.","I felt like I was apart from the game, distantly watching the user make guesses."
262,Passive,5,exp01,posttask_survey,presence,How present did you feel during the game task?,"I felt like I was there in the room, not just on the screen.",I felt very detached from the game.
262,Passive,4,exp01,posttask_survey,attention,How attentive did you feel to the game task?,I felt “in the zone.”,I felt unable to pay attention to the game.
262,Passive,5,exp01,posttask_survey,enc_confidence,How well could you remember information during the game task?,I would easily remember what was happening in the game.,I would constantly forget what was happening in the game.
262,Passive,6,exp01,posttask_survey,rec_confidence,How well could you recall information in the memory tests after the game task?,It felt easy to recall all the information prompted in the memory tests.,It felt impossible to recall any information prompted in the memory tests.
262,Passive,5,exp01,posttask_survey,control,How in control did you feel during the game task?,I felt like I had full control over the game task.,I felt like I had no control over the game task.
262,Passive,4,exp01,posttask_survey,randomness,How easily did you realize the correct item placements during the game task?,I felt like the correct placements “clicked” to me.,I felt like the correct placements were random matches.
262,Passive,2,exp01,posttask_survey,enc_strategy,How did you identify the correct placements of the items during the game task?,I identified the correct placement of items relative to the placement of other items.,"I identified the correct placement of items individually, irrespective of the placement of other items."
262,Passive,4,exp01,posttask_survey,rec_strategy,How did you recall the correct placements of the items in the memory tests after the game task?,I recalled the correct placement of items relative to the placement of other items.,"I recalled the correct placement of items individually, irrespective of the placement of other items."
262,Passive,1,exp01,posttask_survey,perspective,Did you have a precise or holistic perspective of where the items belonged in the scene?,I viewed the objects specific to their precise location.,"I viewed all the objects as within the larger, holistic scene."
262,Passive,2,exp01,posttask_survey,item_prediction,Did you feel like you were able to predict where the items should go before the user did?,I was frequently predicting the items’ correct location before the user.,I did not know where the items should go at all.
262,Passive,4,exp01,posttask_survey,action_prediction,Did you feel like you were able to predict the actions of the user?,I was frequently predicting the actions the user would next make.,I did not know what moves the user would make at all.
262,Passive,4,exp01,posttask_survey,expectation,Were you expecting the user’s correct/incorrect results during the game task?,"When the user got a correct/incorrect result, I was always expecting the result they got.","When the user got a correct/incorrect result, I was always surprised by the result they got."
262,Passive,6,exp01,posttask_survey,passive_presence,How present did you feel with the user playing the game?,"I felt like I was in the game, actively making guesses with the user.","I felt like I was apart from the game, distantly watching the user make guesses."
263,Passive,5,exp01,posttask_survey,presence,How present did you feel during the game task?,"I felt like I was there in the room, not just on the screen.",I felt very detached from the game.
263,Passive,2,exp01,posttask_survey,attention,How attentive did you feel to the game task?,I felt “in the zone.”,I felt unable to pay attention to the game.
263,Passive,5,exp01,posttask_survey,enc_confidence,How well could you remember information during the game task?,I would easily remember what was happening in the game.,I would constantly forget what was happening in the game.
263,Passive,4,exp01,posttask_survey,rec_confidence,How well could you recall information in the memory tests after the game task?,It felt easy to recall all the information prompted in the memory tests.,It felt impossible to recall any information prompted in the memory tests.
263,Passive,4,exp01,posttask_survey,control,How in control did you feel during the game task?,I felt like I had full control over the game task.,I felt like I had no control over the game task.
263,Passive,6,exp01,posttask_survey,randomness,How easily did you realize the correct item placements during the game task?,I felt like the correct placements “clicked” to me.,I felt like the correct placements were random matches.
263,Passive,0,exp01,posttask_survey,enc_strategy,How did you identify the correct placements of the items during the game task?,I identified the correct placement of items relative to the placement of other items.,"I identified the correct placement of items individually, irrespective of the placement of other items."
263,Passive,3,exp01,posttask_survey,rec_strategy,How did you recall the correct placements of the items in the memory tests after the game task?,I recalled the correct placement of items relative to the placement of other items.,"I recalled the correct placement of items individually, irrespective of the placement of other items."
263,Passive,5,exp01,posttask_survey,perspective,Did you have a precise or holistic perspective of where the items belonged in the scene?,I viewed the objects specific to their precise location.,"I viewed all the objects as within the larger, holistic scene."
263,Passive,6,exp01,posttask_survey,item_prediction,Did you feel like you were able to predict where the items should go before the user did?,I was frequently predicting the items’ correct location before the user.,I did not know where the items should go at all.
263,Passive,5,exp01,posttask_survey,action_prediction,Did you feel like you were able to predict the actions of the user?,I was frequently predicting the actions the user would next make.,I did not know what moves the user would make at all.
263,Passive,1,exp01,posttask_survey,expectation,Were you expecting the user’s correct/incorrect results during the game task?,"When the user got a correct/incorrect result, I was always expecting the result they got.","When the user got a correct/incorrect result, I was always surprised by the result they got."
263,Passive,3,exp01,posttask_survey,passive_presence,How present did you feel with the user playing the game?,"I felt like I was in the game, actively making guesses with the user.","I felt like I was apart from the game, distantly watching the user make guesses."
264,Passive,2,exp01,posttask_survey,presence,How present did you feel during the game task?,"I felt like I was there in the room, not just on the screen.",I felt very detached from the game.
264,Passive,5,exp01,posttask_survey,attention,How attentive did you feel to the game task?,I felt “in the zone.”,I felt unable to pay attention to the game.
264,Passive,0,exp01,posttask_survey,enc_confidence,How well could you remember information during the game task?,I would easily remember what was happening in the game.,I would constantly forget what was happening in the game.
264,Passive,3,exp01,posttask_survey,rec_confidence,How well could you recall information in the memory tests after the game task?,It felt easy to recall all the information prompted in the memory tests.,It felt impossible to recall any information prompted in the memory tests.
264,Passive,4,exp01,posttask_survey,control,How in control did you feel during the game task?,I felt like I had full control over the game task.,I felt like I had no control over the game task.
264,Passive,6,exp01,posttask_survey,randomness,How easily did you realize the correct item placements during the game task?,I felt like the correct placements “clicked” to me.,I felt like the correct placements were random matches.
264,Passive,0,exp01,posttask_survey,enc_strategy,How did you identify the correct placements of the items during the game task?,I identified the correct placement of items relative to the placement of other items.,"I identified the correct placement of items individually, irrespective of the placement of other items."
264,Passive,0,exp01,posttask_survey,rec_strategy,How did you recall the correct placements of the items in the memory tests after the game task?,I recalled the correct placement of items relative to the placement of other items.,"I recalled the correct placement of items individually, irrespective of the placement of other items."
264,Passive,6,exp01,posttask_survey,perspective,Did you have a precise or holistic perspective of where the items belonged in the scene?,I viewed the objects specific to their precise location.,"I viewed all the objects as within the larger, holistic scene."
264,Passive,6,exp01,posttask_survey,item_prediction,Did you feel like you were able to predict where the items should go before the user did?,I was frequently predicting the items’ correct location before the user.,I did not know where the items should go at all.
264,Passive,1,exp01,posttask_survey,action_prediction,Did you feel like you were able to predict the actions of the user?,I was frequently predicting the actions the user would next make.,I did not know what moves the user would make at all.
264,Passive,2,exp01,posttask_survey,expectation,Were you expecting the user’s correct/incorrect results during the game task?,"When the user got a correct/incorrect result, I was always expecting the result they got.","When the user got a correct/incorrect result, I was always surprised by the result they got."
264,Passive,6,exp01,posttask_survey,passive_presence,How present did you feel with the user playing the game?,"I felt like I was in the game, actively making guesses with the user.","I felt like I was apart from the game, distantly watching the user make guesses."
265,Passive,4,exp01,posttask_survey,presence,How present did you feel during the game task?,"I felt like I was there in the room, not just on the screen.",I felt very detached from the game.
265,Passive,4,exp01,posttask_survey,attention,How attentive did you feel to the game task?,I felt “in the zone.”,I felt unable to pay attention to the game.
265,Passive,2,exp01,posttask_survey,enc_confidence,How well could you remember information during the game task?,I would easily remember what was happening in the game.,I would constantly forget what was happening in the game.
265,Passive,4,exp01,posttask_survey,rec_confidence,How well could you recall information in the memory tests after the game task?,It felt easy to recall all the information prompted in the memory tests.,It felt impossible to recall any information prompted in the memory tests.
265,Passive,5,exp01,posttask_survey,control,How in control did you feel during the game task?,I felt like I had full control over the game task.,I felt like I had no control over the game task.
265,Passive,5,exp01,posttask_survey,randomness,How easily did you realize the correct item placements during the game task?,I felt like the correct placements “clicked” to me.,I felt like the correct placements were random matches.
265,Passive,2,exp01,posttask_survey,enc_strategy,How did you identify the correct placements of the items during the game task?,I identified the correct placement of items relative to the placement of other items.,"I identified the correct placement of items individually, irrespective of the placement of other items."
265,Passive,3,exp01,posttask_survey,rec_strategy,How did you recall the correct placements of the items in the memory tests after the game task?,I recalled the correct placement of items relative to the placement of other items.,"I recalled the correct placement of items individually, irrespective of the placement of other items."
265,Passive,4,exp01,posttask_survey,perspective,Did you have a precise or holistic perspective of where the items belonged in the scene?,I viewed the objects specific to their precise location.,"I viewed all the objects as within the larger, holistic scene."
265,Passive,5,exp01,posttask_survey,item_prediction,Did you feel like you were able to predict where the items should go before the user did?,I was frequently predicting the items’ correct location before the user.,I did not know where the items should go at all.
265,Passive,5,exp01,posttask_survey,action_prediction,Did you feel like you were able to predict the actions of the user?,I was frequently predicting the actions the user would next make.,I did not know what moves the user would make at all.
265,Passive,5,exp01,posttask_survey,expectation,Were you expecting the user’s correct/incorrect results during the game task?,"When the user got a correct/incorrect result, I was always expecting the result they got.","When the user got a correct/incorrect result, I was always surprised by the result they got."
265,Passive,5,exp01,posttask_survey,passive_presence,How present did you feel with the user playing the game?,"I felt like I was in the game, actively making guesses with the user.","I felt like I was apart from the game, distantly watching the user make guesses."
266,Passive,4,exp01,posttask_survey,presence,How present did you feel during the game task?,"I felt like I was there in the room, not just on the screen.",I felt very detached from the game.
266,Passive,4,exp01,posttask_survey,attention,How attentive did you feel to the game task?,I felt “in the zone.”,I felt unable to pay attention to the game.
266,Passive,2,exp01,posttask_survey,enc_confidence,How well could you remember information during the game task?,I would easily remember what was happening in the game.,I would constantly forget what was happening in the game.
266,Passive,5,exp01,posttask_survey,rec_confidence,How well could you recall information in the memory tests after the game task?,It felt easy to recall all the information prompted in the memory tests.,It felt impossible to recall any information prompted in the memory tests.
266,Passive,5,exp01,posttask_survey,control,How in control did you feel during the game task?,I felt like I had full control over the game task.,I felt like I had no control over the game task.
266,Passive,5,exp01,posttask_survey,randomness,How easily did you realize the correct item placements during the game task?,I felt like the correct placements “clicked” to me.,I felt like the correct placements were random matches.
266,Passive,4,exp01,posttask_survey,enc_strategy,How did you identify the correct placements of the items during the game task?,I identified the correct placement of items relative to the placement of other items.,"I identified the correct placement of items individually, irrespective of the placement of other items."
266,Passive,4,exp01,posttask_survey,rec_strategy,How did you recall the correct placements of the items in the memory tests after the game task?,I recalled the correct placement of items relative to the placement of other items.,"I recalled the correct placement of items individually, irrespective of the placement of other items."
266,Passive,4,exp01,posttask_survey,perspective,Did you have a precise or holistic perspective of where the items belonged in the scene?,I viewed the objects specific to their precise location.,"I viewed all the objects as within the larger, holistic scene."
266,Passive,1,exp01,posttask_survey,item_prediction,Did you feel like you were able to predict where the items should go before the user did?,I was frequently predicting the items’ correct location before the user.,I did not know where the items should go at all.
266,Passive,1,exp01,posttask_survey,action_prediction,Did you feel like you were able to predict the actions of the user?,I was frequently predicting the actions the user would next make.,I did not know what moves the user would make at all.
266,Passive,2,exp01,posttask_survey,expectation,Were you expecting the user’s correct/incorrect results during the game task?,"When the user got a correct/incorrect result, I was always expecting the result they got.","When the user got a correct/incorrect result, I was always surprised by the result they got."
266,Passive,5,exp01,posttask_survey,passive_presence,How present did you feel with the user playing the game?,"I felt like I was in the game, actively making guesses with the user.","I felt like I was apart from the game, distantly watching the user make guesses."
267,Passive,4,exp01,posttask_survey,presence,How present did you feel during the game task?,"I felt like I was there in the room, not just on the screen.",I felt very detached from the game.
267,Passive,4,exp01,posttask_survey,attention,How attentive did you feel to the game task?,I felt “in the zone.”,I felt unable to pay attention to the game.
267,Passive,5,exp01,posttask_survey,enc_confidence,How well could you remember information during the game task?,I would easily remember what was happening in the game.,I would constantly forget what was happening in the game.
267,Passive,5,exp01,posttask_survey,rec_confidence,How well could you recall information in the memory tests after the game task?,It felt easy to recall all the information prompted in the memory tests.,It felt impossible to recall any information prompted in the memory tests.
267,Passive,5,exp01,posttask_survey,control,How in control did you feel during the game task?,I felt like I had full control over the game task.,I felt like I had no control over the game task.
267,Passive,5,exp01,posttask_survey,randomness,How easily did you realize the correct item placements during the game task?,I felt like the correct placements “clicked” to me.,I felt like the correct placements were random matches.
267,Passive,5,exp01,posttask_survey,enc_strategy,How did you identify the correct placements of the items during the game task?,I identified the correct placement of items relative to the placement of other items.,"I identified the correct placement of items individually, irrespective of the placement of other items."
267,Passive,5,exp01,posttask_survey,rec_strategy,How did you recall the correct placements of the items in the memory tests after the game task?,I recalled the correct placement of items relative to the placement of other items.,"I recalled the correct placement of items individually, irrespective of the placement of other items."
267,Passive,1,exp01,posttask_survey,perspective,Did you have a precise or holistic perspective of where the items belonged in the scene?,I viewed the objects specific to their precise location.,"I viewed all the objects as within the larger, holistic scene."
267,Passive,3,exp01,posttask_survey,item_prediction,Did you feel like you were able to predict where the items should go before the user did?,I was frequently predicting the items’ correct location before the user.,I did not know where the items should go at all.
267,Passive,3,exp01,posttask_survey,action_prediction,Did you feel like you were able to predict the actions of the user?,I was frequently predicting the actions the user would next make.,I did not know what moves the user would make at all.
267,Passive,4,exp01,posttask_survey,expectation,Were you expecting the user’s correct/incorrect results during the game task?,"When the user got a correct/incorrect result, I was always expecting the result they got.","When the user got a correct/incorrect result, I was always surprised by the result they got."
267,Passive,5,exp01,posttask_survey,passive_presence,How present did you feel with the user playing the game?,"I felt like I was in the game, actively making guesses with the user.","I felt like I was apart from the game, distantly watching the user make guesses."
260,Passive,4,exp01,posttask_survey,presence,How present did you feel during the game task?,"I felt like I was there in the room, not just on the screen.",I felt very detached from the game.
260,Passive,4,exp01,posttask_survey,attention,How attentive did you feel to the game task?,I felt “in the zone.”,I felt unable to pay attention to the game.
260,Passive,1,exp01,posttask_survey,enc_confidence,How well could you remember information during the game task?,I would easily remember what was happening in the game.,I would constantly forget what was happening in the game.
260,Passive,5,exp01,posttask_survey,rec_confidence,How well could you recall information in the memory tests after the game task?,It felt easy to recall all the information prompted in the memory tests.,It felt impossible to recall any information prompted in the memory tests.
260,Passive,6,exp01,posttask_survey,control,How in control did you feel during the game task?,I felt like I had full control over the game task.,I felt like I had no control over the game task.
260,Passive,5,exp01,posttask_survey,randomness,How easily did you realize the correct item placements during the game task?,I felt like the correct placements “clicked” to me.,I felt like the correct placements were random matches.
260,Passive,1,exp01,posttask_survey,enc_strategy,How did you identify the correct placements of the items during the game task?,I identified the correct placement of items relative to the placement of other items.,"I identified the correct placement of items individually, irrespective of the placement of other items."
260,Passive,4,exp01,posttask_survey,rec_strategy,How did you recall the correct placements of the items in the memory tests after the game task?,I recalled the correct placement of items relative to the placement of other items.,"I recalled the correct placement of items individually, irrespective of the placement of other items."
260,Passive,5,exp01,posttask_survey,perspective,Did you have a precise or holistic perspective of where the items belonged in the scene?,I viewed the objects specific to their precise location.,"I viewed all the objects as within the larger, holistic scene."
260,Passive,0,exp01,posttask_survey,item_prediction,Did you feel like you were able to predict where the items should go before the user did?,I was frequently predicting the items’ correct location before the user.,I did not know where the items should go at all.
260,Passive,2,exp01,posttask_survey,action_prediction,Did you feel like you were able to predict the actions of the user?,I was frequently predicting the actions the user would next make.,I did not know what moves the user would make at all.
260,Passive,1,exp01,posttask_survey,expectation,Were you expecting the user’s correct/incorrect results during the game task?,"When the user got a correct/incorrect result, I was always expecting the result they got.","When the user got a correct/incorrect result, I was always surprised by the result they got."
260,Passive,0,exp01,posttask_survey,passive_presence,How present did you feel with the user playing the game?,"I felt like I was in the game, actively making guesses with the user.","I felt like I was apart from the game, distantly watching the user make guesses."