subject,condition,experiment,task,item_category,item,response_x,response_y,correct_response_x,correct_response_y,distance
121,Active,exp01,spatial_placement,target,alarmclock,345,364,119,361,226.01991062736045
121,Active,exp01,spatial_placement,target,applecore,354,355,392,350,38.3275357934736
121,Active,exp01,spatial_placement,lure,bikepump,186,310,439,350,256.14253844295365
121,Active,exp01,spatial_placement,target,binoculars,134,338,270,339,136.0036764208968
121,Active,exp01,spatial_placement,lure,blender,258,135,333,170,82.76472678623425
121,Active,exp01,spatial_placement,target,broom,193,320,219,186,136.49908424601244
121,Active,exp01,spatial_placement,target,cactus,289,362,167,189,211.69081227110448
121,Active,exp01,spatial_placement,target,camcorder,398,359,272,363,126.0634760745554
121,Active,exp01,spatial_placement,lure,cereal,160,269,348,349,204.31348462595415
121,Active,exp01,spatial_placement,target,dogbowl,406,376,246,210,230.5558500667463
121,Active,exp01,spatial_placement,target,feather,195,361,178,288,74.95331880577403
121,Active,exp01,spatial_placement,target,fishbowl,190,148,129,290,154.5477272560163
121,Active,exp01,spatial_placement,lure,frame,316,259,314,343,84.02380615040002
121,Active,exp01,spatial_placement,target,gavel,417,359,318,328,103.74005976477939
121,Active,exp01,spatial_placement,target,gramophone,415,253,436,237,26.40075756488817
121,Active,exp01,spatial_placement,lure,gumballmachine,450,270,500,190,94.33981132056604
121,Active,exp01,spatial_placement,lure,hairclip,149,171,390,170,241.0020746798666
121,Active,exp01,spatial_placement,lure,hanger,379,353,164,360,215.11392330576837
121,Active,exp01,spatial_placement,lure,iron,379,274,285,222,107.42439201596628
121,Active,exp01,spatial_placement,target,jug,293,152,423,354,240.21656895393374
121,Active,exp01,spatial_placement,lure,ladle,404,314,333,294,73.76313442364011
121,Active,exp01,spatial_placement,lure,landline,294,397,145,410,149.56603892595405
121,Active,exp01,spatial_placement,target,mailbox,169,229,477,199,309.45758998609165
121,Active,exp01,spatial_placement,target,microscope,422,319,489,358,77.52418977325722
121,Active,exp01,spatial_placement,lure,milkshake,345,317,210,220,166.23477373883
121,Active,exp01,spatial_placement,lure,mortarpestle,192,183,280,367,203.9607805437114
121,Active,exp01,spatial_placement,target,paperairplane,164,340,385,345,221.05655384991417
121,Active,exp01,spatial_placement,lure,pear,417,190,145,369,325.61480310329875
121,Active,exp01,spatial_placement,lure,pen,290,265,185,337,127.31457104353767
121,Active,exp01,spatial_placement,target,piggybank,154,194,330,202,176.1817243643619
121,Active,exp01,spatial_placement,target,pretzel,432,287,281,193,177.867928531256
121,Active,exp01,spatial_placement,target,purse,145,330,299,319,154.39235732380018
121,Active,exp01,spatial_placement,lure,racquet,409,259,510,275,102.25947388873072
121,Active,exp01,spatial_placement,target,remote,125,301,371,199,266.30809225406574
121,Active,exp01,spatial_placement,target,rubikscube,371,346,450,267,111.72287142747452
121,Active,exp01,spatial_placement,lure,seashell,203,205,201,358,153.0130713370593
121,Active,exp01,spatial_placement,target,skates,414,359,178,237,265.6689669494727
121,Active,exp01,spatial_placement,lure,starfish,202,150,237,201,61.85466837676846
121,Active,exp01,spatial_placement,target,straightener,237,370,459,233,260.8696992753279
121,Active,exp01,spatial_placement,lure,tapemeasure,302,363,189,230,174.52220489095365
121,Active,exp01,spatial_placement,lure,toiletpaper,162,223,422,366,296.73051747334654
121,Active,exp01,spatial_placement,lure,trumpet,401,64,133,232,316.30365157550744
121,Active,exp01,spatial_placement,lure,wateringcan,131,281,207,235,88.83692925805124
120,Active,exp01,spatial_placement,target,alarmclock,200,286,119,361,110.39021695784459
120,Active,exp01,spatial_placement,target,applecore,257,417,392,350,150.71164520368026
120,Active,exp01,spatial_placement,lure,bikepump,440,263,439,350,87.00574693662483
120,Active,exp01,spatial_placement,target,binoculars,194,264,270,339,106.77546534667971
120,Active,exp01,spatial_placement,lure,bowlingball,164,260,466,175,313.73396373360663
120,Active,exp01,spatial_placement,target,broom,242,199,219,186,26.419689627245813
120,Active,exp01,spatial_placement,target,cactus,110,201,167,189,58.249463516842795
120,Active,exp01,spatial_placement,target,camcorder,257,318,272,363,47.43416490252569
120,Active,exp01,spatial_placement,lure,cereal,303,459,348,349,118.84864324004712
120,Active,exp01,spatial_placement,target,dogbowl,266,226,246,210,25.612496949731394
120,Active,exp01,spatial_placement,lure,doghouse,122,235,215,277,102.04410811016969
120,Active,exp01,spatial_placement,target,donut,187,336,186,309,27.018512172212592
120,Active,exp01,spatial_placement,target,feather,156,196,178,288,94.59386872308374
120,Active,exp01,spatial_placement,target,fishbowl,147,272,129,290,25.45584412271571
120,Active,exp01,spatial_placement,lure,frame,402,361,314,343,89.82204629154248
120,Active,exp01,spatial_placement,target,gavel,422,293,318,328,109.73149046650191
120,Active,exp01,spatial_placement,target,gramophone,443,178,436,237,59.413803110051795
120,Active,exp01,spatial_placement,lure,gumballmachine,505,105,500,190,85.14693182963201
120,Active,exp01,spatial_placement,lure,hairclip,329,143,390,170,66.70832032063167
120,Active,exp01,spatial_placement,lure,hanger,436,407,164,360,276.0307953834137
120,Active,exp01,spatial_placement,lure,iron,384,369,285,222,177.22866585290316
120,Active,exp01,spatial_placement,target,jug,385,341,423,354,40.162171256046406
120,Active,exp01,spatial_placement,lure,ladle,357,285,333,294,25.632011235952593
120,Active,exp01,spatial_placement,lure,landline,391,339,145,410,256.04101233982027
120,Active,exp01,spatial_placement,target,mailbox,414,151,477,199,79.20227269466452
120,Active,exp01,spatial_placement,target,microscope,445,319,489,358,58.7962583843564
120,Active,exp01,spatial_placement,lure,milkshake,134,255,210,220,83.6719785830358
120,Active,exp01,spatial_placement,target,paperairplane,382,316,385,345,29.154759474226502
120,Active,exp01,spatial_placement,lure,pen,358,296,185,337,177.79201331893398
120,Active,exp01,spatial_placement,target,piggybank,478,229,330,202,150.44268011438774
120,Active,exp01,spatial_placement,target,pretzel,449,234,281,193,172.93062192682936
120,Active,exp01,spatial_placement,target,purse,296,349,299,319,30.14962686336267
120,Active,exp01,spatial_placement,lure,racquet,453,206,510,275,89.49860334105779
120,Active,exp01,spatial_placement,target,remote,457,302,371,199,134.18271125595876
120,Active,exp01,spatial_placement,target,rubikscube,392,357,450,267,107.07007051459338
120,Active,exp01,spatial_placement,lure,seashell,238,225,201,358,138.0507153186828
120,Active,exp01,spatial_placement,target,skates,350,321,178,237,191.41577782408638
120,Active,exp01,spatial_placement,target,soccerball,411,451,90,270,368.51322907054504
120,Active,exp01,spatial_placement,lure,starfish,423,349,237,201,237.69728648009425
120,Active,exp01,spatial_placement,target,straightener,429,213,459,233,36.05551275463989
120,Active,exp01,spatial_placement,lure,tapemeasure,389,231,189,230,200.0024999843752
120,Active,exp01,spatial_placement,lure,toiletpaper,82,295,422,366,347.33413307649454
120,Active,exp01,spatial_placement,lure,trumpet,485,136,133,232,364.85613603172413
120,Active,exp01,spatial_placement,lure,walkietalkie,116,339,393,246,292.1951402744406
120,Active,exp01,spatial_placement,lure,wateringcan,211,213,207,235,22.360679774997898
122,Active,exp01,spatial_placement,target,alarmclock,456,312,119,361,340.5436829541843
122,Active,exp01,spatial_placement,target,applecore,439,418,392,350,82.66196223173026
122,Active,exp01,spatial_placement,lure,bikepump,124,357,439,350,315.07776817795315
122,Active,exp01,spatial_placement,target,binoculars,423,347,270,339,153.20900756809309
122,Active,exp01,spatial_placement,lure,blender,134,177,333,170,199.12307751739877
122,Active,exp01,spatial_placement,target,camcorder,452,194,272,363,246.9028148887736
122,Active,exp01,spatial_placement,lure,cereal,269,390,348,349,89.00561780022652
122,Active,exp01,spatial_placement,target,donut,160,315,186,309,26.68332812825267
122,Active,exp01,spatial_placement,target,feather,112,405,178,288,134.33167906342868
122,Active,exp01,spatial_placement,target,gavel,140,342,318,328,178.54971296532514
122,Active,exp01,spatial_placement,lure,hanger,110,359,164,360,54.00925846556311
122,Active,exp01,spatial_placement,lure,iron,271,165,285,222,58.69412236331676
122,Active,exp01,spatial_placement,lure,ladle,401,354,333,294,90.68627239003708
122,Active,exp01,spatial_placement,lure,landline,202,336,145,410,93.40770846134703
122,Active,exp01,spatial_placement,target,laptop,433,342,175,219,285.8198733468336
122,Active,exp01,spatial_placement,target,microscope,184,363,489,358,305.04098085339285
122,Active,exp01,spatial_placement,lure,mortarpestle,290,399,280,367,33.52610922848042
122,Active,exp01,spatial_placement,target,paperairplane,307,359,385,345,79.2464510246358
122,Active,exp01,spatial_placement,target,pretzel,434,375,281,193,237.7666923688009
122,Active,exp01,spatial_placement,target,purse,274,299,299,319,32.01562118716424
122,Active,exp01,spatial_placement,lure,racquet,363,172,510,275,179.49373248110922
122,Active,exp01,spatial_placement,target,remote,382,137,371,199,62.96824596572466
122,Active,exp01,spatial_placement,target,rubikscube,262,378,450,267,218.3231549790356
122,Active,exp01,spatial_placement,lure,seashell,346,261,201,358,174.45343218177166
122,Active,exp01,spatial_placement,target,skates,180,398,178,237,161.01242188104618
122,Active,exp01,spatial_placement,lure,starfish,110,389,237,201,226.87661845152752
122,Active,exp01,spatial_placement,target,straightener,283,124,459,233,207.01932276963907
122,Active,exp01,spatial_placement,lure,tapemeasure,146,355,189,230,132.18925826253812
122,Active,exp01,spatial_placement,lure,walkietalkie,143,209,393,246,252.7231687044146
122,Active,exp01,spatial_placement,lure,wateringcan,85,321,207,235,149.26486525636233
123,Active,exp01,spatial_placement,target,applecore,238,283,392,350,167.94344286098223
123,Active,exp01,spatial_placement,lure,bikepump,154,335,439,350,285.3944638566067
123,Active,exp01,spatial_placement,target,binoculars,220,127,270,339,217.81643647805828
123,Active,exp01,spatial_placement,lure,blender,391,163,333,170,58.42088667591412
123,Active,exp01,spatial_placement,lure,bowlingball,447,133,466,175,46.09772228646444
123,Active,exp01,spatial_placement,target,broom,436,315,219,186,252.4480144505003
123,Active,exp01,spatial_placement,target,cactus,199,199,167,189,33.52610922848042
123,Active,exp01,spatial_placement,target,dogbowl,389,132,246,210,162.88953311984167
123,Active,exp01,spatial_placement,lure,doghouse,199,267,215,277,18.867962264113206
123,Active,exp01,spatial_placement,target,donut,208,306,186,309,22.20360331117452
123,Active,exp01,spatial_placement,target,feather,380,288,178,288,202.0
123,Active,exp01,spatial_placement,target,fishbowl,238,168,129,290,163.6001222493431
123,Active,exp01,spatial_placement,lure,frame,328,203,314,343,140.69825869569246
123,Active,exp01,spatial_placement,target,gavel,415,242,318,328,129.634100452003
123,Active,exp01,spatial_placement,target,gramophone,431,176,436,237,61.204574992397426
123,Active,exp01,spatial_placement,lure,gumballmachine,153,122,500,190,353.60005656108143
123,Active,exp01,spatial_placement,lure,hairclip,291,287,390,170,153.26447729333762
123,Active,exp01,spatial_placement,lure,hanger,190,132,164,360,229.47766775876036
123,Active,exp01,spatial_placement,lure,iron,170,264,285,222,122.42957159118053
123,Active,exp01,spatial_placement,target,jug,177,311,423,354,249.7298540423231
123,Active,exp01,spatial_placement,lure,ladle,380,132,333,294,168.6801707374047
123,Active,exp01,spatial_placement,lure,landline,169,211,145,410,200.44201156444225
123,Active,exp01,spatial_placement,target,microscope,249,330,489,358,241.6278129686233
123,Active,exp01,spatial_placement,lure,milkshake,282,158,210,220,95.01578816175763
123,Active,exp01,spatial_placement,lure,mortarpestle,381,221,280,367,177.53027910753704
123,Active,exp01,spatial_placement,target,paperairplane,358,277,385,345,73.16419889536138
123,Active,exp01,spatial_placement,lure,pear,83,202,145,369,178.13758727455584
123,Active,exp01,spatial_placement,lure,pen,397,203,185,337,250.79872407968904
123,Active,exp01,spatial_placement,target,piggybank,154,222,330,202,177.13271860387624
123,Active,exp01,spatial_placement,target,pretzel,287,236,281,193,43.41658669218482
123,Active,exp01,spatial_placement,target,purse,332,256,299,319,71.11961754677819
123,Active,exp01,spatial_placement,lure,racquet,357,181,510,275,179.56892826989863
123,Active,exp01,spatial_placement,target,remote,184,292,371,199,208.84922791334424
123,Active,exp01,spatial_placement,target,rubikscube,355,298,450,267,99.92997548283498
123,Active,exp01,spatial_placement,lure,seashell,137,185,201,358,184.45866745696716
123,Active,exp01,spatial_placement,lure,shoppingcart,120,363,494,233,395.9494917284274
123,Active,exp01,spatial_placement,target,skates,178,178,178,237,59.0
123,Active,exp01,spatial_placement,target,soccerball,247,200,90,270,171.89822570346675
123,Active,exp01,spatial_placement,lure,starfish,136,176,237,201,104.04806581575652
123,Active,exp01,spatial_placement,target,straightener,348,169,459,233,128.1288414058287
123,Active,exp01,spatial_placement,lure,tapemeasure,372,398,189,230,248.421013603922
123,Active,exp01,spatial_placement,lure,toiletpaper,163,131,422,366,349.7227473299385
123,Active,exp01,spatial_placement,lure,trumpet,321,57,133,232,256.8443108188305
123,Active,exp01,spatial_placement,lure,walkietalkie,332,326,393,246,100.60318086422517
124,Active,exp01,spatial_placement,target,alarmclock,432,210,119,361,347.51978360950903
124,Active,exp01,spatial_placement,target,applecore,179,274,392,350,226.15260334561705
124,Active,exp01,spatial_placement,lure,bikepump,194,297,439,350,250.6671099286861
124,Active,exp01,spatial_placement,target,binoculars,372,331,270,339,102.3132444994293
124,Active,exp01,spatial_placement,lure,blender,248,389,333,170,234.9170066214875
124,Active,exp01,spatial_placement,lure,bowlingball,359,330,466,175,188.3454273402994
124,Active,exp01,spatial_placement,target,broom,176,261,219,186,86.45229898620394
124,Active,exp01,spatial_placement,target,cactus,127,237,167,189,62.48199740725323
124,Active,exp01,spatial_placement,target,camcorder,252,251,272,363,113.77170122662314
124,Active,exp01,spatial_placement,lure,cereal,185,298,348,349,170.79227148791014
124,Active,exp01,spatial_placement,lure,doghouse,204,321,215,277,45.35416188179427
124,Active,exp01,spatial_placement,target,donut,122,255,186,309,83.73768566183328
124,Active,exp01,spatial_placement,target,feather,206,320,178,288,42.5205832509386
124,Active,exp01,spatial_placement,target,fishbowl,140,244,129,290,47.29693436154187
124,Active,exp01,spatial_placement,lure,frame,321,299,314,343,44.553338819890925
124,Active,exp01,spatial_placement,target,gavel,149,200,318,328,212.00235847744713
124,Active,exp01,spatial_placement,target,gramophone,373,354,436,237,132.8834075421006
124,Active,exp01,spatial_placement,lure,gumballmachine,479,166,500,190,31.89043743820395
124,Active,exp01,spatial_placement,lure,hairclip,371,193,390,170,29.832867780352597
124,Active,exp01,spatial_placement,lure,hanger,172,269,164,360,91.35097153287424
124,Active,exp01,spatial_placement,target,jug,179,285,423,354,253.56853117056934
124,Active,exp01,spatial_placement,lure,ladle,184,307,333,294,149.56603892595405
124,Active,exp01,spatial_placement,lure,landline,417,298,145,410,294.15642097360376
124,Active,exp01,spatial_placement,target,laptop,180,187,175,219,32.38826948140329
124,Active,exp01,spatial_placement,target,mailbox,136,233,477,199,342.6908227542722
124,Active,exp01,spatial_placement,target,microscope,246,300,489,358,249.8259394058191
124,Active,exp01,spatial_placement,lure,milkshake,408,334,210,220,228.47319317591726
124,Active,exp01,spatial_placement,lure,mortarpestle,179,225,280,367,174.25555945220228
124,Active,exp01,spatial_placement,lure,pear,272,366,145,369,127.03542812932147
124,Active,exp01,spatial_placement,lure,pen,449,325,185,337,264.27258654654287
124,Active,exp01,spatial_placement,target,piggybank,418,220,330,202,89.82204629154248
124,Active,exp01,spatial_placement,target,pretzel,389,194,281,193,108.00462953040486
124,Active,exp01,spatial_placement,lure,racquet,247,375,510,275,281.3698633471609
124,Active,exp01,spatial_placement,target,remote,299,272,371,199,102.53292154230269
124,Active,exp01,spatial_placement,target,rubikscube,407,249,450,267,46.61544808322666
124,Active,exp01,spatial_placement,lure,seashell,425,359,201,358,224.0022321317357
124,Active,exp01,spatial_placement,lure,shoppingcart,148,297,494,233,351.86929391465804
124,Active,exp01,spatial_placement,target,skates,232,221,178,237,56.32051136131489
124,Active,exp01,spatial_placement,target,soccerball,161,301,90,270,77.47257579298626
124,Active,exp01,spatial_placement,lure,starfish,247,213,237,201,15.620499351813308
124,Active,exp01,spatial_placement,target,straightener,312,234,459,233,147.00340132119393
124,Active,exp01,spatial_placement,lure,tapemeasure,353,336,189,230,195.27416623813812
124,Active,exp01,spatial_placement,lure,toiletpaper,110,233,422,366,339.1651515117672
124,Active,exp01,spatial_placement,lure,trumpet,444,256,133,232,311.9246703933499
124,Active,exp01,spatial_placement,lure,walkietalkie,407,259,393,246,19.1049731745428
125,Active,exp01,spatial_placement,target,alarmclock,413,190,119,361,340.1132164441717
125,Active,exp01,spatial_placement,target,applecore,379,192,392,350,158.5339080449353
125,Active,exp01,spatial_placement,lure,bikepump,344,294,439,350,110.27692415006868
125,Active,exp01,spatial_placement,lure,blender,370,236,333,170,75.66372975210778
125,Active,exp01,spatial_placement,lure,bowlingball,437,336,466,175,163.59095329510126
125,Active,exp01,spatial_placement,target,broom,331,212,219,186,114.97825881443848
125,Active,exp01,spatial_placement,target,cactus,168,372,167,189,183.0027322200409
125,Active,exp01,spatial_placement,target,camcorder,216,333,272,363,63.52952069707436
125,Active,exp01,spatial_placement,target,dogbowl,253,224,246,210,15.652475842498529
125,Active,exp01,spatial_placement,target,donut,197,242,186,309,67.89698078707183
125,Active,exp01,spatial_placement,target,feather,412,221,178,288,243.402958075698
125,Active,exp01,spatial_placement,target,fishbowl,254,317,129,290,127.88275880665071
125,Active,exp01,spatial_placement,lure,frame,103,365,314,343,212.14381914163798
125,Active,exp01,spatial_placement,target,gavel,114,383,318,328,211.28416883429767
125,Active,exp01,spatial_placement,target,gramophone,138,271,436,237,299.93332592427936
125,Active,exp01,spatial_placement,lure,hairclip,398,213,390,170,43.73785545725808
125,Active,exp01,spatial_placement,lure,hanger,260,197,164,360,189.16923639957952
125,Active,exp01,spatial_placement,lure,iron,105,324,285,222,206.8912757948
125,Active,exp01,spatial_placement,target,jug,176,193,423,354,294.838939083697
125,Active,exp01,spatial_placement,lure,ladle,306,292,333,294,27.073972741361768
125,Active,exp01,spatial_placement,lure,landline,130,374,145,410,39.0
125,Active,exp01,spatial_placement,target,laptop,155,340,175,219,122.64175471673585
125,Active,exp01,spatial_placement,target,mailbox,259,330,477,199,254.33245958783948
125,Active,exp01,spatial_placement,target,microscope,442,342,489,358,49.64876634922564
125,Active,exp01,spatial_placement,lure,milkshake,159,278,210,220,77.23341245859851
125,Active,exp01,spatial_placement,target,paperairplane,423,375,385,345,48.41487374764082
125,Active,exp01,spatial_placement,lure,pear,413,180,145,369,327.9405433916337
125,Active,exp01,spatial_placement,lure,pen,122,274,185,337,89.09545442950498
125,Active,exp01,spatial_placement,target,piggybank,423,358,330,202,181.61773041198373
125,Active,exp01,spatial_placement,target,pretzel,163,296,281,193,156.6301375853319
125,Active,exp01,spatial_placement,target,purse,190,308,299,319,109.55363982999378
125,Active,exp01,spatial_placement,lure,racquet,423,338,510,275,107.41508273980894
125,Active,exp01,spatial_placement,lure,seashell,236,274,201,358,91.0
125,Active,exp01,spatial_placement,lure,shoppingcart,248,311,494,233,258.0697580112788
125,Active,exp01,spatial_placement,target,skates,175,345,178,237,108.04165863221463
125,Active,exp01,spatial_placement,target,soccerball,443,299,90,270,354.18921496849674
125,Active,exp01,spatial_placement,lure,starfish,227,167,237,201,35.4400902933387
125,Active,exp01,spatial_placement,target,straightener,188,323,459,233,285.55384781158176
125,Active,exp01,spatial_placement,lure,tapemeasure,114,359,189,230,149.21796138535066
125,Active,exp01,spatial_placement,lure,toiletpaper,257,370,422,366,165.04847772699995
125,Active,exp01,spatial_placement,lure,trumpet,110,216,133,232,28.0178514522438
125,Active,exp01,spatial_placement,lure,walkietalkie,126,373,393,246,295.6653513687392
125,Active,exp01,spatial_placement,lure,wateringcan,250,251,207,235,45.880278987817846
126,Active,exp01,spatial_placement,target,applecore,336,362,392,350,57.271284253105414
126,Active,exp01,spatial_placement,lure,bikepump,378,266,439,350,103.81233067415451
126,Active,exp01,spatial_placement,target,broom,165,283,219,186,111.01801655587259
126,Active,exp01,spatial_placement,target,cactus,261,96,167,189,132.23085872821065
126,Active,exp01,spatial_placement,target,camcorder,133,296,272,363,154.30489298787643
126,Active,exp01,spatial_placement,lure,cereal,129,292,348,349,226.29626598775332
126,Active,exp01,spatial_placement,target,dogbowl,198,327,246,210,126.46343345014795
126,Active,exp01,spatial_placement,lure,doghouse,159,369,215,277,107.70329614269008
126,Active,exp01,spatial_placement,target,donut,391,246,186,309,214.46211786700232
126,Active,exp01,spatial_placement,target,feather,146,336,178,288,57.688820407423826
126,Active,exp01,spatial_placement,target,fishbowl,131,303,129,290,13.152946437965905
126,Active,exp01,spatial_placement,lure,frame,297,286,314,343,59.481089431852205
126,Active,exp01,spatial_placement,target,gavel,298,242,318,328,88.29496021857646
126,Active,exp01,spatial_placement,target,gramophone,449,199,436,237,40.162171256046406
126,Active,exp01,spatial_placement,lure,hairclip,408,151,390,170,26.1725046566048
126,Active,exp01,spatial_placement,lure,hanger,189,328,164,360,40.607881008493905
126,Active,exp01,spatial_placement,lure,ladle,198,292,333,294,135.0148140020198
126,Active,exp01,spatial_placement,lure,landline,372,375,145,410,229.68238939892626
126,Active,exp01,spatial_placement,target,microscope,417,198,489,358,175.45369759569047
126,Active,exp01,spatial_placement,lure,milkshake,401,280,210,220,200.2023975880409
126,Active,exp01,spatial_placement,lure,mortarpestle,452,403,280,367,175.72706109191037
126,Active,exp01,spatial_placement,target,paperairplane,211,349,385,345,174.04597093871493
126,Active,exp01,spatial_placement,target,piggybank,316,234,330,202,34.92849839314596
126,Active,exp01,spatial_placement,target,purse,424,245,299,319,145.2618325645109
126,Active,exp01,spatial_placement,lure,racquet,328,313,510,275,185.9247159470736
126,Active,exp01,spatial_placement,target,remote,382,342,371,199,143.42245291445826
126,Active,exp01,spatial_placement,target,rubikscube,443,350,450,267,83.2946576918352
126,Active,exp01,spatial_placement,lure,seashell,227,281,201,358,81.27115109311545
126,Active,exp01,spatial_placement,lure,shoppingcart,243,306,494,233,261.4000765110829
126,Active,exp01,spatial_placement,target,skates,278,169,178,237,120.9297316626478
126,Active,exp01,spatial_placement,target,soccerball,190,318,90,270,110.92339699089638
126,Active,exp01,spatial_placement,lure,starfish,249,255,237,201,55.31726674375732
126,Active,exp01,spatial_placement,target,straightener,429,401,459,233,170.6575518399347
126,Active,exp01,spatial_placement,lure,toiletpaper,500,282,422,366,114.6298390472568
126,Active,exp01,spatial_placement,lure,trumpet,444,102,133,232,337.0771425059848
126,Active,exp01,spatial_placement,lure,wateringcan,162,307,207,235,84.90583018850944
127,Active,exp01,spatial_placement,target,alarmclock,270,371,119,361,151.33076356114773
127,Active,exp01,spatial_placement,target,applecore,163,255,392,350,247.92337525937324
127,Active,exp01,spatial_placement,target,binoculars,215,333,270,339,55.326304774492215
127,Active,exp01,spatial_placement,lure,blender,303,117,333,170,60.90155991434045
127,Active,exp01,spatial_placement,lure,bowlingball,405,190,466,175,62.81719509815764
127,Active,exp01,spatial_placement,target,broom,245,178,219,186,27.202941017470888
127,Active,exp01,spatial_placement,target,cactus,475,341,167,189,343.4646997873289
127,Active,exp01,spatial_placement,target,dogbowl,362,333,246,210,169.07099100673656
127,Active,exp01,spatial_placement,target,donut,163,302,186,309,24.041630560342615
127,Active,exp01,spatial_placement,target,feather,372,342,178,288,201.37527157027003
127,Active,exp01,spatial_placement,target,fishbowl,430,296,129,290,301.0597947252339
127,Active,exp01,spatial_placement,lure,frame,251,363,314,343,66.09841147864296
127,Active,exp01,spatial_placement,target,gavel,110,216,318,328,236.2371689637344
127,Active,exp01,spatial_placement,target,gramophone,461,133,436,237,106.96261028976434
127,Active,exp01,spatial_placement,lure,gumballmachine,482,150,500,190,43.86342439892262
127,Active,exp01,spatial_placement,lure,hairclip,429,186,390,170,42.15447781671598
127,Active,exp01,spatial_placement,lure,iron,263,224,285,222,22.090722034374522
127,Active,exp01,spatial_placement,target,jug,352,233,423,354,140.29255147726127
127,Active,exp01,spatial_placement,lure,ladle,148,317,333,294,186.4242473499625
127,Active,exp01,spatial_placement,lure,landline,447,278,145,410,329.587621126765
127,Active,exp01,spatial_placement,target,laptop,175,218,175,219,1.0
127,Active,exp01,spatial_placement,target,mailbox,485,178,477,199,22.47220505424423
127,Active,exp01,spatial_placement,target,microscope,473,386,489,358,32.2490309931942
127,Active,exp01,spatial_placement,lure,milkshake,120,297,210,220,118.44407963254221
127,Active,exp01,spatial_placement,lure,mortarpestle,257,327,280,367,46.14108798023731
127,Active,exp01,spatial_placement,target,paperairplane,388,334,385,345,11.40175425099138
127,Active,exp01,spatial_placement,lure,pear,183,378,145,369,39.05124837953327
127,Active,exp01,spatial_placement,lure,pen,217,273,185,337,71.55417527999327
127,Active,exp01,spatial_placement,target,piggybank,364,223,330,202,39.96248240537617
127,Active,exp01,spatial_placement,target,pretzel,188,404,281,193,230.58620947489467
127,Active,exp01,spatial_placement,target,purse,301,360,299,319,41.048751503547585
127,Active,exp01,spatial_placement,lure,racquet,54,127,510,275,479.4163117792301
127,Active,exp01,spatial_placement,target,remote,340,232,371,199,45.27692569068709
127,Active,exp01,spatial_placement,target,rubikscube,445,61,450,267,206.0606706773517
127,Active,exp01,spatial_placement,lure,seashell,178,358,201,358,23.0
127,Active,exp01,spatial_placement,lure,shoppingcart,146,139,494,233,360.4719129141687
127,Active,exp01,spatial_placement,target,skates,200,281,178,237,49.193495504995376
127,Active,exp01,spatial_placement,target,soccerball,128,273,90,270,38.118237105091836
127,Active,exp01,spatial_placement,target,straightener,428,349,459,233,120.07081243999309
127,Active,exp01,spatial_placement,lure,tapemeasure,315,361,189,230,181.76083186429358
127,Active,exp01,spatial_placement,lure,toiletpaper,254,229,422,366,216.77868898948532
127,Active,exp01,spatial_placement,lure,trumpet,372,162,133,232,249.04015740438328
127,Active,exp01,spatial_placement,lure,wateringcan,90,404,207,235,205.54804791094466
129,Active,exp01,spatial_placement,target,alarmclock,172,372,119,361,54.12947441089743
129,Active,exp01,spatial_placement,target,applecore,174,277,392,350,229.8978033822855
129,Active,exp01,spatial_placement,lure,bikepump,464,282,439,350,72.44998274671983
129,Active,exp01,spatial_placement,target,binoculars,261,332,270,339,11.40175425099138
129,Active,exp01,spatial_placement,lure,blender,337,155,333,170,15.524174696260024
129,Active,exp01,spatial_placement,lure,bowlingball,487,164,466,175,23.706539182259394
129,Active,exp01,spatial_placement,target,broom,225,137,219,186,49.36598018878993
129,Active,exp01,spatial_placement,target,cactus,141,153,167,189,44.40720662234904
129,Active,exp01,spatial_placement,target,camcorder,256,357,272,363,17.08800749063506
129,Active,exp01,spatial_placement,target,dogbowl,175,256,246,210,84.59905436823747
129,Active,exp01,spatial_placement,lure,doghouse,160,301,215,277,60.00833275470999
129,Active,exp01,spatial_placement,target,donut,82,194,186,309,155.05160431288675
129,Active,exp01,spatial_placement,target,feather,145,258,178,288,44.598206241955516
129,Active,exp01,spatial_placement,target,fishbowl,355,278,129,290,226.3183598385248
129,Active,exp01,spatial_placement,lure,frame,346,301,314,343,52.80151512977634
129,Active,exp01,spatial_placement,target,gavel,328,355,318,328,28.792360097775937
129,Active,exp01,spatial_placement,target,gramophone,419,199,436,237,41.6293165929973
129,Active,exp01,spatial_placement,lure,gumballmachine,239,300,500,190,283.2331195323033
129,Active,exp01,spatial_placement,lure,hairclip,265,185,390,170,125.89678312014172
129,Active,exp01,spatial_placement,lure,hanger,162,376,164,360,16.1245154965971
129,Active,exp01,spatial_placement,lure,iron,262,188,285,222,41.048751503547585
129,Active,exp01,spatial_placement,target,jug,489,222,423,354,147.58048651498612
129,Active,exp01,spatial_placement,lure,ladle,374,290,333,294,41.19465984809196
129,Active,exp01,spatial_placement,lure,landline,459,329,145,410,324.27920068977596
129,Active,exp01,spatial_placement,target,laptop,467,338,175,219,315.3173005085512
129,Active,exp01,spatial_placement,target,mailbox,483,166,477,199,33.54101966249684
129,Active,exp01,spatial_placement,target,microscope,514,322,489,358,43.829214001622255
129,Active,exp01,spatial_placement,lure,milkshake,217,183,210,220,37.656340767525464
129,Active,exp01,spatial_placement,lure,mortarpestle,407,355,280,367,127.56566936288148
129,Active,exp01,spatial_placement,target,paperairplane,360,424,385,345,82.86132994346639
129,Active,exp01,spatial_placement,lure,pear,147,391,145,369,22.090722034374522
129,Active,exp01,spatial_placement,lure,pen,394,315,185,337,210.1547049199708
129,Active,exp01,spatial_placement,target,piggybank,333,196,330,202,6.708203932499369
129,Active,exp01,spatial_placement,target,pretzel,265,179,281,193,21.2602916254693
129,Active,exp01,spatial_placement,target,purse,104,156,299,319,254.15349692656207
129,Active,exp01,spatial_placement,lure,racquet,504,284,510,275,10.816653826391969
129,Active,exp01,spatial_placement,target,remote,355,182,371,199,23.345235059857504
129,Active,exp01,spatial_placement,target,rubikscube,460,305,450,267,39.293765408777
129,Active,exp01,spatial_placement,lure,seashell,186,343,201,358,21.213203435596427
129,Active,exp01,spatial_placement,lure,shoppingcart,363,303,494,233,148.52945835759317
129,Active,exp01,spatial_placement,target,skates,179,263,178,237,26.019223662515376
129,Active,exp01,spatial_placement,target,soccerball,77,211,90,270,60.41522986797286
129,Active,exp01,spatial_placement,lure,starfish,242,162,237,201,39.319206502675
129,Active,exp01,spatial_placement,lure,tapemeasure,178,246,189,230,19.4164878389476
129,Active,exp01,spatial_placement,lure,toiletpaper,466,151,422,366,219.45614596087302
129,Active,exp01,spatial_placement,lure,trumpet,154,230,133,232,21.095023109728988
129,Active,exp01,spatial_placement,lure,walkietalkie,274,358,393,246,163.41664541900252
129,Active,exp01,spatial_placement,lure,wateringcan,143,362,207,235,142.21462653327893
130,Active,exp01,spatial_placement,target,alarmclock,237,116,119,361,271.93565415369864
130,Active,exp01,spatial_placement,target,applecore,393,355,392,350,5.0990195135927845
130,Active,exp01,spatial_placement,lure,bikepump,160,274,439,350,289.1660422663768
130,Active,exp01,spatial_placement,target,binoculars,393,313,270,339,125.7179382586272
130,Active,exp01,spatial_placement,lure,blender,119,236,333,170,223.94642216387382
130,Active,exp01,spatial_placement,lure,bowlingball,263,304,466,175,240.52026941611388
130,Active,exp01,spatial_placement,target,broom,134,219,219,186,91.18113840043894
130,Active,exp01,spatial_placement,target,cactus,108,160,167,189,65.7419196555744
130,Active,exp01,spatial_placement,target,camcorder,352,178,272,363,201.55644370746373
130,Active,exp01,spatial_placement,target,dogbowl,415,278,246,210,182.16750533506243
130,Active,exp01,spatial_placement,lure,doghouse,147,207,215,277,97.59098319004681
130,Active,exp01,spatial_placement,target,feather,130,340,178,288,70.76722405181653
130,Active,exp01,spatial_placement,target,fishbowl,161,199,129,290,96.46242791885346
130,Active,exp01,spatial_placement,lure,frame,128,339,314,343,186.04300578092153
130,Active,exp01,spatial_placement,target,gavel,374,324,318,328,56.142675390472796
130,Active,exp01,spatial_placement,target,gramophone,376,141,436,237,113.20777358467925
130,Active,exp01,spatial_placement,lure,gumballmachine,386,157,500,190,118.68024266911489
130,Active,exp01,spatial_placement,lure,hairclip,291,77,390,170,135.83077707206124
130,Active,exp01,spatial_placement,lure,hanger,243,138,164,360,235.63743335896356
130,Active,exp01,spatial_placement,lure,ladle,326,373,333,294,79.30952023559341
130,Active,exp01,spatial_placement,target,laptop,241,189,175,219,72.49827584156743
130,Active,exp01,spatial_placement,target,microscope,153,219,489,358,363.61655627872614
130,Active,exp01,spatial_placement,lure,mortarpestle,318,363,280,367,38.2099463490856
130,Active,exp01,spatial_placement,target,paperairplane,414,271,385,345,79.47955712005447
130,Active,exp01,spatial_placement,lure,pear,153,180,145,369,189.16923639957952
130,Active,exp01,spatial_placement,lure,pen,380,315,185,337,196.23710148695125
130,Active,exp01,spatial_placement,target,pretzel,167,323,281,193,172.90459797240788
130,Active,exp01,spatial_placement,target,purse,236,163,299,319,168.24089871371942
130,Active,exp01,spatial_placement,lure,racquet,391,278,510,275,119.03780911962384
130,Active,exp01,spatial_placement,target,rubikscube,398,209,450,267,77.89736837660179
130,Active,exp01,spatial_placement,lure,shoppingcart,241,307,494,233,263.60007587252323
130,Active,exp01,spatial_placement,target,skates,446,299,178,237,275.0781707078917
130,Active,exp01,spatial_placement,target,soccerball,367,289,90,270,277.6508598942204
130,Active,exp01,spatial_placement,lure,starfish,152,295,237,201,126.73200069437868
130,Active,exp01,spatial_placement,target,straightener,226,169,459,233,241.6298822579691
130,Active,exp01,spatial_placement,lure,toiletpaper,205,234,422,366,253.99409441953566
130,Active,exp01,spatial_placement,lure,trumpet,324,275,133,232,195.78048932414077
130,Active,exp01,spatial_placement,lure,walkietalkie,405,283,393,246,38.897300677553446
130,Active,exp01,spatial_placement,lure,wateringcan,422,153,207,235,230.10649708341572
220,Passive,exp01,spatial_placement,target,applecore,430,363,392,350,40.162171256046406
220,Passive,exp01,spatial_placement,target,binoculars,191,312,270,339,83.48652585896721
220,Passive,exp01,spatial_placement,lure,blender,449,304,333,170,177.23430819116257
220,Passive,exp01,spatial_placement,lure,bowlingball,257,204,466,175,211.00236965494014
220,Passive,exp01,spatial_placement,target,broom,327,208,219,186,110.21796586763884
220,Passive,exp01,spatial_placement,target,cactus,244,311,167,189,144.26711336961034
220,Passive,exp01,spatial_placement,target,feather,163,272,178,288,21.93171219946131
220,Passive,exp01,spatial_placement,lure,frame,368,351,314,343,54.589376255824725
220,Passive,exp01,spatial_placement,lure,iron,90,266,285,222,199.90247622278218
220,Passive,exp01,spatial_placement,target,jug,191,362,423,354,232.13789005675054
220,Passive,exp01,spatial_placement,target,microscope,239,158,489,358,320.1562118716424
220,Passive,exp01,spatial_placement,lure,milkshake,300,285,210,220,111.01801655587259
220,Passive,exp01,spatial_placement,lure,mortarpestle,193,424,280,367,104.0096149401583
220,Passive,exp01,spatial_placement,target,paperairplane,400,301,385,345,46.486557196677836
220,Passive,exp01,spatial_placement,target,remote,379,156,371,199,43.73785545725808
220,Passive,exp01,spatial_placement,target,rubikscube,307,301,450,267,146.98639392814562
220,Passive,exp01,spatial_placement,lure,seashell,162,210,201,358,153.05227865013967
220,Passive,exp01,spatial_placement,lure,shoppingcart,201,323,494,233,306.5110112214568
220,Passive,exp01,spatial_placement,target,skates,155,216,178,237,31.144823004794873
220,Passive,exp01,spatial_placement,target,straightener,454,239,459,233,7.810249675906654
220,Passive,exp01,spatial_placement,lure,tapemeasure,348,336,189,230,191.09421759959145
220,Passive,exp01,spatial_placement,lure,trumpet,220,172,133,232,105.68348972285122
220,Passive,exp01,spatial_placement,lure,walkietalkie,304,173,393,246,115.10864433221339
220,Passive,exp01,spatial_placement,lure,wateringcan,351,311,207,235,162.82505949638096
221,Passive,exp01,spatial_placement,target,alarmclock,183,319,119,361,76.55063683601855
221,Passive,exp01,spatial_placement,target,applecore,418,339,392,350,28.231188426986208
221,Passive,exp01,spatial_placement,lure,bikepump,222,317,439,350,219.49487465542333
221,Passive,exp01,spatial_placement,target,binoculars,351,208,270,339,154.0194792875239
221,Passive,exp01,spatial_placement,lure,blender,334,159,333,170,11.045361017187261
221,Passive,exp01,spatial_placement,lure,bowlingball,418,360,466,175,191.12561314486345
221,Passive,exp01,spatial_placement,target,broom,227,143,219,186,43.73785545725808
221,Passive,exp01,spatial_placement,target,cactus,125,263,167,189,85.0881895447306
221,Passive,exp01,spatial_placement,target,camcorder,471,247,272,363,230.3410514867031
221,Passive,exp01,spatial_placement,lure,cereal,123,275,348,349,236.8564966387876
221,Passive,exp01,spatial_placement,target,dogbowl,298,212,246,210,52.03844732503075
221,Passive,exp01,spatial_placement,lure,doghouse,484,266,215,277,269.2248131209306
221,Passive,exp01,spatial_placement,target,donut,299,177,186,309,173.761330565808
221,Passive,exp01,spatial_placement,target,feather,218,380,178,288,100.31948963187563
221,Passive,exp01,spatial_placement,target,fishbowl,495,282,129,290,366.0874212534487
221,Passive,exp01,spatial_placement,lure,frame,363,347,314,343,49.16299421312742
221,Passive,exp01,spatial_placement,target,gavel,463,307,318,328,146.5127980757995
221,Passive,exp01,spatial_placement,target,gramophone,306,166,436,237,148.12494725737457
221,Passive,exp01,spatial_placement,lure,gumballmachine,487,246,500,190,57.48912940721924
221,Passive,exp01,spatial_placement,lure,hairclip,222,153,390,170,168.8579284487406
221,Passive,exp01,spatial_placement,lure,hanger,232,385,164,360,72.44998274671983
221,Passive,exp01,spatial_placement,lure,iron,389,368,285,222,179.25400971805345
221,Passive,exp01,spatial_placement,target,jug,338,162,423,354,209.97380789041284
221,Passive,exp01,spatial_placement,lure,ladle,401,306,333,294,69.05070600652827
221,Passive,exp01,spatial_placement,lure,landline,234,359,145,410,102.57680049601859
221,Passive,exp01,spatial_placement,target,laptop,142,252,175,219,46.66904755831214
221,Passive,exp01,spatial_placement,target,microscope,490,260,489,358,98.00510190801293
221,Passive,exp01,spatial_placement,lure,milkshake,271,320,210,220,117.13667231059623
221,Passive,exp01,spatial_placement,lure,mortarpestle,340,246,280,367,135.05924625881784
221,Passive,exp01,spatial_placement,target,paperairplane,267,345,385,345,118.0
221,Passive,exp01,spatial_placement,lure,pear,356,207,145,369,266.01691675530714
221,Passive,exp01,spatial_placement,target,piggybank,116,293,330,202,232.54461937443318
221,Passive,exp01,spatial_placement,target,pretzel,397,163,281,193,119.81652640600127
221,Passive,exp01,spatial_placement,target,purse,508,257,299,319,218.0022935659164
221,Passive,exp01,spatial_placement,lure,racquet,472,342,510,275,77.02596964660685
221,Passive,exp01,spatial_placement,target,remote,228,175,371,199,145.0
221,Passive,exp01,spatial_placement,target,rubikscube,218,143,450,267,263.0589287593181
221,Passive,exp01,spatial_placement,lure,seashell,260,366,201,358,59.53990258641679
221,Passive,exp01,spatial_placement,lure,shoppingcart,397,354,494,233,155.08062419270823
221,Passive,exp01,spatial_placement,target,skates,487,275,178,237,311.3278015211619
221,Passive,exp01,spatial_placement,target,soccerball,228,404,90,270,192.35384061671346
221,Passive,exp01,spatial_placement,lure,starfish,428,263,237,201,200.81085628023203
221,Passive,exp01,spatial_placement,target,straightener,480,287,459,233,57.9396237474839
221,Passive,exp01,spatial_placement,lure,tapemeasure,403,365,189,230,253.02371430362015
221,Passive,exp01,spatial_placement,lure,trumpet,385,298,133,232,260.4995201531089
221,Passive,exp01,spatial_placement,lure,wateringcan,237,200,207,235,46.09772228646444
222,Passive,exp01,spatial_placement,target,alarmclock,223,292,119,361,124.80785231707178
222,Passive,exp01,spatial_placement,target,applecore,373,312,392,350,42.485291572496
222,Passive,exp01,spatial_placement,target,binoculars,270,349,270,339,10.0
222,Passive,exp01,spatial_placement,lure,bowlingball,217,259,466,175,262.78698597913865
222,Passive,exp01,spatial_placement,target,broom,142,396,219,186,223.6716343213864
222,Passive,exp01,spatial_placement,target,cactus,166,276,167,189,87.00574693662483
222,Passive,exp01,spatial_placement,target,camcorder,272,334,272,363,29.0
222,Passive,exp01,spatial_placement,lure,doghouse,126,332,215,277,104.62313319720452
222,Passive,exp01,spatial_placement,target,donut,286,325,186,309,101.27191120937731
222,Passive,exp01,spatial_placement,target,feather,100,260,178,288,82.87339742040264
222,Passive,exp01,spatial_placement,target,fishbowl,270,240,129,290,149.60280746028798
222,Passive,exp01,spatial_placement,lure,frame,308,256,314,343,87.20665112249179
222,Passive,exp01,spatial_placement,target,gavel,397,367,318,328,88.10221336606703
222,Passive,exp01,spatial_placement,target,gramophone,285,231,436,237,151.11915828246265
222,Passive,exp01,spatial_placement,lure,hanger,246,335,164,360,85.72630868059116
222,Passive,exp01,spatial_placement,lure,iron,130,151,285,222,170.48753620133056
222,Passive,exp01,spatial_placement,target,jug,392,320,423,354,46.010868281309364
222,Passive,exp01,spatial_placement,lure,ladle,451,264,333,294,121.75385004179539
222,Passive,exp01,spatial_placement,target,laptop,431,385,175,219,305.1098162957069
222,Passive,exp01,spatial_placement,lure,pen,132,222,185,337,126.62543188475212
222,Passive,exp01,spatial_placement,target,piggybank,463,225,330,202,134.97407158413796
222,Passive,exp01,spatial_placement,target,pretzel,268,169,281,193,27.294688127912362
222,Passive,exp01,spatial_placement,target,purse,340,315,299,319,41.19465984809196
222,Passive,exp01,spatial_placement,lure,racquet,367,270,510,275,143.0873858870865
222,Passive,exp01,spatial_placement,target,remote,273,319,371,199,154.9322432549145
222,Passive,exp01,spatial_placement,target,rubikscube,255,202,450,267,205.54804791094466
222,Passive,exp01,spatial_placement,lure,seashell,253,278,201,358,95.4148835350125
222,Passive,exp01,spatial_placement,lure,shoppingcart,364,278,494,233,137.56816492197603
222,Passive,exp01,spatial_placement,target,skates,168,254,178,237,19.72308292331602
222,Passive,exp01,spatial_placement,target,soccerball,149,264,90,270,59.30430001273095
222,Passive,exp01,spatial_placement,lure,starfish,155,226,237,201,85.72630868059116
222,Passive,exp01,spatial_placement,target,straightener,87,370,459,233,396.42527669158534
222,Passive,exp01,spatial_placement,lure,tapemeasure,187,438,189,230,208.00961516237658
222,Passive,exp01,spatial_placement,lure,toiletpaper,232,340,422,366,191.7706964058899
222,Passive,exp01,spatial_placement,lure,trumpet,439,209,133,232,306.86316168611705
222,Passive,exp01,spatial_placement,lure,wateringcan,118,416,207,235,201.69779374103229
223,Passive,exp01,spatial_placement,target,alarmclock,170,235,119,361,135.9301291105103
223,Passive,exp01,spatial_placement,target,applecore,274,384,392,350,122.80065146407001
223,Passive,exp01,spatial_placement,lure,bikepump,334,282,439,350,125.0959631642844
223,Passive,exp01,spatial_placement,lure,blender,249,204,333,170,90.62008607367353
223,Passive,exp01,spatial_placement,lure,bowlingball,444,149,466,175,34.058772731852805
223,Passive,exp01,spatial_placement,target,cactus,298,180,167,189,131.30879635424276
223,Passive,exp01,spatial_placement,lure,doghouse,248,341,215,277,72.00694410957877
223,Passive,exp01,spatial_placement,target,donut,269,422,186,309,140.2069898400219
223,Passive,exp01,spatial_placement,target,feather,112,252,178,288,75.17978451685
223,Passive,exp01,spatial_placement,target,fishbowl,342,208,129,290,228.23890991677996
223,Passive,exp01,spatial_placement,lure,frame,281,114,314,343,231.36551169091732
223,Passive,exp01,spatial_placement,target,gavel,422,186,318,328,176.0113632695344
223,Passive,exp01,spatial_placement,target,gramophone,425,299,436,237,62.96824596572466
223,Passive,exp01,spatial_placement,lure,gumballmachine,383,189,500,190,117.00427342623003
223,Passive,exp01,spatial_placement,lure,hairclip,350,188,390,170,43.86342439892262
223,Passive,exp01,spatial_placement,lure,hanger,323,202,164,360,224.1539649437413
223,Passive,exp01,spatial_placement,lure,iron,160,262,285,222,131.24404748406687
223,Passive,exp01,spatial_placement,lure,ladle,87,459,333,294,296.2110733919311
223,Passive,exp01,spatial_placement,lure,landline,188,367,145,410,60.81118318204309
223,Passive,exp01,spatial_placement,target,microscope,440,155,489,358,208.83007446246816
223,Passive,exp01,spatial_placement,lure,milkshake,362,431,210,220,260.0480724789169
223,Passive,exp01,spatial_placement,lure,mortarpestle,311,149,280,367,220.19309707617992
223,Passive,exp01,spatial_placement,target,paperairplane,421,261,385,345,91.3892772703669
223,Passive,exp01,spatial_placement,lure,pear,284,451,145,369,161.38463371709216
223,Passive,exp01,spatial_placement,target,piggybank,232,145,330,202,113.37107214805724
223,Passive,exp01,spatial_placement,target,pretzel,258,332,281,193,140.8900280360537
223,Passive,exp01,spatial_placement,target,purse,244,314,299,319,55.226805085936306
223,Passive,exp01,spatial_placement,lure,racquet,154,141,510,275,380.38401648860065
223,Passive,exp01,spatial_placement,target,rubikscube,370,193,450,267,108.97706180660222
223,Passive,exp01,spatial_placement,lure,seashell,226,214,201,358,146.15402833996743
223,Passive,exp01,spatial_placement,lure,shoppingcart,373,196,494,233,126.53062870309307
223,Passive,exp01,spatial_placement,target,skates,452,156,178,237,285.72189275587544
223,Passive,exp01,spatial_placement,target,soccerball,433,147,90,270,364.3871567440323
223,Passive,exp01,spatial_placement,lure,starfish,432,244,237,201,199.68475154603067
223,Passive,exp01,spatial_placement,target,straightener,309,208,459,233,152.0690632574555
223,Passive,exp01,spatial_placement,lure,tapemeasure,406,387,189,230,267.83950418114205
223,Passive,exp01,spatial_placement,lure,walkietalkie,354,301,393,246,67.42403132415029
223,Passive,exp01,spatial_placement,lure,wateringcan,181,136,207,235,102.35721762533407
226,Passive,exp01,spatial_placement,target,alarmclock,445,141,119,361,393.28869803237416
226,Passive,exp01,spatial_placement,target,applecore,405,342,392,350,15.264337522473747
226,Passive,exp01,spatial_placement,lure,bikepump,313,265,439,350,151.99013125857877
226,Passive,exp01,spatial_placement,target,binoculars,169,368,270,339,105.08092119885512
226,Passive,exp01,spatial_placement,lure,blender,416,229,333,170,101.83319694480774
226,Passive,exp01,spatial_placement,lure,bowlingball,454,181,466,175,13.416407864998739
226,Passive,exp01,spatial_placement,target,broom,243,327,219,186,143.02796929272262
226,Passive,exp01,spatial_placement,target,cactus,87,185,167,189,80.09993757800315
226,Passive,exp01,spatial_placement,target,camcorder,278,339,272,363,24.73863375370596
226,Passive,exp01,spatial_placement,target,donut,145,323,186,309,43.32435804486894
226,Passive,exp01,spatial_placement,target,fishbowl,114,336,129,290,48.38388161361178
226,Passive,exp01,spatial_placement,lure,frame,268,325,314,343,49.39635614091387
226,Passive,exp01,spatial_placement,target,gavel,112,378,318,328,211.98113123577767
226,Passive,exp01,spatial_placement,target,gramophone,225,218,436,237,211.85372312045877
226,Passive,exp01,spatial_placement,lure,gumballmachine,425,116,500,190,105.3612832116238
226,Passive,exp01,spatial_placement,lure,hairclip,374,168,390,170,16.1245154965971
226,Passive,exp01,spatial_placement,lure,hanger,246,212,164,360,169.19810873647495
226,Passive,exp01,spatial_placement,lure,iron,410,207,285,222,125.89678312014172
226,Passive,exp01,spatial_placement,target,jug,282,339,423,354,141.7956275771577
226,Passive,exp01,spatial_placement,lure,ladle,254,233,333,294,99.80981915623332
226,Passive,exp01,spatial_placement,lure,landline,174,326,145,410,88.86506625215557
226,Passive,exp01,spatial_placement,target,laptop,122,172,175,219,70.83784299369935
226,Passive,exp01,spatial_placement,target,mailbox,422,219,477,199,58.52349955359813
226,Passive,exp01,spatial_placement,target,microscope,272,179,489,358,281.30055101261354
226,Passive,exp01,spatial_placement,lure,milkshake,407,179,210,220,201.2212712413874
226,Passive,exp01,spatial_placement,lure,mortarpestle,275,366,280,367,5.0990195135927845
226,Passive,exp01,spatial_placement,target,paperairplane,149,348,385,345,236.01906702637396
226,Passive,exp01,spatial_placement,lure,pear,256,209,145,369,194.7331507473753
226,Passive,exp01,spatial_placement,target,piggybank,256,316,330,202,135.91173606425605
226,Passive,exp01,spatial_placement,target,pretzel,290,305,281,193,112.36102527122117
226,Passive,exp01,spatial_placement,target,purse,216,319,299,319,83.0
226,Passive,exp01,spatial_placement,target,remote,271,354,371,199,184.45866745696716
226,Passive,exp01,spatial_placement,target,rubikscube,431,292,450,267,31.400636936215164
226,Passive,exp01,spatial_placement,lure,seashell,304,314,201,358,112.0044641967453
226,Passive,exp01,spatial_placement,lure,shoppingcart,239,354,494,233,282.25166075685013
226,Passive,exp01,spatial_placement,target,skates,414,329,178,237,253.29824318380102
226,Passive,exp01,spatial_placement,target,soccerball,95,199,90,270,71.17583859709698
226,Passive,exp01,spatial_placement,lure,starfish,263,340,237,201,141.41074923781431
226,Passive,exp01,spatial_placement,target,straightener,444,166,459,233,68.65857557508748
226,Passive,exp01,spatial_placement,lure,tapemeasure,164,326,189,230,99.20181449953424
226,Passive,exp01,spatial_placement,lure,toiletpaper,281,364,422,366,141.01418368376991
226,Passive,exp01,spatial_placement,lure,walkietalkie,110,332,393,246,295.7786334406189
226,Passive,exp01,spatial_placement,lure,wateringcan,74,354,207,235,178.46568297574746
227,Passive,exp01,spatial_placement,target,alarmclock,148,312,119,361,56.938563381947034
227,Passive,exp01,spatial_placement,target,applecore,419,342,392,350,28.160255680657446
227,Passive,exp01,spatial_placement,lure,bikepump,369,285,439,350,95.524865872714
227,Passive,exp01,spatial_placement,target,binoculars,269,339,270,339,1.0
227,Passive,exp01,spatial_placement,lure,bowlingball,430,179,466,175,36.22154055254967
227,Passive,exp01,spatial_placement,target,broom,257,392,219,186,209.4755355644186
227,Passive,exp01,spatial_placement,target,cactus,144,149,167,189,46.14108798023731
227,Passive,exp01,spatial_placement,target,camcorder,242,337,272,363,39.698866482558415
227,Passive,exp01,spatial_placement,target,dogbowl,142,138,246,210,126.49110640673517
227,Passive,exp01,spatial_placement,lure,doghouse,223,266,215,277,13.601470508735444
227,Passive,exp01,spatial_placement,target,donut,163,303,186,309,23.769728648009426
227,Passive,exp01,spatial_placement,target,feather,166,313,178,288,27.730849247724095
227,Passive,exp01,spatial_placement,target,fishbowl,128,212,129,290,78.00640999302557
227,Passive,exp01,spatial_placement,lure,frame,252,307,314,343,71.69379331573968
227,Passive,exp01,spatial_placement,target,gavel,345,385,318,328,63.071388124885914
227,Passive,exp01,spatial_placement,target,gramophone,429,220,436,237,18.384776310850235
227,Passive,exp01,spatial_placement,lure,gumballmachine,397,145,500,190,112.40106761058811
227,Passive,exp01,spatial_placement,lure,hairclip,439,334,390,170,171.1636643683466
227,Passive,exp01,spatial_placement,lure,hanger,181,301,164,360,61.40032573203501
227,Passive,exp01,spatial_placement,lure,iron,210,170,285,222,91.2633551870629
227,Passive,exp01,spatial_placement,target,jug,87,284,423,354,343.21421881967535
227,Passive,exp01,spatial_placement,lure,ladle,158,137,333,294,235.10423220350586
227,Passive,exp01,spatial_placement,lure,landline,141,423,145,410,13.601470508735444
227,Passive,exp01,spatial_placement,target,laptop,177,209,175,219,10.198039027185569
227,Passive,exp01,spatial_placement,target,mailbox,433,175,477,199,50.11985634456667
227,Passive,exp01,spatial_placement,target,microscope,463,317,489,358,48.54894437575342
227,Passive,exp01,spatial_placement,lure,milkshake,235,177,210,220,49.73932046178355
227,Passive,exp01,spatial_placement,lure,mortarpestle,265,327,280,367,42.720018726587654
227,Passive,exp01,spatial_placement,target,paperairplane,357,311,385,345,44.04543109109048
227,Passive,exp01,spatial_placement,lure,pear,379,332,145,369,236.90715480964266
227,Passive,exp01,spatial_placement,lure,pen,175,290,185,337,48.05205510693585
227,Passive,exp01,spatial_placement,target,piggybank,413,231,330,202,87.92041856133307
227,Passive,exp01,spatial_placement,target,pretzel,379,176,281,193,99.46356116689167
227,Passive,exp01,spatial_placement,target,purse,291,293,299,319,27.202941017470888
227,Passive,exp01,spatial_placement,lure,racquet,324,115,510,275,245.34873140083687
227,Passive,exp01,spatial_placement,target,remote,279,125,371,199,118.06777714516353
227,Passive,exp01,spatial_placement,target,rubikscube,411,180,450,267,95.34149149242423
227,Passive,exp01,spatial_placement,lure,seashell,266,357,201,358,65.00769185258002
227,Passive,exp01,spatial_placement,lure,shoppingcart,272,137,494,233,241.8677324489565
227,Passive,exp01,spatial_placement,target,skates,165,197,178,237,42.05948168962618
227,Passive,exp01,spatial_placement,target,soccerball,123,220,90,270,59.90826320300064
227,Passive,exp01,spatial_placement,lure,starfish,227,93,237,201,108.46197490364999
227,Passive,exp01,spatial_placement,lure,tapemeasure,391,282,189,230,208.58571379651102
227,Passive,exp01,spatial_placement,lure,toiletpaper,338,347,422,366,86.12200647918046
227,Passive,exp01,spatial_placement,lure,trumpet,129,220,133,232,12.649110640673518
227,Passive,exp01,spatial_placement,lure,walkietalkie,362,229,393,246,35.35533905932738
227,Passive,exp01,spatial_placement,lure,wateringcan,175,170,207,235,72.44998274671983
137,Active,exp01,spatial_placement,target,applecore,429,343,392,350,37.656340767525464
137,Active,exp01,spatial_placement,lure,bikepump,270,321,439,350,171.47011401407536
137,Active,exp01,spatial_placement,target,binoculars,250,351,270,339,23.323807579381203
137,Active,exp01,spatial_placement,target,broom,146,289,219,186,126.24579200908045
137,Active,exp01,spatial_placement,target,cactus,259,307,167,189,149.6262009141447
137,Active,exp01,spatial_placement,target,camcorder,285,349,272,363,19.1049731745428
137,Active,exp01,spatial_placement,lure,cereal,355,356,348,349,9.899494936611665
137,Active,exp01,spatial_placement,target,dogbowl,507,291,246,210,273.28007611240156
137,Active,exp01,spatial_placement,target,donut,165,338,186,309,35.805027579936315
137,Active,exp01,spatial_placement,target,fishbowl,204,268,129,290,78.16009211867653
137,Active,exp01,spatial_placement,lure,frame,274,190,314,343,158.14234094637652
137,Active,exp01,spatial_placement,target,gavel,419,223,318,328,145.69145479402695
137,Active,exp01,spatial_placement,target,gramophone,213,325,436,237,239.7352706632881
137,Active,exp01,spatial_placement,lure,gumballmachine,361,150,500,190,144.64093473149293
137,Active,exp01,spatial_placement,lure,hanger,177,253,164,360,107.78682665335315
137,Active,exp01,spatial_placement,lure,iron,322,380,285,222,162.27445886522005
137,Active,exp01,spatial_placement,lure,ladle,196,349,333,294,147.6279106402309
137,Active,exp01,spatial_placement,target,laptop,423,164,175,219,254.02558926218438
137,Active,exp01,spatial_placement,target,mailbox,482,169,477,199,30.4138126514911
137,Active,exp01,spatial_placement,target,microscope,486,352,489,358,6.708203932499369
137,Active,exp01,spatial_placement,lure,milkshake,186,383,210,220,164.7573974060042
137,Active,exp01,spatial_placement,lure,mortarpestle,439,401,280,367,162.5945878558078
137,Active,exp01,spatial_placement,target,paperairplane,364,315,385,345,36.61966684720111
137,Active,exp01,spatial_placement,lure,pear,456,386,145,369,311.46428366668306
137,Active,exp01,spatial_placement,target,piggybank,328,283,330,202,81.02468759581859
137,Active,exp01,spatial_placement,target,pretzel,260,215,281,193,30.4138126514911
137,Active,exp01,spatial_placement,target,purse,271,372,299,319,59.941638282582836
137,Active,exp01,spatial_placement,lure,racquet,491,282,510,275,20.248456731316587
137,Active,exp01,spatial_placement,target,remote,163,242,371,199,212.3982109152523
137,Active,exp01,spatial_placement,target,rubikscube,331,330,450,267,134.6476884316994
137,Active,exp01,spatial_placement,lure,seashell,152,382,201,358,54.56189146281496
137,Active,exp01,spatial_placement,lure,shoppingcart,179,269,494,233,317.05046916855366
137,Active,exp01,spatial_placement,lure,starfish,330,300,237,201,135.83077707206124
137,Active,exp01,spatial_placement,target,straightener,223,275,459,233,239.70815588961506
137,Active,exp01,spatial_placement,lure,tapemeasure,262,350,189,230,140.45995870709916
137,Active,exp01,spatial_placement,lure,toiletpaper,460,210,422,366,160.5615146914104
137,Active,exp01,spatial_placement,lure,trumpet,434,206,133,232,302.1208367524491
138,Active,exp01,spatial_placement,target,applecore,442,354,392,350,50.15974481593781
138,Active,exp01,spatial_placement,target,binoculars,288,208,270,339,132.23085872821065
138,Active,exp01,spatial_placement,target,cactus,281,253,167,189,130.73637596323374
138,Active,exp01,spatial_placement,target,camcorder,437,289,272,363,180.83417818543043
138,Active,exp01,spatial_placement,target,dogbowl,119,308,246,210,160.41508657230466
138,Active,exp01,spatial_placement,lure,doghouse,257,233,215,277,60.8276253029822
138,Active,exp01,spatial_placement,target,donut,159,222,186,309,91.09335870413386
138,Active,exp01,spatial_placement,target,feather,312,250,178,288,139.2838827718412
138,Active,exp01,spatial_placement,target,fishbowl,197,185,129,290,125.0959631642844
138,Active,exp01,spatial_placement,lure,frame,293,373,314,343,36.61966684720111
138,Active,exp01,spatial_placement,target,gramophone,316,289,436,237,130.78226179417453
138,Active,exp01,spatial_placement,lure,hairclip,434,261,390,170,101.07917688624102
138,Active,exp01,spatial_placement,lure,iron,424,191,285,222,142.414886862294
138,Active,exp01,spatial_placement,target,mailbox,352,196,477,199,125.03599481749245
138,Active,exp01,spatial_placement,target,microscope,455,271,489,358,93.40770846134703
138,Active,exp01,spatial_placement,lure,mortarpestle,259,331,280,367,41.677331968349414
138,Active,exp01,spatial_placement,target,paperairplane,295,232,385,345,144.46106741956464
138,Active,exp01,spatial_placement,lure,pear,328,193,145,369,253.899586451022
138,Active,exp01,spatial_placement,lure,pen,308,200,185,337,184.1140950606444
138,Active,exp01,spatial_placement,target,piggybank,431,236,330,202,106.56922632730333
138,Active,exp01,spatial_placement,target,pretzel,227,260,281,193,86.05230967266364
138,Active,exp01,spatial_placement,target,purse,191,204,299,319,157.76247969653622
138,Active,exp01,spatial_placement,lure,racquet,328,203,510,275,195.72429588581997
138,Active,exp01,spatial_placement,target,rubikscube,247,221,450,267,208.1465829649865
138,Active,exp01,spatial_placement,lure,shoppingcart,285,198,494,233,211.91035840656775
138,Active,exp01,spatial_placement,target,skates,143,172,178,237,73.824115301167
138,Active,exp01,spatial_placement,lure,starfish,170,171,237,201,73.40980860893181
138,Active,exp01,spatial_placement,target,straightener,247,242,459,233,212.19095173922943
138,Active,exp01,spatial_placement,lure,walkietalkie,284,343,393,246,145.91093173576817
138,Active,exp01,spatial_placement,lure,wateringcan,361,195,207,235,159.11002482559041
139,Active,exp01,spatial_placement,target,alarmclock,335,94,119,361,343.4312158205774
139,Active,exp01,spatial_placement,target,applecore,143,154,392,350,316.8864149817723
139,Active,exp01,spatial_placement,lure,bikepump,326,152,439,350,227.9758759167294
139,Active,exp01,spatial_placement,lure,blender,268,87,333,170,105.4229576515476
139,Active,exp01,spatial_placement,lure,bowlingball,162,326,466,175,339.43629741086914
139,Active,exp01,spatial_placement,target,broom,81,377,219,186,235.63743335896356
139,Active,exp01,spatial_placement,target,cactus,292,310,167,189,173.97126199461795
139,Active,exp01,spatial_placement,target,camcorder,249,239,272,363,126.11502686040232
139,Active,exp01,spatial_placement,target,dogbowl,289,216,246,210,43.41658669218482
139,Active,exp01,spatial_placement,lure,doghouse,158,262,215,277,58.9406481131655
139,Active,exp01,spatial_placement,target,donut,52,258,186,309,143.37712509323097
139,Active,exp01,spatial_placement,target,fishbowl,330,193,129,290,223.1815404552984
139,Active,exp01,spatial_placement,target,gramophone,130,121,436,237,327.2491405641885
139,Active,exp01,spatial_placement,lure,gumballmachine,446,341,500,190,160.3652081967906
139,Active,exp01,spatial_placement,lure,hairclip,251,112,390,170,150.6154042586614
139,Active,exp01,spatial_placement,lure,hanger,95,166,164,360,205.90531804691204
139,Active,exp01,spatial_placement,lure,iron,127,383,285,222,225.5770378385176
139,Active,exp01,spatial_placement,target,jug,229,232,423,354,229.17242417009948
139,Active,exp01,spatial_placement,lure,ladle,152,272,333,294,182.33211456021672
139,Active,exp01,spatial_placement,lure,landline,86,372,145,410,70.178344238091
139,Active,exp01,spatial_placement,target,laptop,107,360,175,219,156.54072952429985
139,Active,exp01,spatial_placement,target,mailbox,450,167,477,199,41.86884283091664
139,Active,exp01,spatial_placement,target,microscope,468,360,489,358,21.095023109728988
139,Active,exp01,spatial_placement,lure,milkshake,141,304,210,220,108.70602559196064
139,Active,exp01,spatial_placement,lure,mortarpestle,334,216,280,367,160.3652081967906
139,Active,exp01,spatial_placement,target,paperairplane,122,407,385,345,270.2091782304961
139,Active,exp01,spatial_placement,lure,pear,137,203,145,369,166.19265928433782
139,Active,exp01,spatial_placement,lure,pen,267,85,185,337,265.0056603169072
139,Active,exp01,spatial_placement,target,piggybank,309,446,330,202,244.90202122481554
139,Active,exp01,spatial_placement,target,pretzel,117,279,281,193,185.18099254513137
139,Active,exp01,spatial_placement,target,purse,227,321,299,319,72.02777242147643
139,Active,exp01,spatial_placement,lure,racquet,135,374,510,275,387.8479083352133
139,Active,exp01,spatial_placement,target,remote,333,151,371,199,61.220911460055866
139,Active,exp01,spatial_placement,target,rubikscube,290,109,450,267,224.86440358580546
139,Active,exp01,spatial_placement,lure,seashell,225,340,201,358,30.0
139,Active,exp01,spatial_placement,lure,shoppingcart,442,78,494,233,163.4900608599801
139,Active,exp01,spatial_placement,target,skates,125,356,178,237,130.26895255585654
139,Active,exp01,spatial_placement,lure,starfish,239,119,237,201,82.02438661763951
139,Active,exp01,spatial_placement,target,straightener,416,231,459,233,43.04648650006177
139,Active,exp01,spatial_placement,lure,tapemeasure,137,206,189,230,57.271284253105414
139,Active,exp01,spatial_placement,lure,toiletpaper,485,169,422,366,206.82843131445927
139,Active,exp01,spatial_placement,lure,trumpet,258,90,133,232,189.17980864775183
139,Active,exp01,spatial_placement,lure,wateringcan,394,393,207,235,244.8121728999602
140,Active,exp01,spatial_placement,target,alarmclock,318,315,119,361,204.2473990042468
140,Active,exp01,spatial_placement,target,applecore,399,372,392,350,23.08679276123039
140,Active,exp01,spatial_placement,lure,bikepump,229,169,439,350,277.2381647609146
140,Active,exp01,spatial_placement,lure,bowlingball,208,137,466,175,260.78343505675355
140,Active,exp01,spatial_placement,target,broom,159,167,219,186,62.93647591023825
140,Active,exp01,spatial_placement,target,cactus,76,175,167,189,92.07062506576133
140,Active,exp01,spatial_placement,lure,cereal,385,136,348,349,216.18973148602595
140,Active,exp01,spatial_placement,target,dogbowl,124,206,246,210,122.06555615733703
140,Active,exp01,spatial_placement,lure,doghouse,423,211,215,277,218.22007240398395
140,Active,exp01,spatial_placement,target,donut,94,135,186,309,196.82479518597245
140,Active,exp01,spatial_placement,target,feather,141,309,178,288,42.5440947723653
140,Active,exp01,spatial_placement,target,fishbowl,247,100,129,290,223.6604569431083
140,Active,exp01,spatial_placement,lure,frame,425,338,314,343,111.11255554616679
140,Active,exp01,spatial_placement,target,gavel,268,175,318,328,160.96272860510285
140,Active,exp01,spatial_placement,target,gramophone,175,332,436,237,277.7516876636396
140,Active,exp01,spatial_placement,lure,hairclip,221,164,390,170,169.10647533432893
140,Active,exp01,spatial_placement,lure,hanger,301,287,164,360,155.23530526268823
140,Active,exp01,spatial_placement,lure,iron,394,125,285,222,145.91093173576817
140,Active,exp01,spatial_placement,target,jug,406,292,423,354,64.28841264178172
140,Active,exp01,spatial_placement,lure,ladle,148,323,333,294,187.2591786802452
140,Active,exp01,spatial_placement,lure,landline,222,158,145,410,263.50142314606194
140,Active,exp01,spatial_placement,target,mailbox,112,238,477,199,367.07764846146654
140,Active,exp01,spatial_placement,target,microscope,163,145,489,358,389.41622975936684
140,Active,exp01,spatial_placement,lure,milkshake,315,205,210,220,106.06601717798213
140,Active,exp01,spatial_placement,lure,mortarpestle,203,366,280,367,77.00649323271382
140,Active,exp01,spatial_placement,target,paperairplane,166,134,385,345,304.108533257454
140,Active,exp01,spatial_placement,lure,pear,235,199,145,369,192.35384061671346
140,Active,exp01,spatial_placement,lure,pen,109,94,185,337,254.6075411294803
140,Active,exp01,spatial_placement,target,piggybank,356,137,330,202,70.00714249274856
140,Active,exp01,spatial_placement,target,pretzel,444,164,281,193,165.55965692160635
140,Active,exp01,spatial_placement,target,purse,143,319,299,319,156.0
140,Active,exp01,spatial_placement,lure,racquet,454,323,510,275,73.7563556583431
140,Active,exp01,spatial_placement,target,remote,206,119,371,199,183.3712082089225
140,Active,exp01,spatial_placement,target,rubikscube,343,316,450,267,117.6860229593982
140,Active,exp01,spatial_placement,lure,seashell,115,223,201,358,160.0656115472652
140,Active,exp01,spatial_placement,target,skates,176,86,178,237,151.0132444522665
140,Active,exp01,spatial_placement,target,soccerball,375,367,90,270,301.0548122850721
140,Active,exp01,spatial_placement,lure,starfish,309,107,237,201,118.40608092492548
140,Active,exp01,spatial_placement,target,straightener,440,139,459,233,95.90099061010788
140,Active,exp01,spatial_placement,lure,tapemeasure,183,357,189,230,127.1416532848303
140,Active,exp01,spatial_placement,lure,toiletpaper,159,397,422,366,264.82069405543064
140,Active,exp01,spatial_placement,lure,trumpet,297,261,133,232,166.54428840401582
140,Active,exp01,spatial_placement,lure,walkietalkie,393,125,393,246,121.0
140,Active,exp01,spatial_placement,lure,wateringcan,47,152,207,235,180.24705268048075
134,Active,exp01,spatial_placement,target,applecore,142,322,392,350,251.56311335328954
134,Active,exp01,spatial_placement,lure,bikepump,442,125,439,350,225.01999911119012
134,Active,exp01,spatial_placement,target,binoculars,207,323,270,339,65.0
134,Active,exp01,spatial_placement,lure,blender,406,258,333,170,114.33722053644648
134,Active,exp01,spatial_placement,lure,bowlingball,447,130,466,175,48.84669896727925
134,Active,exp01,spatial_placement,target,broom,427,200,219,186,208.47062143141417
134,Active,exp01,spatial_placement,target,camcorder,356,375,272,363,84.8528137423857
134,Active,exp01,spatial_placement,lure,cereal,412,354,348,349,64.19501538281614
134,Active,exp01,spatial_placement,target,dogbowl,236,127,246,210,83.60023923410746
134,Active,exp01,spatial_placement,lure,doghouse,250,361,215,277,91.0
134,Active,exp01,spatial_placement,target,donut,130,200,186,309,122.54386969571347
134,Active,exp01,spatial_placement,target,feather,376,375,178,288,216.2706637526227
134,Active,exp01,spatial_placement,target,fishbowl,300,327,129,290,174.95713760804387
134,Active,exp01,spatial_placement,lure,frame,393,337,314,343,79.22752047110903
134,Active,exp01,spatial_placement,target,gavel,353,392,318,328,72.94518489934754
134,Active,exp01,spatial_placement,target,gramophone,480,211,436,237,51.10772935672255
134,Active,exp01,spatial_placement,lure,gumballmachine,350,70,500,190,192.09372712298546
134,Active,exp01,spatial_placement,lure,hairclip,431,134,390,170,54.56189146281496
134,Active,exp01,spatial_placement,lure,hanger,360,217,164,360,242.62110378118388
134,Active,exp01,spatial_placement,lure,iron,85,354,285,222,239.63305281200255
134,Active,exp01,spatial_placement,target,jug,456,280,423,354,81.02468759581859
134,Active,exp01,spatial_placement,lure,ladle,472,210,333,294,162.40997506310995
134,Active,exp01,spatial_placement,lure,landline,468,187,145,410,392.50222929303214
134,Active,exp01,spatial_placement,target,laptop,269,340,175,219,153.22206107476822
134,Active,exp01,spatial_placement,target,mailbox,78,295,477,199,410.3864032835396
134,Active,exp01,spatial_placement,target,microscope,493,199,489,358,159.05030650709227
134,Active,exp01,spatial_placement,lure,milkshake,159,112,210,220,119.4361754243663
134,Active,exp01,spatial_placement,lure,mortarpestle,342,380,280,367,63.34824385884742
134,Active,exp01,spatial_placement,target,paperairplane,387,380,385,345,35.05709628591621
134,Active,exp01,spatial_placement,lure,pear,107,253,145,369,122.06555615733703
134,Active,exp01,spatial_placement,lure,pen,329,345,185,337,144.22205101855957
134,Active,exp01,spatial_placement,target,piggybank,306,92,330,202,112.58774356030055
134,Active,exp01,spatial_placement,target,pretzel,85,258,281,193,206.49697334343668
134,Active,exp01,spatial_placement,target,purse,445,340,299,319,147.50254235097103
134,Active,exp01,spatial_placement,target,remote,62,312,371,199,329.013677527242
134,Active,exp01,spatial_placement,target,rubikscube,84,261,450,267,366.04917702407147
134,Active,exp01,spatial_placement,lure,seashell,203,191,201,358,167.01197561851666
134,Active,exp01,spatial_placement,lure,shoppingcart,401,166,494,233,114.62111498323509
134,Active,exp01,spatial_placement,target,skates,278,406,178,237,196.3695495742657
134,Active,exp01,spatial_placement,target,soccerball,424,230,90,270,336.38668225719044
134,Active,exp01,spatial_placement,lure,starfish,346,142,237,201,123.94353553130554
134,Active,exp01,spatial_placement,target,straightener,465,273,459,233,40.44749683231337
134,Active,exp01,spatial_placement,lure,tapemeasure,69,360,189,230,176.91806012954132
134,Active,exp01,spatial_placement,lure,toiletpaper,460,282,422,366,92.19544457292888
134,Active,exp01,spatial_placement,lure,trumpet,89,270,133,232,58.137767414994535
134,Active,exp01,spatial_placement,lure,walkietalkie,395,117,393,246,129.0155029444136
135,Active,exp01,spatial_placement,target,alarmclock,146,203,119,361,160.29036153181514
135,Active,exp01,spatial_placement,target,applecore,268,337,392,350,124.67958934805648
135,Active,exp01,spatial_placement,lure,bikepump,93,410,439,350,351.1637794534055
135,Active,exp01,spatial_placement,target,binoculars,445,242,270,339,200.08498194517247
135,Active,exp01,spatial_placement,lure,blender,478,382,333,170,256.8443108188305
135,Active,exp01,spatial_placement,lure,bowlingball,432,241,466,175,74.24284477308234
135,Active,exp01,spatial_placement,target,broom,313,187,219,186,94.00531899844816
135,Active,exp01,spatial_placement,target,cactus,150,430,167,189,241.59884105682295
135,Active,exp01,spatial_placement,target,camcorder,122,304,272,363,161.1862276995153
135,Active,exp01,spatial_placement,lure,cereal,169,348,348,349,179.00279327429502
135,Active,exp01,spatial_placement,target,dogbowl,350,222,246,210,104.6900186264192
135,Active,exp01,spatial_placement,lure,doghouse,409,298,215,277,195.13328778042973
135,Active,exp01,spatial_placement,target,donut,125,240,186,309,92.09777413162601
135,Active,exp01,spatial_placement,target,feather,142,206,178,288,89.55445270895244
135,Active,exp01,spatial_placement,target,fishbowl,182,386,129,290,109.65856099730654
135,Active,exp01,spatial_placement,lure,frame,354,279,314,343,75.47184905645283
135,Active,exp01,spatial_placement,target,gavel,129,171,318,328,245.70307283385773
135,Active,exp01,spatial_placement,target,gramophone,470,161,436,237,83.2586331859946
135,Active,exp01,spatial_placement,lure,gumballmachine,500,95,500,190,95.0
135,Active,exp01,spatial_placement,lure,iron,312,251,285,222,39.6232255123179
135,Active,exp01,spatial_placement,target,jug,445,314,423,354,45.65084884205331
135,Active,exp01,spatial_placement,lure,ladle,270,184,333,294,126.763559432512
135,Active,exp01,spatial_placement,lure,landline,317,171,145,410,294.45712760943655
135,Active,exp01,spatial_placement,target,laptop,182,227,175,219,10.63014581273465
135,Active,exp01,spatial_placement,target,mailbox,95,179,477,199,382.5232019106815
135,Active,exp01,spatial_placement,target,microscope,84,348,489,358,405.123437979093
135,Active,exp01,spatial_placement,lure,milkshake,418,311,210,220,227.03523955544875
135,Active,exp01,spatial_placement,lure,mortarpestle,256,166,280,367,202.42776489404807
135,Active,exp01,spatial_placement,lure,pen,226,270,185,337,78.54934754662193
135,Active,exp01,spatial_placement,target,piggybank,220,211,330,202,110.3675676999362
135,Active,exp01,spatial_placement,target,pretzel,452,263,281,193,184.77283350103176
135,Active,exp01,spatial_placement,target,purse,478,323,299,319,179.0446871593793
135,Active,exp01,spatial_placement,lure,racquet,117,340,510,275,398.33905156286147
135,Active,exp01,spatial_placement,target,remote,343,137,371,199,68.0294054067798
135,Active,exp01,spatial_placement,target,rubikscube,255,330,450,267,204.9243762952568
135,Active,exp01,spatial_placement,lure,seashell,9,151,201,358,282.3349075123372
135,Active,exp01,spatial_placement,lure,shoppingcart,251,394,494,233,291.49614062625255
135,Active,exp01,spatial_placement,target,skates,374,205,178,237,198.59506539690256
135,Active,exp01,spatial_placement,target,soccerball,142,192,90,270,93.74433316206373
135,Active,exp01,spatial_placement,lure,starfish,59,223,237,201,179.35439777156287
135,Active,exp01,spatial_placement,target,straightener,319,354,459,233,185.04323819042943
135,Active,exp01,spatial_placement,lure,tapemeasure,193,245,189,230,15.524174696260024
135,Active,exp01,spatial_placement,lure,toiletpaper,234,327,422,366,192.00260414900626
135,Active,exp01,spatial_placement,lure,trumpet,115,96,133,232,137.18600511714013
135,Active,exp01,spatial_placement,lure,walkietalkie,369,193,393,246,58.180752831155424
135,Active,exp01,spatial_placement,lure,wateringcan,400,313,207,235,208.16579930430456
136,Active,exp01,spatial_placement,target,alarmclock,81,263,119,361,105.1094667477673
136,Active,exp01,spatial_placement,target,applecore,412,350,392,350,20.0
136,Active,exp01,spatial_placement,lure,bikepump,71,364,439,350,368.26620806150544
136,Active,exp01,spatial_placement,target,binoculars,151,124,270,339,245.7356303021603
136,Active,exp01,spatial_placement,lure,blender,102,350,333,170,292.8497908484826
136,Active,exp01,spatial_placement,lure,bowlingball,159,80,466,175,321.3627234139019
136,Active,exp01,spatial_placement,target,broom,354,370,219,186,228.2126201593593
136,Active,exp01,spatial_placement,target,cactus,122,212,167,189,50.53711507397311
136,Active,exp01,spatial_placement,target,camcorder,193,179,272,363,200.24235316236172
136,Active,exp01,spatial_placement,lure,cereal,359,226,348,349,123.4908903522847
136,Active,exp01,spatial_placement,target,dogbowl,104,132,246,210,162.01234520862909
136,Active,exp01,spatial_placement,lure,doghouse,145,146,215,277,148.52945835759317
136,Active,exp01,spatial_placement,target,donut,136,196,186,309,123.5677951571525
136,Active,exp01,spatial_placement,target,feather,410,162,178,288,264.0075756488817
136,Active,exp01,spatial_placement,target,fishbowl,119,154,129,290,136.36715146984628
136,Active,exp01,spatial_placement,lure,frame,184,328,314,343,130.86252328302402
136,Active,exp01,spatial_placement,target,gavel,384,254,318,328,99.15644204992432
136,Active,exp01,spatial_placement,target,gramophone,350,92,436,237,168.5852899869974
136,Active,exp01,spatial_placement,lure,gumballmachine,213,91,500,190,303.5951251255527
136,Active,exp01,spatial_placement,lure,hairclip,161,175,390,170,229.05457864884517
136,Active,exp01,spatial_placement,lure,hanger,397,319,164,360,236.57979626333267
136,Active,exp01,spatial_placement,lure,iron,370,194,285,222,89.49301648732151
136,Active,exp01,spatial_placement,target,jug,401,134,423,354,221.09726366465958
136,Active,exp01,spatial_placement,lure,ladle,458,315,333,294,126.75172582651489
136,Active,exp01,spatial_placement,lure,landline,124,313,145,410,99.24716620639605
136,Active,exp01,spatial_placement,target,laptop,362,189,175,219,189.39112967612817
136,Active,exp01,spatial_placement,target,mailbox,401,203,477,199,76.10519036176179
136,Active,exp01,spatial_placement,target,microscope,371,143,489,358,245.25293066546627
136,Active,exp01,spatial_placement,lure,milkshake,84,205,210,220,126.8897158953396
136,Active,exp01,spatial_placement,lure,mortarpestle,403,202,280,367,205.80087463370995
136,Active,exp01,spatial_placement,target,paperairplane,67,235,385,345,336.48774123287166
136,Active,exp01,spatial_placement,lure,pear,100,319,145,369,67.26812023536856
136,Active,exp01,spatial_placement,target,piggybank,195,330,330,202,186.03494295427404
136,Active,exp01,spatial_placement,target,pretzel,210,166,281,193,75.96051605933177
136,Active,exp01,spatial_placement,target,purse,278,319,299,319,21.0
136,Active,exp01,spatial_placement,lure,racquet,423,294,510,275,89.05054744357274
136,Active,exp01,spatial_placement,target,remote,356,77,371,199,122.9186723000212
136,Active,exp01,spatial_placement,target,rubikscube,384,213,450,267,85.27602242131137
136,Active,exp01,spatial_placement,lure,seashell,162,230,201,358,133.80956617521784
136,Active,exp01,spatial_placement,lure,shoppingcart,405,322,494,233,125.86500705120545
136,Active,exp01,spatial_placement,target,skates,94,306,178,237,108.70602559196064
136,Active,exp01,spatial_placement,target,soccerball,352,288,90,270,262.6175927084855
136,Active,exp01,spatial_placement,lure,starfish,212,144,237,201,62.24146527838174
136,Active,exp01,spatial_placement,target,straightener,128,204,459,233,332.26796414941964
136,Active,exp01,spatial_placement,lure,tapemeasure,135,244,189,230,55.78530272392541
136,Active,exp01,spatial_placement,lure,toiletpaper,72,436,422,366,356.9313659514949
136,Active,exp01,spatial_placement,lure,trumpet,471,123,133,232,355.1408171415953
136,Active,exp01,spatial_placement,lure,walkietalkie,114,247,393,246,279.0017921089397
136,Active,exp01,spatial_placement,lure,wateringcan,124,158,207,235,113.21660655575224
128,Active,exp01,spatial_placement,target,alarmclock,145,125,119,361,237.42788378789885
128,Active,exp01,spatial_placement,target,applecore,399,328,392,350,23.08679276123039
128,Active,exp01,spatial_placement,lure,bikepump,397,297,439,350,67.62396025078685
128,Active,exp01,spatial_placement,target,binoculars,409,263,270,339,158.42032697857937
128,Active,exp01,spatial_placement,lure,blender,356,156,333,170,26.92582403567252
128,Active,exp01,spatial_placement,lure,bowlingball,442,114,466,175,65.55150646628954
128,Active,exp01,spatial_placement,target,cactus,170,207,167,189,18.24828759089466
128,Active,exp01,spatial_placement,target,camcorder,249,352,272,363,25.495097567963924
128,Active,exp01,spatial_placement,lure,cereal,373,327,348,349,33.301651610693426
128,Active,exp01,spatial_placement,target,dogbowl,409,203,246,210,163.1502375113196
128,Active,exp01,spatial_placement,lure,doghouse,214,197,215,277,80.00624975587844
128,Active,exp01,spatial_placement,target,donut,309,368,186,309,136.41847382227965
128,Active,exp01,spatial_placement,target,feather,155,196,178,288,94.83142938920619
128,Active,exp01,spatial_placement,target,fishbowl,439,185,129,290,327.29955698106284
128,Active,exp01,spatial_placement,lure,frame,327,333,314,343,16.401219466856727
128,Active,exp01,spatial_placement,target,gavel,343,329,318,328,25.019992006393608
128,Active,exp01,spatial_placement,target,gramophone,444,172,436,237,65.49045732013177
128,Active,exp01,spatial_placement,lure,gumballmachine,488,119,500,190,72.00694410957877
128,Active,exp01,spatial_placement,lure,hairclip,497,266,390,170,143.75326083258076
128,Active,exp01,spatial_placement,lure,hanger,163,188,164,360,172.00290695217916
128,Active,exp01,spatial_placement,lure,iron,298,195,285,222,29.966648127543394
128,Active,exp01,spatial_placement,target,jug,386,257,423,354,103.81714694596457
128,Active,exp01,spatial_placement,lure,ladle,315,239,333,294,57.87054518492115
128,Active,exp01,spatial_placement,lure,landline,245,255,145,410,184.45866745696716
128,Active,exp01,spatial_placement,target,laptop,127,263,175,219,65.11528238439882
128,Active,exp01,spatial_placement,target,mailbox,203,197,477,199,274.0072991728505
128,Active,exp01,spatial_placement,target,microscope,223,166,489,358,328.05487345869443
128,Active,exp01,spatial_placement,lure,milkshake,145,157,210,220,90.52071586106685
128,Active,exp01,spatial_placement,lure,mortarpestle,290,340,280,367,28.792360097775937
128,Active,exp01,spatial_placement,target,paperairplane,393,355,385,345,12.806248474865697
128,Active,exp01,spatial_placement,lure,pear,107,271,145,369,105.1094667477673
128,Active,exp01,spatial_placement,lure,pen,192,204,185,337,133.18408313308313
128,Active,exp01,spatial_placement,target,piggybank,350,284,330,202,84.40379138403677
128,Active,exp01,spatial_placement,target,pretzel,283,139,281,193,54.037024344425184
128,Active,exp01,spatial_placement,target,purse,201,319,299,319,98.0
128,Active,exp01,spatial_placement,target,remote,386,169,371,199,33.54101966249684
128,Active,exp01,spatial_placement,target,rubikscube,471,142,450,267,126.75172582651489
128,Active,exp01,spatial_placement,lure,seashell,334,296,201,358,146.74126890551273
128,Active,exp01,spatial_placement,lure,shoppingcart,186,175,494,233,313.41346493091197
128,Active,exp01,spatial_placement,target,skates,135,293,178,237,70.60453243241541
128,Active,exp01,spatial_placement,target,soccerball,138,321,90,270,70.03570517957252
128,Active,exp01,spatial_placement,lure,starfish,298,93,237,201,124.03628501370073
128,Active,exp01,spatial_placement,target,straightener,303,206,459,233,158.31929762350515
128,Active,exp01,spatial_placement,lure,toiletpaper,444,376,422,366,24.166091947189145
128,Active,exp01,spatial_placement,lure,walkietalkie,307,129,393,246,145.2067491544384
128,Active,exp01,spatial_placement,lure,wateringcan,181,193,207,235,49.39635614091387
131,Active,exp01,spatial_placement,target,alarmclock,145,370,119,361,27.51363298439521
131,Active,exp01,spatial_placement,target,applecore,397,348,392,350,5.385164807134504
131,Active,exp01,spatial_placement,lure,bikepump,358,359,439,350,81.49846624323675
131,Active,exp01,spatial_placement,target,binoculars,344,198,270,339,159.2388143638353
131,Active,exp01,spatial_placement,lure,blender,238,153,333,170,96.5090669315583
131,Active,exp01,spatial_placement,target,broom,474,150,219,186,257.5286391840721
131,Active,exp01,spatial_placement,target,cactus,317,297,167,189,184.83506160899236
131,Active,exp01,spatial_placement,target,camcorder,271,376,272,363,13.038404810405298
131,Active,exp01,spatial_placement,lure,cereal,339,342,348,349,11.40175425099138
131,Active,exp01,spatial_placement,target,dogbowl,251,221,246,210,12.083045973594572
131,Active,exp01,spatial_placement,lure,doghouse,173,212,215,277,77.38862965578342
131,Active,exp01,spatial_placement,target,donut,177,321,186,309,15.0
131,Active,exp01,spatial_placement,target,feather,425,341,178,288,252.62224763468478
131,Active,exp01,spatial_placement,target,fishbowl,147,259,129,290,35.84689665786984
131,Active,exp01,spatial_placement,lure,frame,312,322,314,343,21.095023109728988
131,Active,exp01,spatial_placement,target,gavel,319,377,318,328,49.01020301937138
131,Active,exp01,spatial_placement,target,gramophone,478,218,436,237,46.09772228646444
131,Active,exp01,spatial_placement,lure,gumballmachine,378,176,500,190,122.80065146407001
131,Active,exp01,spatial_placement,lure,hanger,136,199,164,360,163.41664541900252
131,Active,exp01,spatial_placement,lure,iron,132,342,285,222,194.4453650771856
131,Active,exp01,spatial_placement,target,jug,212,311,423,354,215.3369452741447
131,Active,exp01,spatial_placement,lure,ladle,252,330,333,294,88.63972021616495
131,Active,exp01,spatial_placement,lure,landline,139,401,145,410,10.816653826391969
131,Active,exp01,spatial_placement,target,laptop,134,164,175,219,68.60029154456998
131,Active,exp01,spatial_placement,target,mailbox,427,219,477,199,53.85164807134504
131,Active,exp01,spatial_placement,target,microscope,151,299,489,358,343.11076928595526
131,Active,exp01,spatial_placement,lure,milkshake,407,342,210,220,231.71750041807374
131,Active,exp01,spatial_placement,lure,mortarpestle,309,347,280,367,35.22782990761707
131,Active,exp01,spatial_placement,target,paperairplane,393,336,385,345,12.041594578792296
131,Active,exp01,spatial_placement,lure,pear,168,382,145,369,26.419689627245813
131,Active,exp01,spatial_placement,lure,pen,130,292,185,337,71.06335201775947
131,Active,exp01,spatial_placement,target,piggybank,406,270,330,202,101.9803902718557
131,Active,exp01,spatial_placement,target,pretzel,158,234,281,193,129.65338406690356
131,Active,exp01,spatial_placement,target,purse,183,339,299,319,117.71151175649729
131,Active,exp01,spatial_placement,lure,racquet,486,252,510,275,33.24154027718932
131,Active,exp01,spatial_placement,target,remote,486,224,371,199,117.6860229593982
131,Active,exp01,spatial_placement,target,rubikscube,407,240,450,267,50.774009099144415
131,Active,exp01,spatial_placement,lure,seashell,250,378,201,358,52.92447448959697
131,Active,exp01,spatial_placement,lure,shoppingcart,452,260,494,233,49.92995093127971
131,Active,exp01,spatial_placement,target,skates,181,184,178,237,53.08483775994799
131,Active,exp01,spatial_placement,target,soccerball,169,240,90,270,84.50443775329198
131,Active,exp01,spatial_placement,lure,starfish,149,214,237,201,88.95504482602435
131,Active,exp01,spatial_placement,target,straightener,432,245,459,233,29.546573405388315
131,Active,exp01,spatial_placement,lure,tapemeasure,160,379,189,230,151.79591562357663
131,Active,exp01,spatial_placement,lure,toiletpaper,213,216,422,366,257.25668115716644
131,Active,exp01,spatial_placement,lure,trumpet,295,166,133,232,174.92855684535903
131,Active,exp01,spatial_placement,lure,walkietalkie,357,166,393,246,87.72684879784524
131,Active,exp01,spatial_placement,lure,wateringcan,368,323,207,235,183.48024416813925
132,Active,exp01,spatial_placement,target,alarmclock,274,159,119,361,254.61539623518448
132,Active,exp01,spatial_placement,target,applecore,104,239,392,350,308.65028754238995
132,Active,exp01,spatial_placement,lure,bikepump,338,192,439,350,187.52333188166213
132,Active,exp01,spatial_placement,target,binoculars,208,316,270,339,66.12866246946176
132,Active,exp01,spatial_placement,lure,blender,296,200,333,170,47.634021455258214
132,Active,exp01,spatial_placement,lure,bowlingball,380,203,466,175,90.44335243676011
132,Active,exp01,spatial_placement,target,broom,114,212,219,186,108.17116066678771
132,Active,exp01,spatial_placement,target,cactus,130,229,167,189,54.48853090330111
132,Active,exp01,spatial_placement,target,camcorder,247,333,272,363,39.05124837953327
132,Active,exp01,spatial_placement,lure,cereal,164,292,348,349,192.62658175859323
132,Active,exp01,spatial_placement,target,dogbowl,335,223,246,210,89.94442728707543
132,Active,exp01,spatial_placement,lure,doghouse,111,293,215,277,105.22357150372724
132,Active,exp01,spatial_placement,target,donut,126,373,186,309,87.72684879784524
132,Active,exp01,spatial_placement,target,feather,186,352,178,288,64.4980619863884
132,Active,exp01,spatial_placement,target,fishbowl,341,223,129,290,222.33533232484666
132,Active,exp01,spatial_placement,lure,frame,379,248,314,343,115.10864433221339
132,Active,exp01,spatial_placement,target,gavel,147,374,318,328,177.0790783802536
132,Active,exp01,spatial_placement,target,gramophone,303,316,436,237,154.69324484281788
132,Active,exp01,spatial_placement,lure,gumballmachine,127,272,500,190,381.90705675595996
132,Active,exp01,spatial_placement,lure,hairclip,345,185,390,170,47.43416490252569
132,Active,exp01,spatial_placement,lure,hanger,257,246,164,360,147.12239802287073
132,Active,exp01,spatial_placement,lure,iron,121,365,285,222,217.5890622251036
132,Active,exp01,spatial_placement,target,jug,125,342,423,354,298.24151287169934
132,Active,exp01,spatial_placement,lure,ladle,289,264,333,294,53.25410782277739
132,Active,exp01,spatial_placement,lure,landline,353,288,145,410,241.1389640850271
132,Active,exp01,spatial_placement,target,laptop,288,353,175,219,175.28548142958104
132,Active,exp01,spatial_placement,target,mailbox,128,221,477,199,349.6927222576987
132,Active,exp01,spatial_placement,target,microscope,323,306,489,358,173.95401691251627
132,Active,exp01,spatial_placement,lure,milkshake,129,314,210,220,124.08464852672147
132,Active,exp01,spatial_placement,lure,mortarpestle,388,215,280,367,186.46179233290664
132,Active,exp01,spatial_placement,target,paperairplane,168,208,385,345,256.62813563598206
132,Active,exp01,spatial_placement,lure,pear,276,353,145,369,131.97348218486925
132,Active,exp01,spatial_placement,lure,pen,261,232,185,337,129.61867149450345
132,Active,exp01,spatial_placement,target,piggybank,326,178,330,202,24.331050121192877
132,Active,exp01,spatial_placement,target,pretzel,332,339,281,193,154.65122049308243
132,Active,exp01,spatial_placement,target,purse,336,330,299,319,38.600518131237564
132,Active,exp01,spatial_placement,lure,racquet,452,238,510,275,68.79680225126747
132,Active,exp01,spatial_placement,target,remote,198,261,371,199,183.77431811871864
132,Active,exp01,spatial_placement,target,rubikscube,149,282,450,267,301.37352239372325
132,Active,exp01,spatial_placement,lure,seashell,216,353,201,358,15.811388300841896
132,Active,exp01,spatial_placement,lure,shoppingcart,373,255,494,233,122.98373876248843
132,Active,exp01,spatial_placement,target,skates,412,303,178,237,243.1295950722577
132,Active,exp01,spatial_placement,target,soccerball,189,208,90,270,116.81181447096864
132,Active,exp01,spatial_placement,lure,starfish,173,352,237,201,164.00304875214974
132,Active,exp01,spatial_placement,target,straightener,454,232,459,233,5.0990195135927845
132,Active,exp01,spatial_placement,lure,tapemeasure,195,392,189,230,162.11107303327555
132,Active,exp01,spatial_placement,lure,toiletpaper,428,157,422,366,209.0861066642162
132,Active,exp01,spatial_placement,lure,trumpet,243,126,133,232,152.7612516314265
132,Active,exp01,spatial_placement,lure,walkietalkie,421,235,393,246,30.083217912982647
132,Active,exp01,spatial_placement,lure,wateringcan,176,308,207,235,79.30952023559341
133,Active,exp01,spatial_placement,target,alarmclock,343,223,119,361,263.09694030908076
133,Active,exp01,spatial_placement,lure,bikepump,162,239,439,350,298.41246622753545
133,Active,exp01,spatial_placement,target,binoculars,264,327,270,339,13.416407864998739
133,Active,exp01,spatial_placement,lure,bowlingball,125,225,466,175,344.64619539463945
133,Active,exp01,spatial_placement,target,cactus,406,180,167,189,239.1693960355296
133,Active,exp01,spatial_placement,target,camcorder,326,194,272,363,177.41758650145144
133,Active,exp01,spatial_placement,target,dogbowl,173,261,246,210,89.05054744357274
133,Active,exp01,spatial_placement,target,donut,309,202,186,309,163.02760502442524
133,Active,exp01,spatial_placement,target,feather,209,251,178,288,48.27007354458868
133,Active,exp01,spatial_placement,target,gavel,344,206,318,328,124.73972903610141
133,Active,exp01,spatial_placement,target,gramophone,230,158,436,237,220.62864727863425
133,Active,exp01,spatial_placement,lure,hairclip,168,208,390,170,225.22877258467668
133,Active,exp01,spatial_placement,lure,ladle,155,251,333,294,183.12017911743098
133,Active,exp01,spatial_placement,target,laptop,371,194,175,219,197.58795509848267
133,Active,exp01,spatial_placement,target,mailbox,333,309,477,199,181.20706387997132
133,Active,exp01,spatial_placement,target,microscope,310,182,489,358,251.03187048659777
133,Active,exp01,spatial_placement,lure,milkshake,438,218,210,220,228.00877176108818
133,Active,exp01,spatial_placement,lure,mortarpestle,338,198,280,367,178.67568385205638
133,Active,exp01,spatial_placement,target,paperairplane,420,411,385,345,74.70609078247904
133,Active,exp01,spatial_placement,lure,pear,211,279,145,369,111.60645142642964
133,Active,exp01,spatial_placement,target,piggybank,216,335,330,202,175.17134468856486
133,Active,exp01,spatial_placement,target,pretzel,289,201,281,193,11.313708498984761
133,Active,exp01,spatial_placement,target,purse,253,203,299,319,124.78781991845197
133,Active,exp01,spatial_placement,target,remote,141,175,371,199,231.24878378058554
133,Active,exp01,spatial_placement,target,rubikscube,449,264,450,267,3.1622776601683795
133,Active,exp01,spatial_placement,lure,seashell,290,343,201,358,90.2551937563706
133,Active,exp01,spatial_placement,target,skates,425,217,178,237,247.80839372386077
133,Active,exp01,spatial_placement,target,soccerball,176,203,90,270,109.01834707974616
133,Active,exp01,spatial_placement,lure,starfish,331,266,237,201,114.28473213863697
133,Active,exp01,spatial_placement,target,straightener,205,235,459,233,254.00787389370433
133,Active,exp01,spatial_placement,lure,tapemeasure,307,237,189,230,118.20744477400736
133,Active,exp01,spatial_placement,lure,trumpet,225,131,133,232,136.61991070118586
141,Active,exp01,spatial_placement,target,alarmclock,162,302,119,361,73.00684899377592
141,Active,exp01,spatial_placement,target,applecore,358,138,392,350,214.7091055358389
141,Active,exp01,spatial_placement,target,binoculars,426,165,270,339,233.69210512980536
141,Active,exp01,spatial_placement,lure,bowlingball,430,131,466,175,56.85068161420758
141,Active,exp01,spatial_placement,target,broom,273,134,219,186,74.96665925596525
141,Active,exp01,spatial_placement,target,cactus,158,210,167,189,22.847319317591726
141,Active,exp01,spatial_placement,target,camcorder,114,431,272,363,172.01162751395617
141,Active,exp01,spatial_placement,lure,cereal,396,225,348,349,132.9661611087573
141,Active,exp01,spatial_placement,target,donut,165,304,186,309,21.587033144922902
141,Active,exp01,spatial_placement,target,feather,281,375,178,288,134.82581355215328
141,Active,exp01,spatial_placement,target,fishbowl,134,188,129,290,102.12247548899312
141,Active,exp01,spatial_placement,lure,frame,133,408,314,343,192.31744590650115
141,Active,exp01,spatial_placement,target,gavel,128,427,318,328,214.24518664371436
141,Active,exp01,spatial_placement,target,gramophone,418,211,436,237,31.622776601683793
141,Active,exp01,spatial_placement,lure,gumballmachine,415,66,500,190,150.3362896974646
141,Active,exp01,spatial_placement,lure,hairclip,439,414,390,170,248.8714527622644
141,Active,exp01,spatial_placement,lure,hanger,386,226,164,360,259.3067681338071
141,Active,exp01,spatial_placement,lure,iron,396,171,285,222,122.15563842901399
141,Active,exp01,spatial_placement,target,jug,192,234,423,354,260.30943125442076
141,Active,exp01,spatial_placement,lure,ladle,159,118,333,294,247.4914139924858
141,Active,exp01,spatial_placement,lure,landline,120,306,145,410,106.96261028976434
141,Active,exp01,spatial_placement,target,paperairplane,207,212,385,345,222.20036003571192
141,Active,exp01,spatial_placement,lure,pear,151,357,145,369,13.416407864998739
141,Active,exp01,spatial_placement,target,piggybank,126,194,330,202,204.15680248279753
141,Active,exp01,spatial_placement,target,purse,263,289,299,319,46.861498055439924
141,Active,exp01,spatial_placement,lure,racquet,141,276,510,275,369.00135501106223
141,Active,exp01,spatial_placement,target,rubikscube,128,362,450,267,335.72161086233336
141,Active,exp01,spatial_placement,lure,seashell,421,200,201,358,270.8578963220382
141,Active,exp01,spatial_placement,lure,shoppingcart,102,394,494,233,423.7747042946287
141,Active,exp01,spatial_placement,target,skates,182,135,178,237,102.07840124139877
141,Active,exp01,spatial_placement,lure,starfish,404,196,237,201,167.0748335327616
141,Active,exp01,spatial_placement,target,straightener,373,172,459,233,105.43718509140881
141,Active,exp01,spatial_placement,lure,tapemeasure,66,315,189,230,149.5125412799876
141,Active,exp01,spatial_placement,lure,trumpet,390,63,133,232,307.5873859572268
141,Active,exp01,spatial_placement,lure,walkietalkie,410,154,393,246,93.55746896961247
141,Active,exp01,spatial_placement,lure,wateringcan,63,248,207,235,144.5856147754679
142,Active,exp01,spatial_placement,target,alarmclock,72,145,119,361,221.05429197371402
142,Active,exp01,spatial_placement,lure,bikepump,439,270,439,350,80.0
142,Active,exp01,spatial_placement,target,binoculars,246,329,270,339,26.0
142,Active,exp01,spatial_placement,target,broom,202,101,219,186,86.68333173107735
142,Active,exp01,spatial_placement,target,cactus,371,160,167,189,206.0509645694482
142,Active,exp01,spatial_placement,target,camcorder,269,339,272,363,24.186773244895647
142,Active,exp01,spatial_placement,lure,cereal,363,340,348,349,17.4928556845359
142,Active,exp01,spatial_placement,lure,doghouse,219,299,215,277,22.360679774997898
142,Active,exp01,spatial_placement,target,donut,207,180,186,309,130.6981254647518
142,Active,exp01,spatial_placement,target,feather,121,263,178,288,62.24146527838174
142,Active,exp01,spatial_placement,lure,frame,288,366,314,343,34.713109915419565
142,Active,exp01,spatial_placement,target,gavel,353,373,318,328,57.0087712549569
142,Active,exp01,spatial_placement,target,gramophone,441,134,436,237,103.12128781197411
142,Active,exp01,spatial_placement,lure,gumballmachine,381,278,500,190,148.00337833982033
142,Active,exp01,spatial_placement,lure,hanger,64,197,164,360,191.23022773609824
142,Active,exp01,spatial_placement,lure,iron,416,327,285,222,167.88686666919483
142,Active,exp01,spatial_placement,target,jug,360,329,423,354,67.77905281132217
142,Active,exp01,spatial_placement,lure,ladle,497,143,333,294,222.92823957498072
142,Active,exp01,spatial_placement,target,laptop,193,181,175,219,42.04759208325728
142,Active,exp01,spatial_placement,target,mailbox,80,190,477,199,397.10200200955927
142,Active,exp01,spatial_placement,target,microscope,421,310,489,358,83.23460818673925
142,Active,exp01,spatial_placement,lure,milkshake,361,322,210,220,182.22239159883728
142,Active,exp01,spatial_placement,target,paperairplane,395,335,385,345,14.142135623730951
142,Active,exp01,spatial_placement,lure,pear,364,320,145,369,224.4147945212169
142,Active,exp01,spatial_placement,lure,pen,192,234,185,337,103.23759005323593
142,Active,exp01,spatial_placement,target,purse,302,314,299,319,5.830951894845301
142,Active,exp01,spatial_placement,target,rubikscube,325,192,450,267,145.7737973711325
142,Active,exp01,spatial_placement,lure,shoppingcart,115,310,494,233,386.7428085950662
142,Active,exp01,spatial_placement,lure,starfish,155,313,237,201,138.80922159568507
142,Active,exp01,spatial_placement,target,straightener,491,172,459,233,68.8839603971781
142,Active,exp01,spatial_placement,lure,tapemeasure,259,201,189,230,75.76938695805846
142,Active,exp01,spatial_placement,lure,trumpet,359,96,133,232,263.7650469641495
143,Active,exp01,spatial_placement,target,alarmclock,102,201,119,361,160.90059042775448
143,Active,exp01,spatial_placement,target,applecore,270,386,392,350,127.20062892926276
143,Active,exp01,spatial_placement,lure,bikepump,253,342,439,350,186.17196351760379
143,Active,exp01,spatial_placement,target,binoculars,298,94,270,339,246.59480935331953
143,Active,exp01,spatial_placement,lure,blender,284,139,333,170,57.982756057296896
143,Active,exp01,spatial_placement,target,cactus,83,223,167,189,90.62008607367353
143,Active,exp01,spatial_placement,target,camcorder,282,420,272,363,57.87054518492115
143,Active,exp01,spatial_placement,lure,cereal,163,282,348,349,196.7587355112855
143,Active,exp01,spatial_placement,target,dogbowl,315,165,246,210,82.37718130647589
143,Active,exp01,spatial_placement,lure,doghouse,256,58,215,277,222.80484734403782
143,Active,exp01,spatial_placement,target,donut,112,247,186,309,96.54014708917737
143,Active,exp01,spatial_placement,target,feather,107,333,178,288,84.05950273467003
143,Active,exp01,spatial_placement,target,fishbowl,416,342,129,290,291.6727618410742
143,Active,exp01,spatial_placement,lure,frame,293,375,314,343,38.27531841800928
143,Active,exp01,spatial_placement,target,gavel,267,138,318,328,196.72569735548024
143,Active,exp01,spatial_placement,target,gramophone,456,208,436,237,35.22782990761707
143,Active,exp01,spatial_placement,lure,gumballmachine,143,223,500,190,358.5219658542556
143,Active,exp01,spatial_placement,lure,hairclip,253,407,390,170,273.7480593538519
143,Active,exp01,spatial_placement,target,jug,282,325,423,354,143.95138068111746
143,Active,exp01,spatial_placement,lure,ladle,291,387,333,294,102.04410811016969
143,Active,exp01,spatial_placement,lure,landline,112,249,145,410,164.34719346554112
143,Active,exp01,spatial_placement,target,laptop,99,282,175,219,98.71676655968832
143,Active,exp01,spatial_placement,target,mailbox,449,230,477,199,41.773197148410844
143,Active,exp01,spatial_placement,target,microscope,259,355,489,358,230.0195643852931
143,Active,exp01,spatial_placement,lure,milkshake,278,144,210,220,101.9803902718557
143,Active,exp01,spatial_placement,target,paperairplane,400,342,385,345,15.297058540778355
143,Active,exp01,spatial_placement,lure,pear,420,299,145,369,283.7692724732542
143,Active,exp01,spatial_placement,lure,pen,289,76,185,337,280.95729212818094
143,Active,exp01,spatial_placement,target,piggybank,419,273,330,202,113.85077953180645
143,Active,exp01,spatial_placement,target,pretzel,322,333,281,193,145.8800877433243
143,Active,exp01,spatial_placement,target,purse,422,315,299,319,123.06502346320826
143,Active,exp01,spatial_placement,lure,racquet,286,114,510,275,275.8568469333324
143,Active,exp01,spatial_placement,target,remote,254,99,371,199,153.91231269784754
143,Active,exp01,spatial_placement,target,rubikscube,105,276,450,267,345.11737133908514
143,Active,exp01,spatial_placement,lure,seashell,412,265,201,358,230.58620947489467
143,Active,exp01,spatial_placement,lure,shoppingcart,259,388,494,233,281.51376520518494
143,Active,exp01,spatial_placement,target,skates,110,232,178,237,68.18357573492314
143,Active,exp01,spatial_placement,lure,starfish,410,247,237,201,179.0111728356641
143,Active,exp01,spatial_placement,target,straightener,131,117,459,233,347.90803382503253
143,Active,exp01,spatial_placement,lure,tapemeasure,105,228,189,230,84.02380615040002
143,Active,exp01,spatial_placement,lure,toiletpaper,440,380,422,366,22.80350850198276
143,Active,exp01,spatial_placement,lure,trumpet,271,332,133,232,170.42300314218147
143,Active,exp01,spatial_placement,lure,walkietalkie,364,193,393,246,60.41522986797286
143,Active,exp01,spatial_placement,lure,wateringcan,87,234,207,235,120.00416659433121
144,Active,exp01,spatial_placement,target,alarmclock,341,318,119,361,226.12607103118384
144,Active,exp01,spatial_placement,target,applecore,324,281,392,350,96.87620966986684
144,Active,exp01,spatial_placement,target,broom,238,247,219,186,63.89053137985315
144,Active,exp01,spatial_placement,target,cactus,117,218,167,189,57.8013840664737
144,Active,exp01,spatial_placement,target,dogbowl,82,236,246,210,166.04818577750254
144,Active,exp01,spatial_placement,target,donut,191,284,186,309,25.495097567963924
144,Active,exp01,spatial_placement,target,feather,407,246,178,288,232.81967270830015
144,Active,exp01,spatial_placement,target,fishbowl,187,325,129,290,67.7421582177598
144,Active,exp01,spatial_placement,lure,frame,286,167,314,343,178.2133552795637
144,Active,exp01,spatial_placement,lure,hanger,245,189,164,360,189.21416437465774
144,Active,exp01,spatial_placement,lure,ladle,197,314,333,294,137.46272221951665
144,Active,exp01,spatial_placement,target,mailbox,156,306,477,199,338.3637096380166
144,Active,exp01,spatial_placement,target,microscope,396,186,489,358,195.5326059765992
144,Active,exp01,spatial_placement,lure,mortarpestle,370,282,280,367,123.79418403139947
144,Active,exp01,spatial_placement,target,paperairplane,457,319,385,345,76.55063683601855
144,Active,exp01,spatial_placement,lure,pear,175,232,145,369,140.24621207005913
144,Active,exp01,spatial_placement,target,piggybank,126,262,330,202,212.6405417600322
144,Active,exp01,spatial_placement,target,pretzel,180,297,281,193,144.97241116847025
144,Active,exp01,spatial_placement,target,purse,305,169,299,319,150.11995203836165
144,Active,exp01,spatial_placement,lure,racquet,344,205,510,275,180.15548839821673
144,Active,exp01,spatial_placement,target,remote,172,325,371,199,235.53555994796199
144,Active,exp01,spatial_placement,target,rubikscube,347,150,450,267,155.87815754620658
144,Active,exp01,spatial_placement,lure,seashell,188,235,201,358,123.68508398347798
144,Active,exp01,spatial_placement,target,skates,402,357,178,237,254.11808278829744
144,Active,exp01,spatial_placement,target,soccerball,238,350,90,270,168.23792675850473
144,Active,exp01,spatial_placement,target,straightener,118,341,459,233,357.6940033045005
144,Active,exp01,spatial_placement,lure,tapemeasure,163,253,189,230,34.713109915419565
144,Active,exp01,spatial_placement,lure,toiletpaper,186,345,422,366,236.93247983339052
144,Active,exp01,spatial_placement,lure,trumpet,368,202,133,232,236.90715480964266
144,Active,exp01,spatial_placement,lure,walkietalkie,118,289,393,246,278.3415168457627
144,Active,exp01,spatial_placement,lure,wateringcan,182,323,207,235,91.48223871331527
145,Active,exp01,spatial_placement,target,alarmclock,406,141,119,361,361.61996626292637
145,Active,exp01,spatial_placement,target,applecore,393,207,392,350,143.0034964607509
145,Active,exp01,spatial_placement,target,binoculars,265,333,270,339,7.810249675906654
145,Active,exp01,spatial_placement,lure,blender,456,392,333,170,253.7971631047124
145,Active,exp01,spatial_placement,lure,bowlingball,451,351,466,175,176.63804799646084
145,Active,exp01,spatial_placement,target,broom,360,405,219,186,260.4649688537789
145,Active,exp01,spatial_placement,target,camcorder,267,178,272,363,185.06755523321746
145,Active,exp01,spatial_placement,lure,cereal,484,231,348,349,180.05554698481245
145,Active,exp01,spatial_placement,target,dogbowl,129,284,246,210,138.43771162512041
145,Active,exp01,spatial_placement,lure,doghouse,324,327,215,277,119.9208072020865
145,Active,exp01,spatial_placement,target,donut,191,291,186,309,18.681541692269406
145,Active,exp01,spatial_placement,target,feather,145,359,178,288,78.29431652425353
145,Active,exp01,spatial_placement,target,fishbowl,75,245,129,290,70.2922470831599
145,Active,exp01,spatial_placement,lure,frame,262,324,314,343,55.362442142665635
145,Active,exp01,spatial_placement,target,gramophone,144,165,436,237,300.74573978695025
145,Active,exp01,spatial_placement,lure,gumballmachine,493,137,500,190,53.46026561849464
145,Active,exp01,spatial_placement,lure,hairclip,443,182,390,170,54.3415126767741
145,Active,exp01,spatial_placement,lure,hanger,155,276,164,360,84.48076704197234
145,Active,exp01,spatial_placement,lure,iron,272,228,285,222,14.317821063276353
145,Active,exp01,spatial_placement,target,jug,412,351,423,354,11.40175425099138
145,Active,exp01,spatial_placement,lure,ladle,393,137,333,294,168.07438829280326
145,Active,exp01,spatial_placement,lure,landline,159,395,145,410,20.518284528683193
145,Active,exp01,spatial_placement,target,laptop,185,186,175,219,34.48187929913333
145,Active,exp01,spatial_placement,target,mailbox,458,215,477,199,24.839484696748443
145,Active,exp01,spatial_placement,target,microscope,330,147,489,358,264.20068130116545
145,Active,exp01,spatial_placement,lure,milkshake,155,200,210,220,58.52349955359813
145,Active,exp01,spatial_placement,target,paperairplane,138,184,385,345,294.838939083697
145,Active,exp01,spatial_placement,lure,pear,205,363,145,369,60.29925372672534
145,Active,exp01,spatial_placement,target,piggybank,199,249,330,202,139.17614738165446
145,Active,exp01,spatial_placement,target,pretzel,277,202,281,193,9.848857801796104
145,Active,exp01,spatial_placement,target,purse,275,361,299,319,48.373546489791295
145,Active,exp01,spatial_placement,lure,racquet,146,328,510,275,367.8382796827976
145,Active,exp01,spatial_placement,target,remote,311,361,371,199,172.75416058665562
145,Active,exp01,spatial_placement,target,rubikscube,277,190,450,267,189.3620870184948
145,Active,exp01,spatial_placement,lure,seashell,174,415,201,358,63.071388124885914
145,Active,exp01,spatial_placement,lure,shoppingcart,71,263,494,233,424.062495394252
145,Active,exp01,spatial_placement,target,skates,162,237,178,237,16.0
145,Active,exp01,spatial_placement,target,soccerball,226,383,90,270,176.81911661356077
145,Active,exp01,spatial_placement,lure,starfish,288,189,237,201,52.392747589718944
145,Active,exp01,spatial_placement,target,straightener,460,197,459,233,36.013886210738214
145,Active,exp01,spatial_placement,lure,toiletpaper,409,344,422,366,25.553864678361276
145,Active,exp01,spatial_placement,lure,trumpet,129,185,133,232,47.16990566028302
145,Active,exp01,spatial_placement,lure,walkietalkie,383,347,393,246,101.49384217774002
145,Active,exp01,spatial_placement,lure,wateringcan,441,384,207,235,277.41124706831914
146,Active,exp01,spatial_placement,target,alarmclock,105,219,119,361,142.68847185389575
146,Active,exp01,spatial_placement,target,applecore,371,381,392,350,37.44329045369811
146,Active,exp01,spatial_placement,target,binoculars,234,424,270,339,92.30926280715278
146,Active,exp01,spatial_placement,lure,blender,356,315,333,170,146.81280598094978
146,Active,exp01,spatial_placement,target,cactus,161,212,167,189,23.769728648009426
146,Active,exp01,spatial_placement,target,camcorder,156,319,272,363,124.06449935416659
146,Active,exp01,spatial_placement,lure,cereal,214,329,348,349,135.4843164355196
146,Active,exp01,spatial_placement,target,dogbowl,182,301,246,210,111.25196627475849
146,Active,exp01,spatial_placement,target,donut,301,374,186,309,132.09844813622905
146,Active,exp01,spatial_placement,target,feather,395,370,178,288,231.97629189208106
146,Active,exp01,spatial_placement,target,fishbowl,327,319,129,290,200.11246837716035
146,Active,exp01,spatial_placement,lure,frame,277,335,314,343,37.8549864614954
146,Active,exp01,spatial_placement,target,gavel,248,291,318,328,79.17701686727027
146,Active,exp01,spatial_placement,target,gramophone,387,397,436,237,167.3349933516597
146,Active,exp01,spatial_placement,lure,hanger,197,326,164,360,47.38143096192854
146,Active,exp01,spatial_placement,lure,iron,185,336,285,222,151.6443206981389
146,Active,exp01,spatial_placement,target,jug,388,375,423,354,40.8166632639171
146,Active,exp01,spatial_placement,lure,ladle,245,332,333,294,95.85405573057407
146,Active,exp01,spatial_placement,lure,landline,189,329,145,410,92.17917335276988
146,Active,exp01,spatial_placement,target,laptop,270,366,175,219,175.025712396779
146,Active,exp01,spatial_placement,target,microscope,154,376,489,358,335.4832335601885
146,Active,exp01,spatial_placement,lure,milkshake,319,241,210,220,111.00450441310929
146,Active,exp01,spatial_placement,target,paperairplane,371,296,385,345,50.96076922496363
146,Active,exp01,spatial_placement,target,piggybank,205,160,330,202,131.86735759845953
146,Active,exp01,spatial_placement,target,pretzel,290,166,281,193,28.460498941515414
146,Active,exp01,spatial_placement,target,purse,233,391,299,319,97.67292357659824
146,Active,exp01,spatial_placement,lure,racquet,295,358,510,275,230.46474784660668
146,Active,exp01,spatial_placement,target,remote,406,327,371,199,132.69890730522238
146,Active,exp01,spatial_placement,target,rubikscube,185,370,450,267,284.3132075722125
146,Active,exp01,spatial_placement,lure,seashell,333,417,201,358,144.5856147754679
146,Active,exp01,spatial_placement,lure,shoppingcart,435,226,494,233,59.413803110051795
146,Active,exp01,spatial_placement,target,skates,222,362,178,237,132.51792331605563
146,Active,exp01,spatial_placement,target,soccerball,167,303,90,270,83.773504164503
146,Active,exp01,spatial_placement,lure,starfish,182,160,237,201,68.60029154456998
146,Active,exp01,spatial_placement,target,straightener,396,273,459,233,74.62573282722254
146,Active,exp01,spatial_placement,lure,tapemeasure,349,386,189,230,223.46364357541475
146,Active,exp01,spatial_placement,lure,toiletpaper,336,322,422,366,96.60227740586657
146,Active,exp01,spatial_placement,lure,trumpet,234,123,133,232,148.60013458944107
146,Active,exp01,spatial_placement,lure,walkietalkie,465,282,393,246,80.49844718999243
224,Passive,exp01,spatial_placement,target,alarmclock,349,231,119,361,264.1968962724581
224,Passive,exp01,spatial_placement,target,applecore,382,234,392,350,116.43023662262307
224,Passive,exp01,spatial_placement,lure,bikepump,383,195,439,350,164.80594649465777
224,Passive,exp01,spatial_placement,lure,blender,407,196,333,170,78.43468620451031
224,Passive,exp01,spatial_placement,lure,bowlingball,218,212,466,175,250.7448902769506
224,Passive,exp01,spatial_placement,target,broom,376,145,219,186,162.265215003093
224,Passive,exp01,spatial_placement,lure,cereal,445,189,348,349,187.1069213043708
224,Passive,exp01,spatial_placement,lure,doghouse,126,282,215,277,89.1403387922662
224,Passive,exp01,spatial_placement,target,donut,334,233,186,309,166.37307474468338
224,Passive,exp01,spatial_placement,target,feather,356,229,178,288,187.52333188166213
224,Passive,exp01,spatial_placement,target,fishbowl,141,235,129,290,56.293871780150276
224,Passive,exp01,spatial_placement,lure,frame,380,189,314,343,167.547008329006
224,Passive,exp01,spatial_placement,target,gavel,410,261,318,328,113.81124724736128
224,Passive,exp01,spatial_placement,lure,gumballmachine,150,199,500,190,350.11569516375584
224,Passive,exp01,spatial_placement,lure,ladle,327,246,333,294,48.373546489791295
224,Passive,exp01,spatial_placement,lure,landline,110,254,145,410,159.8780785473731
224,Passive,exp01,spatial_placement,target,mailbox,363,204,477,199,114.10959644131601
224,Passive,exp01,spatial_placement,target,microscope,274,194,489,358,270.4089495560382
224,Passive,exp01,spatial_placement,lure,milkshake,356,207,210,220,146.57762448614045
224,Passive,exp01,spatial_placement,lure,mortarpestle,314,247,280,367,124.72369462135092
224,Passive,exp01,spatial_placement,target,paperairplane,312,145,385,345,212.90608258102915
224,Passive,exp01,spatial_placement,target,piggybank,163,195,330,202,167.14664220378464
224,Passive,exp01,spatial_placement,lure,racquet,345,239,510,275,168.88161534045085
224,Passive,exp01,spatial_placement,target,remote,173,291,371,199,218.33002542023394
224,Passive,exp01,spatial_placement,target,rubikscube,455,169,450,267,98.12746812182611
224,Passive,exp01,spatial_placement,lure,seashell,368,230,201,358,210.41150158677164
224,Passive,exp01,spatial_placement,lure,shoppingcart,428,203,494,233,72.49827584156743
224,Passive,exp01,spatial_placement,target,skates,301,269,178,237,127.09445306542689
224,Passive,exp01,spatial_placement,lure,starfish,370,190,237,201,133.4541119636259
224,Passive,exp01,spatial_placement,lure,tapemeasure,278,200,189,230,93.92017887546851
224,Passive,exp01,spatial_placement,lure,toiletpaper,286,166,422,366,241.8594633252956
224,Passive,exp01,spatial_placement,lure,trumpet,182,78,133,232,161.60754932861275
224,Passive,exp01,spatial_placement,lure,wateringcan,119,257,207,235,90.70832376358854
225,Passive,exp01,spatial_placement,target,applecore,364,454,392,350,107.70329614269008
225,Passive,exp01,spatial_placement,lure,bikepump,280,227,439,350,201.02238681301145
225,Passive,exp01,spatial_placement,target,binoculars,173,451,270,339,148.16544806398016
225,Passive,exp01,spatial_placement,lure,bowlingball,247,276,466,175,241.16799124261908
225,Passive,exp01,spatial_placement,target,broom,453,409,219,186,323.24139586383427
225,Passive,exp01,spatial_placement,target,donut,344,423,186,309,194.83326204732086
225,Passive,exp01,spatial_placement,lure,hanger,409,293,164,360,253.99606296161363
225,Passive,exp01,spatial_placement,lure,landline,174,262,145,410,150.81445554057476
225,Passive,exp01,spatial_placement,target,mailbox,214,405,477,199,334.07334524023315
225,Passive,exp01,spatial_placement,lure,milkshake,289,245,210,220,82.86132994346639
225,Passive,exp01,spatial_placement,target,pretzel,275,367,281,193,174.1034175425629
225,Passive,exp01,spatial_placement,target,purse,85,464,299,319,258.4975821937219
225,Passive,exp01,spatial_placement,target,rubikscube,126,284,450,267,324.4456811239749
225,Passive,exp01,spatial_placement,lure,shoppingcart,325,479,494,233,298.45770219580527
225,Passive,exp01,spatial_placement,target,soccerball,301,337,90,270,221.38202275704322
225,Passive,exp01,spatial_placement,lure,starfish,250,424,237,201,223.37860237721964
225,Passive,exp01,spatial_placement,lure,trumpet,110,350,133,232,120.22063050907694
225,Passive,exp01,spatial_placement,lure,walkietalkie,505,254,393,246,112.28535078094559
229,Passive,exp01,spatial_placement,target,binoculars,89,405,270,339,192.6577275896298
229,Passive,exp01,spatial_placement,target,cactus,215,443,167,189,258.49564793241683
229,Passive,exp01,spatial_placement,target,dogbowl,411,393,246,210,246.40211038057285
229,Passive,exp01,spatial_placement,target,donut,199,263,186,309,47.80167361086848
229,Passive,exp01,spatial_placement,target,feather,117,389,178,288,117.99152511939153
229,Passive,exp01,spatial_placement,lure,frame,232,374,314,343,87.66413177577246
229,Passive,exp01,spatial_placement,target,gavel,406,462,318,328,160.31219541881399
229,Passive,exp01,spatial_placement,lure,hairclip,462,418,390,170,258.2401982651036
229,Passive,exp01,spatial_placement,lure,ladle,456,216,333,294,145.64683312726027
229,Passive,exp01,spatial_placement,lure,landline,459,443,145,410,315.729314445143
229,Passive,exp01,spatial_placement,target,microscope,430,306,489,358,78.64477096412705
229,Passive,exp01,spatial_placement,lure,milkshake,327,239,210,220,118.53269591129698
229,Passive,exp01,spatial_placement,target,paperairplane,146,111,385,345,334.48019373350047
229,Passive,exp01,spatial_placement,lure,pear,392,437,145,369,256.1893830743187
229,Passive,exp01,spatial_placement,target,pretzel,109,206,281,193,172.4905794529081
229,Passive,exp01,spatial_placement,target,purse,405,401,299,319,134.01492454200763
229,Passive,exp01,spatial_placement,lure,racquet,426,294,510,275,86.12200647918046
229,Passive,exp01,spatial_placement,target,remote,105,350,371,199,305.87088779418025
229,Passive,exp01,spatial_placement,target,rubikscube,96,193,450,267,361.6517662061116
229,Passive,exp01,spatial_placement,lure,seashell,98,125,201,358,254.7508586835381
229,Passive,exp01,spatial_placement,target,soccerball,117,145,90,270,127.88275880665071
229,Passive,exp01,spatial_placement,target,straightener,140,344,459,233,337.76027001410336
229,Passive,exp01,spatial_placement,lure,toiletpaper,237,341,422,366,186.6815470259447
230,Passive,exp01,spatial_placement,lure,bowlingball,382,350,466,175,194.11594473406868
230,Passive,exp01,spatial_placement,target,broom,384,157,219,186,167.5291019494822
230,Passive,exp01,spatial_placement,lure,cereal,190,334,348,349,158.71042813879623
230,Passive,exp01,spatial_placement,target,gavel,289,321,318,328,29.832867780352597
230,Passive,exp01,spatial_placement,target,gramophone,390,97,436,237,147.36349615830918
230,Passive,exp01,spatial_placement,target,microscope,150,335,489,358,339.7793401606401
230,Passive,exp01,spatial_placement,lure,milkshake,414,401,210,220,272.72146963523056
230,Passive,exp01,spatial_placement,target,paperairplane,397,349,385,345,12.649110640673518
230,Passive,exp01,spatial_placement,target,piggybank,279,137,330,202,82.61961026293939
230,Passive,exp01,spatial_placement,target,purse,269,307,299,319,32.31098884280702
230,Passive,exp01,spatial_placement,target,rubikscube,212,329,450,267,245.94308284641795
230,Passive,exp01,spatial_placement,lure,seashell,200,339,201,358,19.026297590440446
230,Passive,exp01,spatial_placement,lure,starfish,225,142,237,201,60.207972893961475
230,Passive,exp01,spatial_placement,target,straightener,447,125,459,233,108.664621657649
238,Passive,exp01,spatial_placement,target,alarmclock,280,420,119,361,171.47011401407536
238,Passive,exp01,spatial_placement,target,applecore,171,325,392,350,222.40953216982405
238,Passive,exp01,spatial_placement,lure,bikepump,403,177,439,350,176.70597047072292
238,Passive,exp01,spatial_placement,target,binoculars,189,323,270,339,82.56512580987206
238,Passive,exp01,spatial_placement,lure,bowlingball,449,230,466,175,57.56735185849702
238,Passive,exp01,spatial_placement,target,broom,172,411,219,186,229.85647695899283
238,Passive,exp01,spatial_placement,target,camcorder,135,316,272,363,144.83784035948617
238,Passive,exp01,spatial_placement,lure,doghouse,181,259,215,277,38.47076812334269
238,Passive,exp01,spatial_placement,target,donut,155,247,186,309,69.31810730249349
238,Passive,exp01,spatial_placement,target,feather,217,372,178,288,92.61209424259879
238,Passive,exp01,spatial_placement,lure,frame,116,289,314,343,205.23157651784484
238,Passive,exp01,spatial_placement,lure,hanger,341,257,164,360,204.78769494283586
238,Passive,exp01,spatial_placement,lure,iron,122,295,285,222,178.60011198204776
238,Passive,exp01,spatial_placement,lure,ladle,234,367,333,294,123.00406497347964
238,Passive,exp01,spatial_placement,target,mailbox,427,237,477,199,62.80127387243033
238,Passive,exp01,spatial_placement,target,microscope,369,227,489,358,177.65415840897168
238,Passive,exp01,spatial_placement,lure,milkshake,261,228,210,220,51.62363799656123
238,Passive,exp01,spatial_placement,lure,mortarpestle,143,305,280,367,150.3761949245957
238,Passive,exp01,spatial_placement,lure,pear,346,211,145,369,255.66579747787932
238,Passive,exp01,spatial_placement,target,pretzel,254,257,281,193,69.46221994724903
238,Passive,exp01,spatial_placement,target,purse,236,337,299,319,65.52098900352466
238,Passive,exp01,spatial_placement,lure,racquet,332,431,510,275,236.6854452643846
238,Passive,exp01,spatial_placement,target,rubikscube,433,241,450,267,31.064449134018133
238,Passive,exp01,spatial_placement,target,skates,312,447,178,237,249.11041728518703
238,Passive,exp01,spatial_placement,target,soccerball,392,430,90,270,341.76600181995866
238,Passive,exp01,spatial_placement,lure,starfish,402,216,237,201,165.6804152578089
238,Passive,exp01,spatial_placement,target,straightener,434,236,459,233,25.179356624028344
238,Passive,exp01,spatial_placement,lure,tapemeasure,282,247,189,230,94.54099639838793
238,Passive,exp01,spatial_placement,lure,trumpet,419,143,133,232,299.5279619668254
238,Passive,exp01,spatial_placement,lure,walkietalkie,228,342,393,246,190.8952592391964
238,Passive,exp01,spatial_placement,lure,wateringcan,116,328,207,235,130.11533345459327
239,Passive,exp01,spatial_placement,target,applecore,84,298,392,350,312.3587680856742
239,Passive,exp01,spatial_placement,target,broom,441,309,219,186,253.7971631047124
239,Passive,exp01,spatial_placement,target,cactus,213,274,167,189,96.64884893261792
239,Passive,exp01,spatial_placement,target,camcorder,384,258,272,363,153.52198539622916
239,Passive,exp01,spatial_placement,target,donut,184,305,186,309,4.47213595499958
239,Passive,exp01,spatial_placement,target,feather,258,304,178,288,81.58431221748455
239,Passive,exp01,spatial_placement,lure,frame,475,391,314,343,168.00297616411441
239,Passive,exp01,spatial_placement,target,gramophone,419,142,436,237,96.5090669315583
239,Passive,exp01,spatial_placement,target,laptop,255,292,175,219,108.30050784737807
239,Passive,exp01,spatial_placement,target,microscope,388,183,489,358,202.05444810743464
239,Passive,exp01,spatial_placement,target,piggybank,374,218,330,202,46.8187996428785
239,Passive,exp01,spatial_placement,target,purse,423,274,299,319,131.91285001848757
239,Passive,exp01,spatial_placement,lure,racquet,465,325,510,275,67.26812023536856
239,Passive,exp01,spatial_placement,target,rubikscube,278,246,450,267,173.27723451163456
239,Passive,exp01,spatial_placement,lure,seashell,273,376,201,358,74.21590126111789
239,Passive,exp01,spatial_placement,lure,shoppingcart,426,310,494,233,102.7277956543408
239,Passive,exp01,spatial_placement,lure,starfish,159,221,237,201,80.52328855678958
239,Passive,exp01,spatial_placement,lure,tapemeasure,447,295,189,230,266.0620228442985
239,Passive,exp01,spatial_placement,lure,toiletpaper,247,303,422,366,185.9946235782099
239,Passive,exp01,spatial_placement,lure,trumpet,256,82,133,232,193.98195792392653
239,Passive,exp01,spatial_placement,lure,walkietalkie,258,256,393,246,135.36986370680884
240,Passive,exp01,spatial_placement,target,alarmclock,459,145,119,361,402.81012896897215
240,Passive,exp01,spatial_placement,target,applecore,389,326,392,350,24.186773244895647
240,Passive,exp01,spatial_placement,target,binoculars,387,248,270,339,148.22280526288793
240,Passive,exp01,spatial_placement,lure,blender,435,367,333,170,221.84003245582164
240,Passive,exp01,spatial_placement,lure,bowlingball,204,273,466,175,279.7284397411175
240,Passive,exp01,spatial_placement,target,broom,116,341,219,186,186.10212250267324
240,Passive,exp01,spatial_placement,target,cactus,398,315,167,189,263.12924580897504
240,Passive,exp01,spatial_placement,target,camcorder,435,141,272,363,275.41423347387115
240,Passive,exp01,spatial_placement,lure,cereal,422,386,348,349,82.73451516749222
240,Passive,exp01,spatial_placement,target,donut,215,229,186,309,85.09406559801923
240,Passive,exp01,spatial_placement,target,feather,145,305,178,288,37.12142238654117
240,Passive,exp01,spatial_placement,lure,frame,61,212,314,343,284.9034924320866
240,Passive,exp01,spatial_placement,target,gramophone,387,316,436,237,92.9623579735368
240,Passive,exp01,spatial_placement,lure,gumballmachine,194,131,500,190,311.6360056219435
240,Passive,exp01,spatial_placement,lure,hanger,426,276,164,360,275.13632984395207
240,Passive,exp01,spatial_placement,lure,iron,92,310,285,222,212.11553455605272
240,Passive,exp01,spatial_placement,target,jug,383,355,423,354,40.01249804748511
240,Passive,exp01,spatial_placement,lure,ladle,399,251,333,294,78.77182237323191
240,Passive,exp01,spatial_placement,lure,landline,429,194,145,410,356.808071657579
240,Passive,exp01,spatial_placement,target,laptop,187,172,175,219,48.507731342539614
240,Passive,exp01,spatial_placement,target,mailbox,242,331,477,199,269.53478439711637
240,Passive,exp01,spatial_placement,target,microscope,457,138,489,358,222.31509170544405
240,Passive,exp01,spatial_placement,lure,milkshake,407,283,210,220,206.82843131445927
240,Passive,exp01,spatial_placement,lure,mortarpestle,313,371,280,367,33.24154027718932
240,Passive,exp01,spatial_placement,target,paperairplane,412,367,385,345,34.828149534535996
240,Passive,exp01,spatial_placement,lure,pear,371,319,145,369,231.46490014686893
240,Passive,exp01,spatial_placement,lure,pen,219,258,185,337,86.00581375697809
240,Passive,exp01,spatial_placement,target,piggybank,148,176,330,202,183.84776310850236
240,Passive,exp01,spatial_placement,target,pretzel,432,279,281,193,173.7728402253931
240,Passive,exp01,spatial_placement,target,purse,307,351,299,319,32.984845004941285
240,Passive,exp01,spatial_placement,lure,racquet,432,300,510,275,81.9084855189009
240,Passive,exp01,spatial_placement,target,remote,423,207,371,199,52.61178575186362
240,Passive,exp01,spatial_placement,target,rubikscube,135,175,450,267,328.16002194051606
240,Passive,exp01,spatial_placement,lure,seashell,238,389,201,358,48.27007354458868
240,Passive,exp01,spatial_placement,lure,shoppingcart,133,158,494,233,368.7085569931894
240,Passive,exp01,spatial_placement,target,soccerball,391,210,90,270,306.9218141481638
240,Passive,exp01,spatial_placement,lure,starfish,427,296,237,201,212.42645786248002
240,Passive,exp01,spatial_placement,target,straightener,386,273,459,233,83.24061508662703
240,Passive,exp01,spatial_placement,lure,tapemeasure,117,251,189,230,75.0
240,Passive,exp01,spatial_placement,lure,toiletpaper,394,400,422,366,44.04543109109048
240,Passive,exp01,spatial_placement,lure,trumpet,446,106,133,232,337.40924705763473
240,Passive,exp01,spatial_placement,lure,walkietalkie,369,220,393,246,35.38361202590826
240,Passive,exp01,spatial_placement,lure,wateringcan,168,243,207,235,39.81205847478876
235,Passive,exp01,spatial_placement,target,alarmclock,174,320,119,361,68.60029154456998
235,Passive,exp01,spatial_placement,target,applecore,151,268,392,350,254.568261965234
235,Passive,exp01,spatial_placement,target,binoculars,398,182,270,339,202.5660386145713
235,Passive,exp01,spatial_placement,lure,blender,247,177,333,170,86.28441342444185
235,Passive,exp01,spatial_placement,lure,bowlingball,486,93,466,175,84.40379138403677
235,Passive,exp01,spatial_placement,target,cactus,132,90,167,189,105.00476179678711
235,Passive,exp01,spatial_placement,target,camcorder,244,295,272,363,73.53910524340094
235,Passive,exp01,spatial_placement,lure,doghouse,130,293,215,277,86.49277426467485
235,Passive,exp01,spatial_placement,target,donut,322,228,186,309,158.2940302096071
235,Passive,exp01,spatial_placement,target,feather,117,303,178,288,62.81719509815764
235,Passive,exp01,spatial_placement,target,fishbowl,191,376,129,290,106.01886624558857
235,Passive,exp01,spatial_placement,lure,frame,221,411,314,343,115.20850663036997
235,Passive,exp01,spatial_placement,target,gavel,141,216,318,328,209.45882650296693
235,Passive,exp01,spatial_placement,target,gramophone,411,240,436,237,25.179356624028344
235,Passive,exp01,spatial_placement,lure,hairclip,387,157,390,170,13.341664064126334
235,Passive,exp01,spatial_placement,lure,hanger,252,299,164,360,107.07474025184464
235,Passive,exp01,spatial_placement,lure,landline,113,419,145,410,33.24154027718932
235,Passive,exp01,spatial_placement,target,laptop,197,304,175,219,87.80091115700337
235,Passive,exp01,spatial_placement,target,mailbox,375,328,477,199,164.45364088398895
235,Passive,exp01,spatial_placement,target,microscope,369,122,489,358,264.7564918939666
235,Passive,exp01,spatial_placement,lure,milkshake,319,298,210,220,134.03357788255897
235,Passive,exp01,spatial_placement,target,paperairplane,505,372,385,345,123.0
235,Passive,exp01,spatial_placement,lure,pear,124,98,145,369,271.8124353299532
235,Passive,exp01,spatial_placement,target,pretzel,295,183,281,193,17.204650534085253
235,Passive,exp01,spatial_placement,target,purse,287,315,299,319,12.649110640673518
235,Passive,exp01,spatial_placement,lure,racquet,429,208,510,275,105.11898020814318
235,Passive,exp01,spatial_placement,target,remote,259,278,371,199,137.05838172107534
235,Passive,exp01,spatial_placement,target,rubikscube,188,306,450,267,264.8867682614592
235,Passive,exp01,spatial_placement,lure,seashell,247,332,201,358,52.839379254491625
235,Passive,exp01,spatial_placement,target,soccerball,171,310,90,270,90.33825324855468
235,Passive,exp01,spatial_placement,lure,starfish,149,183,237,201,89.82204629154248
235,Passive,exp01,spatial_placement,target,straightener,361,271,459,233,105.1094667477673
235,Passive,exp01,spatial_placement,lure,trumpet,75,131,133,232,116.46887996370532
235,Passive,exp01,spatial_placement,lure,walkietalkie,91,245,393,246,302.00165562460086
236,Passive,exp01,spatial_placement,target,alarmclock,123,338,119,361,23.345235059857504
236,Passive,exp01,spatial_placement,target,applecore,289,342,392,350,103.31021246711285
236,Passive,exp01,spatial_placement,lure,bikepump,413,314,439,350,44.40720662234904
236,Passive,exp01,spatial_placement,lure,bowlingball,272,311,466,175,236.92192806914264
236,Passive,exp01,spatial_placement,target,cactus,146,155,167,189,39.96248240537617
236,Passive,exp01,spatial_placement,target,camcorder,207,375,272,363,66.09841147864296
236,Passive,exp01,spatial_placement,target,dogbowl,362,200,246,210,116.43023662262307
236,Passive,exp01,spatial_placement,lure,doghouse,142,237,215,277,83.24061508662703
236,Passive,exp01,spatial_placement,target,donut,128,266,186,309,72.20110802473879
236,Passive,exp01,spatial_placement,target,feather,242,259,178,288,70.26378868236469
236,Passive,exp01,spatial_placement,target,fishbowl,236,269,129,290,109.04127658827184
236,Passive,exp01,spatial_placement,lure,frame,351,279,314,343,73.92563831310488
236,Passive,exp01,spatial_placement,lure,hairclip,339,185,390,170,53.16013544000805
236,Passive,exp01,spatial_placement,lure,hanger,121,276,164,360,94.36630754670864
236,Passive,exp01,spatial_placement,lure,iron,258,140,285,222,86.33075929238663
236,Passive,exp01,spatial_placement,target,jug,144,276,423,354,289.69811873741946
236,Passive,exp01,spatial_placement,lure,ladle,447,128,333,294,201.37527157027003
236,Passive,exp01,spatial_placement,lure,landline,101,332,145,410,89.55445270895244
236,Passive,exp01,spatial_placement,target,mailbox,488,211,477,199,16.278820596099706
236,Passive,exp01,spatial_placement,target,microscope,474,347,489,358,18.601075237738275
236,Passive,exp01,spatial_placement,lure,milkshake,325,273,210,220,126.62543188475212
236,Passive,exp01,spatial_placement,lure,mortarpestle,337,200,280,367,176.459627110566
236,Passive,exp01,spatial_placement,target,paperairplane,273,161,385,345,215.40659228538016
236,Passive,exp01,spatial_placement,target,piggybank,346,336,330,202,134.9518432626987
236,Passive,exp01,spatial_placement,lure,racquet,448,331,510,275,83.54639429682169
236,Passive,exp01,spatial_placement,target,remote,520,217,371,199,150.08331019803634
236,Passive,exp01,spatial_placement,target,rubikscube,299,303,450,267,155.23208431248997
236,Passive,exp01,spatial_placement,lure,seashell,258,369,201,358,58.05170109479997
236,Passive,exp01,spatial_placement,lure,shoppingcart,372,347,494,233,166.97305171793442
236,Passive,exp01,spatial_placement,target,skates,187,160,178,237,77.52418977325722
236,Passive,exp01,spatial_placement,target,soccerball,148,215,90,270,79.93122043357026
236,Passive,exp01,spatial_placement,lure,starfish,220,218,237,201,24.041630560342615
236,Passive,exp01,spatial_placement,lure,tapemeasure,443,385,189,230,297.5583976297762
236,Passive,exp01,spatial_placement,lure,wateringcan,181,277,207,235,49.39635614091387
228,Passive,exp01,spatial_placement,target,alarmclock,222,273,119,361,135.47324459095236
228,Passive,exp01,spatial_placement,target,applecore,239,278,392,350,169.09464805250343
228,Passive,exp01,spatial_placement,lure,bikepump,226,305,439,350,217.70163067832084
228,Passive,exp01,spatial_placement,target,binoculars,258,295,270,339,45.60701700396552
228,Passive,exp01,spatial_placement,lure,blender,262,260,333,170,114.63420083029322
228,Passive,exp01,spatial_placement,target,broom,253,264,219,186,85.0881895447306
228,Passive,exp01,spatial_placement,target,cactus,114,236,167,189,70.83784299369935
228,Passive,exp01,spatial_placement,target,dogbowl,258,293,246,210,83.86298349093002
228,Passive,exp01,spatial_placement,lure,doghouse,241,282,215,277,26.476404589747453
228,Passive,exp01,spatial_placement,target,donut,226,288,186,309,45.17742799230607
228,Passive,exp01,spatial_placement,target,feather,169,290,178,288,9.219544457292887
228,Passive,exp01,spatial_placement,target,gramophone,257,256,436,237,180.00555546982432
228,Passive,exp01,spatial_placement,lure,hairclip,265,242,390,170,144.25324953012324
228,Passive,exp01,spatial_placement,lure,hanger,277,300,164,360,127.94139283281233
228,Passive,exp01,spatial_placement,lure,iron,224,256,285,222,69.83552104767315
228,Passive,exp01,spatial_placement,lure,ladle,269,248,333,294,78.81624198095213
228,Passive,exp01,spatial_placement,target,mailbox,271,238,477,199,209.65924735150605
228,Passive,exp01,spatial_placement,target,microscope,273,372,489,358,216.453228204155
228,Passive,exp01,spatial_placement,lure,milkshake,263,265,210,220,69.52697318307479
228,Passive,exp01,spatial_placement,lure,pear,277,236,145,369,187.3846311734236
228,Passive,exp01,spatial_placement,target,piggybank,295,328,330,202,130.77079184588584
228,Passive,exp01,spatial_placement,target,purse,259,213,299,319,113.29607230614837
228,Passive,exp01,spatial_placement,lure,racquet,265,227,510,275,249.65776575143823
228,Passive,exp01,spatial_placement,target,remote,240,263,371,199,145.79780519610026
228,Passive,exp01,spatial_placement,target,rubikscube,386,213,450,267,83.73768566183328
228,Passive,exp01,spatial_placement,lure,seashell,363,330,201,358,164.40194646049662
228,Passive,exp01,spatial_placement,lure,shoppingcart,326,347,494,233,203.02709178826356
228,Passive,exp01,spatial_placement,target,skates,252,184,178,237,91.02197536858887
228,Passive,exp01,spatial_placement,target,soccerball,388,208,90,270,304.381339769704
228,Passive,exp01,spatial_placement,lure,starfish,269,272,237,201,77.87810988975015
228,Passive,exp01,spatial_placement,target,straightener,228,219,459,233,231.42385356743154
228,Passive,exp01,spatial_placement,lure,tapemeasure,318,265,189,230,133.6637572418193
228,Passive,exp01,spatial_placement,lure,trumpet,308,150,133,232,193.25889371514057
228,Passive,exp01,spatial_placement,lure,walkietalkie,246,230,393,246,147.8681845428556
231,Passive,exp01,spatial_placement,target,alarmclock,133,154,119,361,207.4728897952694
231,Passive,exp01,spatial_placement,target,binoculars,378,232,270,339,152.029602380589
231,Passive,exp01,spatial_placement,lure,cereal,295,317,348,349,61.91122676865643
231,Passive,exp01,spatial_placement,lure,doghouse,399,297,215,277,185.0837648201484
231,Passive,exp01,spatial_placement,target,feather,399,241,178,288,225.94247055390008
231,Passive,exp01,spatial_placement,target,fishbowl,113,214,129,290,77.6659513557904
231,Passive,exp01,spatial_placement,lure,frame,458,206,314,343,198.75864761061342
231,Passive,exp01,spatial_placement,target,gramophone,456,73,436,237,165.21501142450705
231,Passive,exp01,spatial_placement,lure,gumballmachine,421,130,500,190,99.20181449953424
231,Passive,exp01,spatial_placement,lure,ladle,353,157,333,294,138.45215780189199
231,Passive,exp01,spatial_placement,target,laptop,246,182,175,219,80.06247560499239
231,Passive,exp01,spatial_placement,target,microscope,390,145,489,358,234.8829495727606
231,Passive,exp01,spatial_placement,lure,mortarpestle,421,245,280,367,186.45374761586316
231,Passive,exp01,spatial_placement,target,paperairplane,236,185,385,345,218.6343980255623
231,Passive,exp01,spatial_placement,lure,pear,134,339,145,369,31.953090617340916
231,Passive,exp01,spatial_placement,lure,pen,160,178,185,337,160.9534094078159
231,Passive,exp01,spatial_placement,target,piggybank,241,223,330,202,91.44397191723465
231,Passive,exp01,spatial_placement,target,pretzel,265,215,281,193,27.202941017470888
231,Passive,exp01,spatial_placement,lure,racquet,442,160,510,275,133.60014970051492
231,Passive,exp01,spatial_placement,target,remote,311,257,371,199,83.45058418010026
231,Passive,exp01,spatial_placement,lure,seashell,229,368,201,358,29.732137494637012
231,Passive,exp01,spatial_placement,target,skates,259,198,178,237,89.89994438263018
231,Passive,exp01,spatial_placement,target,soccerball,79,139,90,270,131.4610208388783
231,Passive,exp01,spatial_placement,lure,starfish,165,191,237,201,72.69112738154499
231,Passive,exp01,spatial_placement,target,straightener,374,196,459,233,92.70382947861431
231,Passive,exp01,spatial_placement,lure,tapemeasure,228,235,189,230,39.319206502675
231,Passive,exp01,spatial_placement,lure,trumpet,361,258,133,232,229.47766775876036
232,Passive,exp01,spatial_placement,target,alarmclock,424,172,119,361,358.81192845277593
232,Passive,exp01,spatial_placement,target,applecore,96,361,392,350,296.2043213729334
232,Passive,exp01,spatial_placement,lure,bikepump,91,223,439,350,370.44972668366216
232,Passive,exp01,spatial_placement,target,binoculars,325,165,270,339,182.48561587149823
232,Passive,exp01,spatial_placement,lure,bowlingball,390,241,466,175,100.65783625729296
232,Passive,exp01,spatial_placement,target,broom,447,228,219,186,231.8361490363399
232,Passive,exp01,spatial_placement,target,cactus,114,215,167,189,59.033888572581766
232,Passive,exp01,spatial_placement,target,dogbowl,113,254,246,210,140.089257261219
232,Passive,exp01,spatial_placement,target,donut,436,266,186,309,253.67104683033892
232,Passive,exp01,spatial_placement,target,feather,96,337,178,288,95.524865872714
232,Passive,exp01,spatial_placement,target,fishbowl,388,252,129,290,261.7728022541685
232,Passive,exp01,spatial_placement,lure,frame,104,346,314,343,210.02142747824567
232,Passive,exp01,spatial_placement,target,gavel,153,259,318,328,178.84630272946657
232,Passive,exp01,spatial_placement,target,gramophone,281,180,436,237,165.14841809717706
232,Passive,exp01,spatial_placement,lure,gumballmachine,107,299,500,190,407.83575125287877
232,Passive,exp01,spatial_placement,lure,hairclip,394,337,390,170,167.0478973228936
232,Passive,exp01,spatial_placement,lure,hanger,84,194,164,360,184.27153876819935
232,Passive,exp01,spatial_placement,lure,iron,404,316,285,222,151.64761785138597
232,Passive,exp01,spatial_placement,lure,ladle,407,339,333,294,86.6083136886985
232,Passive,exp01,spatial_placement,target,laptop,80,196,175,219,97.74456506629922
232,Passive,exp01,spatial_placement,target,microscope,418,145,489,358,224.52171387195494
232,Passive,exp01,spatial_placement,lure,milkshake,98,352,210,220,173.11268006705922
232,Passive,exp01,spatial_placement,lure,pear,251,166,145,369,229.0087334579186
232,Passive,exp01,spatial_placement,lure,pen,120,261,185,337,100.00499987500625
232,Passive,exp01,spatial_placement,target,piggybank,403,237,330,202,80.95677859203639
232,Passive,exp01,spatial_placement,target,pretzel,255,185,281,193,27.202941017470888
232,Passive,exp01,spatial_placement,target,purse,100,315,299,319,199.04019694524018
232,Passive,exp01,spatial_placement,lure,racquet,449,213,510,275,86.97700845625813
232,Passive,exp01,spatial_placement,target,remote,99,175,371,199,273.0567706540162
232,Passive,exp01,spatial_placement,target,rubikscube,127,339,450,267,330.9274845037807
232,Passive,exp01,spatial_placement,lure,seashell,252,388,201,358,59.16924876994806
232,Passive,exp01,spatial_placement,target,skates,408,176,178,237,237.95167576632025
232,Passive,exp01,spatial_placement,target,soccerball,89,191,90,270,79.00632886041473
232,Passive,exp01,spatial_placement,lure,starfish,138,193,237,201,99.32270636667126
232,Passive,exp01,spatial_placement,target,straightener,142,287,459,233,321.56647835245514
232,Passive,exp01,spatial_placement,lure,toiletpaper,390,213,422,366,156.31058825300352
232,Passive,exp01,spatial_placement,lure,trumpet,409,113,133,232,300.56114186634306
232,Passive,exp01,spatial_placement,lure,walkietalkie,94,377,393,246,326.4383555895355
232,Passive,exp01,spatial_placement,lure,wateringcan,369,383,207,235,219.42652528807906
233,Passive,exp01,spatial_placement,target,alarmclock,425,293,119,361,313.4645115479582
233,Passive,exp01,spatial_placement,target,applecore,413,122,392,350,228.96506283710622
233,Passive,exp01,spatial_placement,lure,bikepump,403,136,439,350,217.00691233230336
233,Passive,exp01,spatial_placement,lure,blender,160,198,333,170,175.2512482123879
233,Passive,exp01,spatial_placement,lure,bowlingball,329,206,466,175,140.46351839534705
233,Passive,exp01,spatial_placement,target,broom,421,359,219,186,265.9567634033773
233,Passive,exp01,spatial_placement,target,camcorder,342,468,272,363,126.19429464123962
233,Passive,exp01,spatial_placement,lure,cereal,92,347,348,349,256.00781238079435
233,Passive,exp01,spatial_placement,target,dogbowl,300,361,246,210,160.3652081967906
233,Passive,exp01,spatial_placement,lure,doghouse,448,172,215,277,255.56603843233944
233,Passive,exp01,spatial_placement,target,donut,354,325,186,309,168.7601848778319
233,Passive,exp01,spatial_placement,target,feather,283,192,178,288,142.2708684165525
233,Passive,exp01,spatial_placement,target,fishbowl,300,365,129,290,186.72439583514523
233,Passive,exp01,spatial_placement,target,gavel,480,157,318,328,235.55254190944322
233,Passive,exp01,spatial_placement,target,gramophone,247,272,436,237,192.21342304844373
233,Passive,exp01,spatial_placement,lure,hairclip,246,330,390,170,215.25798475317936
233,Passive,exp01,spatial_placement,lure,hanger,187,365,164,360,23.53720459187964
233,Passive,exp01,spatial_placement,lure,ladle,152,246,333,294,187.25650856512306
233,Passive,exp01,spatial_placement,lure,landline,130,414,145,410,15.524174696260024
233,Passive,exp01,spatial_placement,target,laptop,148,172,175,219,54.20332093147061
233,Passive,exp01,spatial_placement,target,mailbox,370,320,477,199,161.5239920259526
233,Passive,exp01,spatial_placement,target,microscope,395,313,489,358,104.21612159354233
233,Passive,exp01,spatial_placement,lure,mortarpestle,367,334,280,367,93.04837451562494
233,Passive,exp01,spatial_placement,target,paperairplane,385,334,385,345,11.0
233,Passive,exp01,spatial_placement,lure,pen,413,301,185,337,230.82460874005614
233,Passive,exp01,spatial_placement,target,piggybank,229,237,330,202,106.89246933250256
233,Passive,exp01,spatial_placement,target,pretzel,252,328,281,193,138.07968713753664
233,Passive,exp01,spatial_placement,lure,racquet,383,148,510,275,179.60512242138307
233,Passive,exp01,spatial_placement,target,remote,463,253,371,199,106.6770828247567
233,Passive,exp01,spatial_placement,target,rubikscube,352,198,450,267,119.85407794480753
233,Passive,exp01,spatial_placement,lure,seashell,356,211,201,358,213.62116000059544
233,Passive,exp01,spatial_placement,target,soccerball,175,404,90,270,158.68522300453813
233,Passive,exp01,spatial_placement,lure,starfish,104,406,237,201,244.36448187083164
233,Passive,exp01,spatial_placement,target,straightener,358,169,459,233,119.57006314291216
233,Passive,exp01,spatial_placement,lure,tapemeasure,425,380,189,230,279.6354770053328
233,Passive,exp01,spatial_placement,lure,toiletpaper,426,333,422,366,33.24154027718932
233,Passive,exp01,spatial_placement,lure,walkietalkie,230,301,393,246,172.02906731131225
241,Passive,exp01,spatial_placement,target,alarmclock,161,108,119,361,256.46247288833507
241,Passive,exp01,spatial_placement,target,applecore,176,210,392,350,257.4024086911387
241,Passive,exp01,spatial_placement,target,binoculars,259,361,270,339,24.596747752497688
241,Passive,exp01,spatial_placement,target,cactus,171,308,167,189,119.06720791217035
241,Passive,exp01,spatial_placement,target,camcorder,247,117,272,363,247.2670621008791
241,Passive,exp01,spatial_placement,target,dogbowl,433,269,246,210,196.08671551127577
241,Passive,exp01,spatial_placement,lure,doghouse,253,311,215,277,50.99019513592785
241,Passive,exp01,spatial_placement,target,donut,392,314,186,309,206.0606706773517
241,Passive,exp01,spatial_placement,target,feather,464,201,178,288,298.93979326948096
241,Passive,exp01,spatial_placement,lure,frame,214,143,314,343,223.60679774997897
241,Passive,exp01,spatial_placement,target,gavel,432,317,318,328,114.5294721894762
241,Passive,exp01,spatial_placement,target,gramophone,383,300,436,237,82.3286098510111
241,Passive,exp01,spatial_placement,lure,gumballmachine,269,414,500,190,321.7716581677137
241,Passive,exp01,spatial_placement,lure,hanger,439,159,164,360,340.62589449423837
241,Passive,exp01,spatial_placement,lure,iron,397,357,285,222,175.410946066658
241,Passive,exp01,spatial_placement,target,jug,157,306,423,354,270.29613389761977
241,Passive,exp01,spatial_placement,lure,ladle,410,197,333,294,123.84667940643382
241,Passive,exp01,spatial_placement,lure,landline,420,327,145,410,287.2525021649072
241,Passive,exp01,spatial_placement,target,laptop,489,168,175,219,318.1147591671911
241,Passive,exp01,spatial_placement,target,mailbox,261,312,477,199,243.77243486497812
241,Passive,exp01,spatial_placement,target,microscope,231,373,489,358,258.43567865138124
241,Passive,exp01,spatial_placement,lure,mortarpestle,334,328,280,367,66.61080993352356
241,Passive,exp01,spatial_placement,target,paperairplane,321,248,385,345,116.21101496846157
241,Passive,exp01,spatial_placement,lure,pear,489,369,145,369,344.0
241,Passive,exp01,spatial_placement,target,piggybank,196,312,330,202,173.3666634621547
241,Passive,exp01,spatial_placement,target,pretzel,122,305,281,193,194.48650338776724
241,Passive,exp01,spatial_placement,target,purse,412,185,299,319,175.28548142958104
241,Passive,exp01,spatial_placement,target,remote,482,320,371,199,164.20109622045769
241,Passive,exp01,spatial_placement,target,rubikscube,193,261,450,267,257.07002936943076
241,Passive,exp01,spatial_placement,lure,seashell,415,235,201,358,246.82990094394967
241,Passive,exp01,spatial_placement,target,soccerball,212,214,90,270,134.23859355639868
241,Passive,exp01,spatial_placement,lure,starfish,48,201,237,201,189.0
241,Passive,exp01,spatial_placement,target,straightener,455,372,459,233,139.05754204644924
241,Passive,exp01,spatial_placement,lure,tapemeasure,170,404,189,230,175.03428235634297
241,Passive,exp01,spatial_placement,lure,trumpet,396,216,133,232,263.48624252510797
241,Passive,exp01,spatial_placement,lure,walkietalkie,376,206,393,246,43.46262762420146
241,Passive,exp01,spatial_placement,lure,wateringcan,96,259,207,235,113.5649593844862
242,Passive,exp01,spatial_placement,target,alarmclock,107,316,119,361,46.57252408878007
242,Passive,exp01,spatial_placement,target,applecore,103,393,392,350,292.18145047213386
242,Passive,exp01,spatial_placement,lure,bikepump,452,337,439,350,18.384776310850235
242,Passive,exp01,spatial_placement,target,cactus,104,208,167,189,65.80273550544841
242,Passive,exp01,spatial_placement,target,feather,463,210,178,288,295.48096385384963
242,Passive,exp01,spatial_placement,lure,frame,276,337,314,343,38.47076812334269
242,Passive,exp01,spatial_placement,lure,hanger,92,251,164,360,130.6330739131557
242,Passive,exp01,spatial_placement,lure,iron,189,250,285,222,100.0
242,Passive,exp01,spatial_placement,lure,ladle,382,231,333,294,79.81227975693966
242,Passive,exp01,spatial_placement,target,microscope,467,377,489,358,29.068883707497267
242,Passive,exp01,spatial_placement,target,purse,260,203,299,319,122.38055401083949
242,Passive,exp01,spatial_placement,lure,racquet,365,109,510,275,220.41097976280582
242,Passive,exp01,spatial_placement,target,rubikscube,96,307,450,267,356.2527192878673
242,Passive,exp01,spatial_placement,lure,seashell,113,365,201,358,88.2779700718135
242,Passive,exp01,spatial_placement,target,straightener,113,230,459,233,346.01300553591915
243,Passive,exp01,spatial_placement,target,applecore,141,303,392,350,255.36248745655655
243,Passive,exp01,spatial_placement,lure,bikepump,412,195,439,350,157.33403954643762
243,Passive,exp01,spatial_placement,target,binoculars,115,299,270,339,160.0781059358212
243,Passive,exp01,spatial_placement,lure,blender,281,148,333,170,56.462376853972415
243,Passive,exp01,spatial_placement,lure,bowlingball,148,248,466,175,326.27135945405934
243,Passive,exp01,spatial_placement,target,cactus,208,176,167,189,43.01162633521314
243,Passive,exp01,spatial_placement,target,camcorder,354,206,272,363,177.12425017484196
243,Passive,exp01,spatial_placement,target,donut,342,310,186,309,156.00320509528
243,Passive,exp01,spatial_placement,target,fishbowl,163,255,129,290,48.79549159502341
243,Passive,exp01,spatial_placement,lure,frame,327,292,314,343,52.630789467763066
243,Passive,exp01,spatial_placement,target,gavel,267,299,318,328,58.66856057549052
243,Passive,exp01,spatial_placement,target,gramophone,151,337,436,237,302.03476621077914
243,Passive,exp01,spatial_placement,lure,hanger,350,184,164,360,256.0703028466987
243,Passive,exp01,spatial_placement,lure,iron,355,168,285,222,88.40814442120137
243,Passive,exp01,spatial_placement,lure,ladle,392,368,333,294,94.64142856064674
243,Passive,exp01,spatial_placement,lure,landline,251,356,145,410,118.96217886370441
243,Passive,exp01,spatial_placement,target,laptop,449,300,175,219,285.72189275587544
243,Passive,exp01,spatial_placement,target,microscope,443,333,489,358,52.354560450833695
243,Passive,exp01,spatial_placement,lure,mortarpestle,136,351,280,367,144.88616221019868
243,Passive,exp01,spatial_placement,lure,pear,392,280,145,369,262.54523419784255
243,Passive,exp01,spatial_placement,target,piggybank,309,170,330,202,38.27531841800928
243,Passive,exp01,spatial_placement,target,pretzel,267,172,281,193,25.238858928247925
243,Passive,exp01,spatial_placement,target,purse,290,309,299,319,13.45362404707371
243,Passive,exp01,spatial_placement,target,rubikscube,483,297,450,267,44.598206241955516
243,Passive,exp01,spatial_placement,target,straightener,401,200,459,233,66.73080248281148
243,Passive,exp01,spatial_placement,lure,tapemeasure,443,210,189,230,254.78618486880328
243,Passive,exp01,spatial_placement,lure,trumpet,397,140,133,232,279.5711000801048
244,Passive,exp01,spatial_placement,target,alarmclock,426,212,119,361,341.2477106150311
244,Passive,exp01,spatial_placement,target,applecore,255,189,392,350,211.4000946073582
244,Passive,exp01,spatial_placement,lure,bikepump,449,128,439,350,222.22511109233358
244,Passive,exp01,spatial_placement,target,binoculars,154,343,270,339,116.06894502837527
244,Passive,exp01,spatial_placement,lure,blender,336,137,333,170,33.13608305156178
244,Passive,exp01,spatial_placement,lure,bowlingball,149,277,466,175,333.00600595184466
244,Passive,exp01,spatial_placement,target,broom,492,140,219,186,276.8483339303309
244,Passive,exp01,spatial_placement,target,cactus,370,302,167,189,232.3316594870359
244,Passive,exp01,spatial_placement,target,camcorder,314,159,272,363,208.2786594925174
244,Passive,exp01,spatial_placement,target,dogbowl,162,210,246,210,84.0
244,Passive,exp01,spatial_placement,target,feather,404,143,178,288,268.5162937328013
244,Passive,exp01,spatial_placement,lure,frame,400,180,314,343,184.29595763336752
244,Passive,exp01,spatial_placement,target,gavel,299,133,318,328,195.92345444075858
244,Passive,exp01,spatial_placement,lure,gumballmachine,471,248,500,190,64.8459713474939
244,Passive,exp01,spatial_placement,lure,hairclip,290,304,390,170,167.20047846821492
244,Passive,exp01,spatial_placement,lure,hanger,267,249,164,360,151.42654985173505
244,Passive,exp01,spatial_placement,lure,iron,137,123,285,222,178.05897899291685
244,Passive,exp01,spatial_placement,lure,ladle,205,207,333,294,154.76756766196203
244,Passive,exp01,spatial_placement,lure,landline,140,347,145,410,63.198101237299845
244,Passive,exp01,spatial_placement,target,laptop,110,309,175,219,111.01801655587259
244,Passive,exp01,spatial_placement,target,mailbox,393,306,477,199,136.03308421115798
244,Passive,exp01,spatial_placement,target,microscope,442,326,489,358,56.859475903318
244,Passive,exp01,spatial_placement,lure,milkshake,272,290,210,220,93.50935782048768
244,Passive,exp01,spatial_placement,lure,mortarpestle,221,249,280,367,131.9280106724876
244,Passive,exp01,spatial_placement,target,paperairplane,363,301,385,345,49.193495504995376
244,Passive,exp01,spatial_placement,lure,pear,372,203,145,369,281.2205540141047
244,Passive,exp01,spatial_placement,lure,pen,144,200,185,337,143.0034964607509
244,Passive,exp01,spatial_placement,target,pretzel,410,233,281,193,135.05924625881784
244,Passive,exp01,spatial_placement,target,purse,456,272,299,319,163.88410539158457
244,Passive,exp01,spatial_placement,lure,racquet,151,163,510,275,376.06515392947534
244,Passive,exp01,spatial_placement,target,remote,283,336,371,199,162.82813024781683
244,Passive,exp01,spatial_placement,target,rubikscube,192,287,450,267,258.7740327003465
244,Passive,exp01,spatial_placement,lure,seashell,317,216,201,358,183.35757415498276
244,Passive,exp01,spatial_placement,lure,shoppingcart,168,299,494,233,332.61389026918283
244,Passive,exp01,spatial_placement,target,skates,262,158,178,237,115.31261856362468
244,Passive,exp01,spatial_placement,target,soccerball,123,221,90,270,59.07622195096772
244,Passive,exp01,spatial_placement,lure,starfish,197,216,237,201,42.720018726587654
244,Passive,exp01,spatial_placement,target,straightener,391,369,459,233,152.0526224699857
244,Passive,exp01,spatial_placement,lure,tapemeasure,262,376,189,230,163.23296235748464
244,Passive,exp01,spatial_placement,lure,toiletpaper,387,185,422,366,184.3529224069963
244,Passive,exp01,spatial_placement,lure,walkietalkie,168,278,393,246,227.26416347501865
244,Passive,exp01,spatial_placement,lure,wateringcan,175,196,207,235,50.44799302251776
245,Passive,exp01,spatial_placement,target,applecore,383,271,392,350,79.51100552753688
245,Passive,exp01,spatial_placement,target,cactus,146,327,167,189,139.5886814895821
245,Passive,exp01,spatial_placement,lure,cereal,369,289,348,349,63.56886030125127
245,Passive,exp01,spatial_placement,target,donut,261,143,186,309,182.15652609774924
245,Passive,exp01,spatial_placement,target,feather,169,328,178,288,41.0
245,Passive,exp01,spatial_placement,lure,frame,357,279,314,343,77.10382610480494
245,Passive,exp01,spatial_placement,target,gavel,164,340,318,328,154.46682491719702
245,Passive,exp01,spatial_placement,target,gramophone,350,228,436,237,86.46964785403026
245,Passive,exp01,spatial_placement,lure,hairclip,357,404,390,170,236.31546711969574
245,Passive,exp01,spatial_placement,lure,hanger,396,161,164,360,305.6550343115585
245,Passive,exp01,spatial_placement,lure,iron,214,327,285,222,126.75172582651489
245,Passive,exp01,spatial_placement,lure,ladle,147,175,333,294,220.80987296767324
245,Passive,exp01,spatial_placement,lure,landline,160,238,145,410,172.6528308484978
245,Passive,exp01,spatial_placement,target,mailbox,396,213,477,199,82.20097323024831
245,Passive,exp01,spatial_placement,target,microscope,347,176,489,358,230.84193726444076
245,Passive,exp01,spatial_placement,target,paperairplane,161,355,385,345,224.22310318073826
245,Passive,exp01,spatial_placement,lure,pen,253,99,185,337,247.52373623553763
245,Passive,exp01,spatial_placement,target,piggybank,162,248,330,202,174.18381095842403
245,Passive,exp01,spatial_placement,target,pretzel,207,191,281,193,74.02702209328699
245,Passive,exp01,spatial_placement,lure,racquet,206,354,510,275,314.0971187387748
245,Passive,exp01,spatial_placement,target,remote,213,249,371,199,165.72265988693277
245,Passive,exp01,spatial_placement,target,rubikscube,213,159,450,267,260.44769148525774
245,Passive,exp01,spatial_placement,lure,seashell,365,231,201,358,207.4246851269154
245,Passive,exp01,spatial_placement,target,soccerball,398,201,90,270,315.6342820417326
245,Passive,exp01,spatial_placement,lure,starfish,215,134,237,201,70.51950084905593
245,Passive,exp01,spatial_placement,target,straightener,86,316,459,233,382.1230168414355
245,Passive,exp01,spatial_placement,lure,toiletpaper,421,384,422,366,18.027756377319946
245,Passive,exp01,spatial_placement,lure,trumpet,205,290,133,232,92.45539465060976
245,Passive,exp01,spatial_placement,lure,walkietalkie,407,343,393,246,98.00510190801293
147,Active,exp01,spatial_placement,target,cactus,269,393,167,189,228.07893370497854
147,Active,exp01,spatial_placement,lure,cereal,123,250,348,349,245.81700510745793
147,Active,exp01,spatial_placement,target,dogbowl,249,214,246,210,5.0
147,Active,exp01,spatial_placement,target,donut,246,183,186,309,139.5564401953561
147,Active,exp01,spatial_placement,target,feather,264,384,178,288,128.8875478857442
147,Active,exp01,spatial_placement,target,fishbowl,94,266,129,290,42.43819034784589
147,Active,exp01,spatial_placement,lure,gumballmachine,490,226,500,190,37.36308338453881
147,Active,exp01,spatial_placement,lure,hairclip,287,355,390,170,211.74040710265956
147,Active,exp01,spatial_placement,target,jug,257,349,423,354,166.0752841334315
147,Active,exp01,spatial_placement,lure,ladle,135,251,333,294,202.6153992173349
147,Active,exp01,spatial_placement,lure,milkshake,120,186,210,220,96.20810776644555
147,Active,exp01,spatial_placement,target,paperairplane,127,235,385,345,280.471032372329
147,Active,exp01,spatial_placement,target,pretzel,257,151,281,193,48.373546489791295
147,Active,exp01,spatial_placement,target,purse,281,342,299,319,29.206163733020468
147,Active,exp01,spatial_placement,lure,racquet,257,201,510,275,263.60007587252323
147,Active,exp01,spatial_placement,target,rubikscube,444,263,450,267,7.211102550927978
147,Active,exp01,spatial_placement,lure,seashell,147,216,201,358,151.92103211866353
147,Active,exp01,spatial_placement,lure,shoppingcart,421,168,494,233,97.74456506629922
147,Active,exp01,spatial_placement,target,skates,254,157,178,237,110.34491379306978
147,Active,exp01,spatial_placement,target,soccerball,134,254,90,270,46.8187996428785
147,Active,exp01,spatial_placement,target,straightener,277,394,459,233,242.99176940793694
147,Active,exp01,spatial_placement,lure,tapemeasure,224,377,189,230,151.10923201446033
148,Active,exp01,spatial_placement,target,alarmclock,509,294,119,361,395.7132800399805
148,Active,exp01,spatial_placement,target,applecore,436,353,392,350,44.10215414239989
148,Active,exp01,spatial_placement,lure,bikepump,78,245,439,350,375.96010426639685
148,Active,exp01,spatial_placement,target,binoculars,281,347,270,339,13.601470508735444
148,Active,exp01,spatial_placement,lure,bowlingball,348,72,466,175,156.6301375853319
148,Active,exp01,spatial_placement,target,broom,122,379,219,186,216.00462958001617
148,Active,exp01,spatial_placement,target,cactus,110,392,167,189,210.85065804972012
148,Active,exp01,spatial_placement,target,camcorder,434,320,272,363,167.60966559241146
148,Active,exp01,spatial_placement,lure,cereal,345,344,348,349,5.830951894845301
148,Active,exp01,spatial_placement,target,dogbowl,436,205,246,210,190.06577808748213
148,Active,exp01,spatial_placement,lure,doghouse,57,283,215,277,158.11388300841898
148,Active,exp01,spatial_placement,target,donut,320,338,186,309,137.10215169719257
148,Active,exp01,spatial_placement,target,feather,125,329,178,288,67.00746227100382
148,Active,exp01,spatial_placement,target,fishbowl,250,246,129,290,128.75169901791588
148,Active,exp01,spatial_placement,lure,frame,420,154,314,343,216.69563908856125
148,Active,exp01,spatial_placement,target,gavel,162,168,318,328,223.46364357541475
148,Active,exp01,spatial_placement,target,gramophone,341,144,436,237,132.94359706281458
148,Active,exp01,spatial_placement,lure,gumballmachine,496,173,500,190,17.46424919657298
148,Active,exp01,spatial_placement,lure,hanger,66,295,164,360,117.5967686630887
148,Active,exp01,spatial_placement,lure,iron,79,175,285,222,211.29363454680788
148,Active,exp01,spatial_placement,target,jug,478,270,423,354,100.40418317978589
148,Active,exp01,spatial_placement,lure,ladle,439,234,333,294,121.8031198286809
148,Active,exp01,spatial_placement,lure,landline,85,190,145,410,228.0350850198276
148,Active,exp01,spatial_placement,target,mailbox,490,197,477,199,13.152946437965905
148,Active,exp01,spatial_placement,target,microscope,492,311,489,358,47.095647357266465
148,Active,exp01,spatial_placement,lure,milkshake,141,307,210,220,111.04053313993049
148,Active,exp01,spatial_placement,lure,mortarpestle,114,319,280,367,172.80046296234278
148,Active,exp01,spatial_placement,target,paperairplane,111,187,385,345,316.29100524675056
148,Active,exp01,spatial_placement,target,piggybank,293,314,330,202,117.95338062132852
148,Active,exp01,spatial_placement,target,pretzel,368,164,281,193,91.706052144883
148,Active,exp01,spatial_placement,lure,racquet,422,322,510,275,99.76472322419383
148,Active,exp01,spatial_placement,target,remote,103,303,371,199,287.4717377412952
148,Active,exp01,spatial_placement,target,rubikscube,256,314,450,267,199.6121238802894
148,Active,exp01,spatial_placement,lure,seashell,250,168,201,358,196.21671692289624
148,Active,exp01,spatial_placement,target,skates,280,219,178,237,103.57605900979242
148,Active,exp01,spatial_placement,target,soccerball,170,144,90,270,149.25146565444507
148,Active,exp01,spatial_placement,lure,starfish,339,198,237,201,102.04410811016969
148,Active,exp01,spatial_placement,target,straightener,144,180,459,233,319.4276130831522
148,Active,exp01,spatial_placement,lure,tapemeasure,449,342,189,230,283.09715646752795
148,Active,exp01,spatial_placement,lure,toiletpaper,214,307,422,366,216.20592036297248
148,Active,exp01,spatial_placement,lure,trumpet,483,122,133,232,366.87872655688284
148,Active,exp01,spatial_placement,lure,walkietalkie,160,149,393,246,252.38462710711997
149,Active,exp01,spatial_placement,target,alarmclock,374,286,119,361,265.80067720004024
149,Active,exp01,spatial_placement,target,applecore,311,356,392,350,81.2219182240853
149,Active,exp01,spatial_placement,lure,bikepump,398,282,439,350,79.40403012442127
149,Active,exp01,spatial_placement,target,binoculars,433,163,270,339,239.88538930080756
149,Active,exp01,spatial_placement,lure,blender,379,348,333,170,183.84776310850236
149,Active,exp01,spatial_placement,lure,bowlingball,105,165,466,175,361.1384775955063
149,Active,exp01,spatial_placement,target,broom,441,352,219,186,277.2002886001384
149,Active,exp01,spatial_placement,target,cactus,172,361,167,189,172.07265907168403
149,Active,exp01,spatial_placement,target,camcorder,455,396,272,363,185.9516066077408
149,Active,exp01,spatial_placement,lure,cereal,294,329,348,349,57.584720195551874
149,Active,exp01,spatial_placement,target,dogbowl,193,90,246,210,131.18307817702708
149,Active,exp01,spatial_placement,lure,doghouse,393,315,215,277,182.0109886792553
149,Active,exp01,spatial_placement,target,donut,141,327,186,309,48.46648326421054
149,Active,exp01,spatial_placement,target,feather,168,142,178,288,146.34206503941374
149,Active,exp01,spatial_placement,target,fishbowl,148,241,129,290,52.55473337388365
149,Active,exp01,spatial_placement,lure,frame,346,348,314,343,32.38826948140329
149,Active,exp01,spatial_placement,target,gavel,100,405,318,328,231.1990484409484
149,Active,exp01,spatial_placement,target,gramophone,383,294,436,237,77.83315488916018
149,Active,exp01,spatial_placement,lure,gumballmachine,234,118,500,190,275.5721321178903
149,Active,exp01,spatial_placement,lure,hairclip,364,325,390,170,157.16551784663199
149,Active,exp01,spatial_placement,lure,hanger,315,346,164,360,151.64761785138597
149,Active,exp01,spatial_placement,lure,iron,218,131,285,222,113.00442469213318
149,Active,exp01,spatial_placement,target,jug,396,336,423,354,32.449961479175904
149,Active,exp01,spatial_placement,lure,ladle,355,345,333,294,55.54277630799526
149,Active,exp01,spatial_placement,lure,landline,117,387,145,410,36.235341863986875
149,Active,exp01,spatial_placement,target,laptop,196,302,175,219,85.61541917201598
149,Active,exp01,spatial_placement,target,microscope,475,344,489,358,19.79898987322333
149,Active,exp01,spatial_placement,lure,mortarpestle,323,125,280,367,245.79056125083403
149,Active,exp01,spatial_placement,target,paperairplane,81,397,385,345,308.41530441921975
149,Active,exp01,spatial_placement,lure,pear,476,355,145,369,331.2959402105616
149,Active,exp01,spatial_placement,lure,pen,446,322,185,337,261.43067914841214
149,Active,exp01,spatial_placement,target,piggybank,217,398,330,202,226.24102192131292
149,Active,exp01,spatial_placement,target,pretzel,421,134,281,193,151.92432326655268
149,Active,exp01,spatial_placement,target,purse,249,323,299,319,50.15974481593781
149,Active,exp01,spatial_placement,lure,racquet,312,334,510,275,206.60348496576722
149,Active,exp01,spatial_placement,target,remote,398,304,371,199,108.41586599755591
149,Active,exp01,spatial_placement,target,rubikscube,290,165,450,267,189.74720024284943
149,Active,exp01,spatial_placement,lure,seashell,409,209,201,358,255.86129054626454
149,Active,exp01,spatial_placement,lure,shoppingcart,146,48,494,233,394.11800263372896
149,Active,exp01,spatial_placement,target,skates,269,98,178,237,166.13849644197458
149,Active,exp01,spatial_placement,lure,starfish,493,119,237,201,268.81220210399675
149,Active,exp01,spatial_placement,target,straightener,456,209,459,233,24.186773244895647
149,Active,exp01,spatial_placement,lure,tapemeasure,351,133,189,230,188.8200201249857
149,Active,exp01,spatial_placement,lure,toiletpaper,107,283,422,366,325.75143898377485
149,Active,exp01,spatial_placement,lure,trumpet,385,53,133,232,309.1035425225664
149,Active,exp01,spatial_placement,lure,walkietalkie,147,361,393,246,271.55294143131647
149,Active,exp01,spatial_placement,lure,wateringcan,201,112,207,235,123.14625451064275
150,Active,exp01,spatial_placement,target,alarmclock,408,299,119,361,295.5757094214611
150,Active,exp01,spatial_placement,target,applecore,469,381,392,350,83.00602387778854
150,Active,exp01,spatial_placement,lure,bikepump,422,215,439,350,136.06616037795732
150,Active,exp01,spatial_placement,target,binoculars,168,248,270,339,136.69308687713507
150,Active,exp01,spatial_placement,target,broom,465,247,219,186,253.45019234555733
150,Active,exp01,spatial_placement,target,cactus,449,292,167,189,300.22158483360255
150,Active,exp01,spatial_placement,target,camcorder,465,491,272,363,231.5879962346926
150,Active,exp01,spatial_placement,lure,cereal,137,287,348,349,219.92044015961773
150,Active,exp01,spatial_placement,target,dogbowl,399,136,246,210,169.95587662684687
150,Active,exp01,spatial_placement,lure,doghouse,381,161,215,277,202.51419703319567
150,Active,exp01,spatial_placement,target,donut,401,228,186,309,229.7520402520944
150,Active,exp01,spatial_placement,target,feather,444,165,178,288,293.0614270080592
150,Active,exp01,spatial_placement,target,fishbowl,110,450,129,290,161.1241757155021
150,Active,exp01,spatial_placement,lure,frame,470,382,314,343,160.80111939908875
150,Active,exp01,spatial_placement,target,gavel,454,366,318,328,141.20906486483082
150,Active,exp01,spatial_placement,target,gramophone,416,333,436,237,98.0612053770501
150,Active,exp01,spatial_placement,lure,gumballmachine,214,288,500,190,302.32432915661946
150,Active,exp01,spatial_placement,lure,hanger,98,371,164,360,66.91038783328041
150,Active,exp01,spatial_placement,target,jug,407,336,423,354,24.08318915758459
150,Active,exp01,spatial_placement,lure,ladle,426,212,333,294,123.98790263570072
150,Active,exp01,spatial_placement,lure,landline,196,326,145,410,98.2700361249552
150,Active,exp01,spatial_placement,target,laptop,106,264,175,219,82.37718130647589
150,Active,exp01,spatial_placement,target,mailbox,90,335,477,199,410.20117015922807
150,Active,exp01,spatial_placement,target,microscope,482,277,489,358,81.30190649671138
150,Active,exp01,spatial_placement,target,paperairplane,381,251,385,345,94.08506789071261
150,Active,exp01,spatial_placement,lure,pear,118,217,145,369,154.37940277122465
150,Active,exp01,spatial_placement,lure,pen,73,307,185,337,115.94826432508596
150,Active,exp01,spatial_placement,target,piggybank,196,369,330,202,214.11445537375565
150,Active,exp01,spatial_placement,target,pretzel,357,220,281,193,80.65358020571685
150,Active,exp01,spatial_placement,target,purse,110,335,299,319,189.67603960437387
150,Active,exp01,spatial_placement,lure,racquet,275,250,510,275,236.32604596192948
150,Active,exp01,spatial_placement,target,remote,213,207,371,199,158.2024020045208
150,Active,exp01,spatial_placement,target,rubikscube,437,174,450,267,93.90420650854784
150,Active,exp01,spatial_placement,lure,seashell,304,60,201,358,315.29827148273426
150,Active,exp01,spatial_placement,lure,shoppingcart,362,166,494,233,148.03040228277433
150,Active,exp01,spatial_placement,target,soccerball,520,198,90,270,435.98623831492665
150,Active,exp01,spatial_placement,lure,starfish,243,408,237,201,207.0869382650678
150,Active,exp01,spatial_placement,target,straightener,49,346,459,233,425.28696194452044
150,Active,exp01,spatial_placement,lure,tapemeasure,469,99,189,230,309.1294227342328
150,Active,exp01,spatial_placement,lure,toiletpaper,409,141,422,366,225.37524265100637
150,Active,exp01,spatial_placement,lure,trumpet,389,56,133,232,310.6638054231616
150,Active,exp01,spatial_placement,lure,walkietalkie,139,291,393,246,257.9554225055174
150,Active,exp01,spatial_placement,lure,wateringcan,265,238,207,235,58.077534382926416
151,Active,exp01,spatial_placement,target,alarmclock,394,336,119,361,276.1340254296815
151,Active,exp01,spatial_placement,target,applecore,90,125,392,350,376.60191183795126
151,Active,exp01,spatial_placement,lure,bikepump,380,356,439,350,59.30430001273095
151,Active,exp01,spatial_placement,target,binoculars,116,372,270,339,157.4960316960399
151,Active,exp01,spatial_placement,lure,bowlingball,171,259,466,175,306.72626232522055
151,Active,exp01,spatial_placement,target,broom,389,345,219,186,232.76812496559748
151,Active,exp01,spatial_placement,target,camcorder,329,311,272,363,77.15568676384133
151,Active,exp01,spatial_placement,lure,cereal,514,246,348,349,195.35864454894235
151,Active,exp01,spatial_placement,target,dogbowl,348,337,246,210,162.88953311984167
151,Active,exp01,spatial_placement,lure,doghouse,71,351,215,277,161.90120444270946
151,Active,exp01,spatial_placement,target,donut,207,139,186,309,171.29214809792072
151,Active,exp01,spatial_placement,target,feather,485,221,178,288,314.226033294506
151,Active,exp01,spatial_placement,target,fishbowl,255,333,129,290,133.13526955694348
151,Active,exp01,spatial_placement,lure,frame,452,193,314,343,203.82345301755635
151,Active,exp01,spatial_placement,target,gramophone,484,243,436,237,48.373546489791295
151,Active,exp01,spatial_placement,lure,gumballmachine,469,146,500,190,53.823786563191554
151,Active,exp01,spatial_placement,lure,hairclip,183,156,390,170,207.4728897952694
151,Active,exp01,spatial_placement,lure,hanger,89,254,164,360,129.84991336154215
151,Active,exp01,spatial_placement,lure,iron,465,215,285,222,180.13605968822566
151,Active,exp01,spatial_placement,lure,ladle,318,337,333,294,45.5411901469428
151,Active,exp01,spatial_placement,lure,landline,305,343,145,410,173.46181135915768
151,Active,exp01,spatial_placement,target,laptop,432,344,175,219,285.78663369723927
151,Active,exp01,spatial_placement,target,mailbox,200,111,477,199,290.64239195272256
151,Active,exp01,spatial_placement,target,microscope,146,154,489,358,399.0801924425716
151,Active,exp01,spatial_placement,lure,mortarpestle,242,151,280,367,219.31712199461307
151,Active,exp01,spatial_placement,target,paperairplane,446,327,385,345,63.60031446463138
151,Active,exp01,spatial_placement,lure,pear,160,341,145,369,31.76476034853718
151,Active,exp01,spatial_placement,target,piggybank,131,172,330,202,201.2486024796197
151,Active,exp01,spatial_placement,target,pretzel,134,346,281,193,212.17445652104308
151,Active,exp01,spatial_placement,target,purse,418,151,299,319,205.8761763779384
151,Active,exp01,spatial_placement,lure,racquet,430,128,510,275,167.35889578985635
151,Active,exp01,spatial_placement,target,remote,350,154,371,199,49.658836071740545
151,Active,exp01,spatial_placement,target,rubikscube,379,171,450,267,119.4026800369238
151,Active,exp01,spatial_placement,lure,seashell,383,147,201,358,278.6485241303101
151,Active,exp01,spatial_placement,target,soccerball,389,155,90,270,320.35293037523473
151,Active,exp01,spatial_placement,lure,starfish,123,240,237,201,120.48651376813922
151,Active,exp01,spatial_placement,target,straightener,138,162,459,233,328.7582698579611
151,Active,exp01,spatial_placement,lure,tapemeasure,308,381,189,230,192.25503894566717
151,Active,exp01,spatial_placement,lure,trumpet,446,294,133,232,319.0814942926023
151,Active,exp01,spatial_placement,lure,walkietalkie,399,163,393,246,83.21658488546619
151,Active,exp01,spatial_placement,lure,wateringcan,342,103,207,235,188.80942773071476
152,Active,exp01,spatial_placement,target,alarmclock,277,290,119,361,173.21951391226105
152,Active,exp01,spatial_placement,target,applecore,144,401,392,350,253.1896522372113
152,Active,exp01,spatial_placement,lure,bikepump,407,333,439,350,36.235341863986875
152,Active,exp01,spatial_placement,target,binoculars,457,130,270,339,280.4460732476032
152,Active,exp01,spatial_placement,lure,blender,90,388,333,170,326.45520366506645
152,Active,exp01,spatial_placement,lure,bowlingball,444,163,466,175,25.059928172283335
152,Active,exp01,spatial_placement,target,broom,351,363,219,186,220.8008152158864
152,Active,exp01,spatial_placement,target,cactus,84,143,167,189,94.89467845985885
152,Active,exp01,spatial_placement,target,camcorder,364,158,272,363,224.69757453074567
152,Active,exp01,spatial_placement,lure,cereal,421,163,348,349,199.81241202688085
152,Active,exp01,spatial_placement,target,dogbowl,278,173,246,210,48.91829923454004
152,Active,exp01,spatial_placement,lure,doghouse,66,358,215,277,169.59363195591985
152,Active,exp01,spatial_placement,target,donut,105,396,186,309,118.86967653695369
152,Active,exp01,spatial_placement,target,feather,439,129,178,288,305.6174078811611
152,Active,exp01,spatial_placement,lure,frame,128,389,314,343,191.60375779195982
152,Active,exp01,spatial_placement,target,gavel,278,354,318,328,47.70744176750625
152,Active,exp01,spatial_placement,target,gramophone,490,144,436,237,107.54068997360952
152,Active,exp01,spatial_placement,lure,hanger,419,174,164,360,315.62794553081005
152,Active,exp01,spatial_placement,lure,iron,273,123,285,222,99.72462083156798
152,Active,exp01,spatial_placement,target,jug,62,141,423,354,419.15390967996467
152,Active,exp01,spatial_placement,lure,ladle,75,157,333,294,292.11812679120067
152,Active,exp01,spatial_placement,lure,landline,304,109,145,410,340.414453277178
152,Active,exp01,spatial_placement,target,laptop,225,389,175,219,177.2004514666935
152,Active,exp01,spatial_placement,target,mailbox,249,124,477,199,240.01874926763534
152,Active,exp01,spatial_placement,target,microscope,432,149,489,358,216.6333307688362
152,Active,exp01,spatial_placement,lure,milkshake,445,382,210,220,285.4277491765648
152,Active,exp01,spatial_placement,lure,mortarpestle,341,480,280,367,128.41339493993607
152,Active,exp01,spatial_placement,target,paperairplane,402,171,385,345,174.82848738120455
152,Active,exp01,spatial_placement,lure,pear,72,436,145,369,99.08582138732059
152,Active,exp01,spatial_placement,target,piggybank,83,127,330,202,258.13562326807977
152,Active,exp01,spatial_placement,target,pretzel,336,341,281,193,157.88920165736477
152,Active,exp01,spatial_placement,target,purse,180,163,299,319,196.2065238466856
152,Active,exp01,spatial_placement,lure,racquet,155,128,510,275,384.2317009305713
152,Active,exp01,spatial_placement,target,remote,418,151,371,199,67.17886572427373
152,Active,exp01,spatial_placement,target,rubikscube,236,131,450,267,253.55867171130237
152,Active,exp01,spatial_placement,lure,seashell,391,128,201,358,298.328677803526
152,Active,exp01,spatial_placement,lure,shoppingcart,468,426,494,233,194.74342094150447
152,Active,exp01,spatial_placement,target,skates,177,347,178,237,110.00454536063498
152,Active,exp01,spatial_placement,target,soccerball,257,423,90,270,226.49061790723252
152,Active,exp01,spatial_placement,lure,starfish,157,194,237,201,80.30566605165541
152,Active,exp01,spatial_placement,lure,tapemeasure,405,220,189,230,216.23135757794242
152,Active,exp01,spatial_placement,lure,toiletpaper,433,360,422,366,12.529964086141668
152,Active,exp01,spatial_placement,lure,walkietalkie,426,322,393,246,82.85529554590944
154,Active,exp01,spatial_placement,target,alarmclock,172,187,119,361,181.89282558693733
154,Active,exp01,spatial_placement,target,applecore,182,358,392,350,210.15232570685484
154,Active,exp01,spatial_placement,lure,bikepump,116,344,439,350,323.05572274763995
154,Active,exp01,spatial_placement,target,binoculars,387,204,270,339,178.64489917151286
154,Active,exp01,spatial_placement,lure,blender,315,177,333,170,19.313207915827967
154,Active,exp01,spatial_placement,lure,bowlingball,218,332,466,175,293.51831288694746
154,Active,exp01,spatial_placement,target,broom,419,142,219,186,204.78281177872327
154,Active,exp01,spatial_placement,target,cactus,108,236,167,189,75.43208866258443
154,Active,exp01,spatial_placement,lure,doghouse,192,329,215,277,56.859475903318
154,Active,exp01,spatial_placement,target,feather,253,321,178,288,81.93900170248598
154,Active,exp01,spatial_placement,lure,frame,326,307,314,343,37.94733192202055
154,Active,exp01,spatial_placement,target,gavel,389,220,318,328,129.24782396620841
154,Active,exp01,spatial_placement,target,gramophone,478,207,436,237,51.61395160225576
154,Active,exp01,spatial_placement,lure,gumballmachine,431,111,500,190,104.89041900955492
154,Active,exp01,spatial_placement,lure,hairclip,356,167,390,170,34.132096331752024
154,Active,exp01,spatial_placement,lure,hanger,250,241,164,360,146.82302271782856
154,Active,exp01,spatial_placement,lure,iron,139,217,285,222,146.08559134972896
154,Active,exp01,spatial_placement,target,jug,80,325,423,354,344.223764432382
154,Active,exp01,spatial_placement,lure,ladle,319,328,333,294,36.76955262170047
154,Active,exp01,spatial_placement,lure,landline,167,217,145,410,194.2498391247725
154,Active,exp01,spatial_placement,target,laptop,255,202,175,219,81.78630692236935
154,Active,exp01,spatial_placement,target,mailbox,473,194,477,199,6.4031242374328485
154,Active,exp01,spatial_placement,target,microscope,502,335,489,358,26.419689627245813
154,Active,exp01,spatial_placement,lure,mortarpestle,165,199,280,367,203.59027481684876
154,Active,exp01,spatial_placement,target,paperairplane,258,308,385,345,132.2800060477773
154,Active,exp01,spatial_placement,lure,pear,142,199,145,369,170.02646852769718
154,Active,exp01,spatial_placement,lure,pen,325,259,185,337,160.262285020525
154,Active,exp01,spatial_placement,target,piggybank,315,200,330,202,15.132745950421556
154,Active,exp01,spatial_placement,target,pretzel,484,136,281,193,210.85065804972012
154,Active,exp01,spatial_placement,target,purse,255,302,299,319,47.16990566028302
154,Active,exp01,spatial_placement,lure,racquet,372,257,510,275,139.16896205691842
154,Active,exp01,spatial_placement,target,remote,238,217,371,199,134.21251804507656
154,Active,exp01,spatial_placement,target,rubikscube,425,206,450,267,65.92419889539804
154,Active,exp01,spatial_placement,lure,seashell,215,356,201,358,14.142135623730951
154,Active,exp01,spatial_placement,lure,shoppingcart,310,296,494,233,194.48650338776724
154,Active,exp01,spatial_placement,target,skates,139,172,178,237,75.8023746329889
154,Active,exp01,spatial_placement,target,soccerball,399,327,90,270,314.21330334662787
154,Active,exp01,spatial_placement,lure,starfish,109,236,237,201,132.69890730522238
154,Active,exp01,spatial_placement,target,straightener,271,275,459,233,192.634368688456
154,Active,exp01,spatial_placement,lure,tapemeasure,163,306,189,230,80.32434251209281
154,Active,exp01,spatial_placement,lure,toiletpaper,121,318,422,366,304.8032152061392
154,Active,exp01,spatial_placement,lure,trumpet,243,92,133,232,178.04493814764857
154,Active,exp01,spatial_placement,lure,walkietalkie,383,289,393,246,44.14748010928823
154,Active,exp01,spatial_placement,lure,wateringcan,310,175,207,235,119.20151005754919
156,Active,exp01,spatial_placement,target,alarmclock,337,353,119,361,218.14673960433146
156,Active,exp01,spatial_placement,target,applecore,307,313,392,350,92.70382947861431
156,Active,exp01,spatial_placement,lure,bikepump,252,343,439,350,187.13097017864254
156,Active,exp01,spatial_placement,lure,bowlingball,444,180,466,175,22.561028345356956
156,Active,exp01,spatial_placement,target,broom,305,189,219,186,86.05230967266364
156,Active,exp01,spatial_placement,target,dogbowl,263,320,246,210,111.30588483993108
156,Active,exp01,spatial_placement,lure,doghouse,409,194,215,277,211.00947846009194
156,Active,exp01,spatial_placement,target,feather,135,360,178,288,83.86298349093002
156,Active,exp01,spatial_placement,target,fishbowl,415,249,129,290,288.9238654040195
156,Active,exp01,spatial_placement,target,gavel,420,336,318,328,102.3132444994293
156,Active,exp01,spatial_placement,target,gramophone,430,295,436,237,58.309518948453004
156,Active,exp01,spatial_placement,lure,gumballmachine,250,81,500,190,272.7288030260097
156,Active,exp01,spatial_placement,lure,hanger,164,407,164,360,47.0
156,Active,exp01,spatial_placement,lure,ladle,173,308,333,294,160.61133210331082
156,Active,exp01,spatial_placement,target,microscope,462,326,489,358,41.86884283091664
156,Active,exp01,spatial_placement,target,paperairplane,172,399,385,345,219.73848092675985
156,Active,exp01,spatial_placement,lure,pen,132,306,185,337,61.40032573203501
156,Active,exp01,spatial_placement,target,piggybank,197,348,330,202,197.4968354176846
156,Active,exp01,spatial_placement,target,pretzel,85,242,281,193,202.03217565526538
156,Active,exp01,spatial_placement,lure,racquet,500,171,510,275,104.47966309287182
156,Active,exp01,spatial_placement,target,remote,167,283,371,199,220.61731573020282
156,Active,exp01,spatial_placement,lure,starfish,439,286,237,201,219.15519615103813
156,Active,exp01,spatial_placement,lure,trumpet,169,144,133,232,95.0789145920377
156,Active,exp01,spatial_placement,lure,wateringcan,354,297,207,235,159.5399636454766
237,Passive,exp01,spatial_placement,target,binoculars,316,162,270,339,182.87974190707948
237,Passive,exp01,spatial_placement,lure,bowlingball,350,378,466,175,233.80547470065795
237,Passive,exp01,spatial_placement,target,broom,256,120,219,186,75.66372975210778
237,Passive,exp01,spatial_placement,target,camcorder,336,182,272,363,191.98176996788
237,Passive,exp01,spatial_placement,target,dogbowl,189,242,246,210,65.36818798161687
237,Passive,exp01,spatial_placement,lure,frame,225,140,314,343,221.65288177689007
237,Passive,exp01,spatial_placement,target,gavel,246,167,318,328,176.36609651517495
237,Passive,exp01,spatial_placement,lure,hairclip,318,251,390,170,108.37435120913067
237,Passive,exp01,spatial_placement,lure,iron,377,196,285,222,95.60334722173695
237,Passive,exp01,spatial_placement,lure,ladle,250,152,333,294,164.47796204963143
237,Passive,exp01,spatial_placement,target,laptop,171,168,175,219,51.15662224971465
237,Passive,exp01,spatial_placement,target,mailbox,172,228,477,199,306.3755864947467
237,Passive,exp01,spatial_placement,lure,pear,412,208,145,369,311.7851824574093
237,Passive,exp01,spatial_placement,target,piggybank,191,270,330,202,154.74172029546526
237,Passive,exp01,spatial_placement,target,pretzel,363,181,281,193,82.87339742040264
237,Passive,exp01,spatial_placement,target,remote,175,193,371,199,196.09181522949905
237,Passive,exp01,spatial_placement,target,rubikscube,381,208,450,267,90.78546139112804
237,Passive,exp01,spatial_placement,lure,shoppingcart,434,164,494,233,91.43850392476902
237,Passive,exp01,spatial_placement,target,skates,421,219,178,237,243.6657546722559
237,Passive,exp01,spatial_placement,target,straightener,125,154,459,233,343.21567563268434
237,Passive,exp01,spatial_placement,lure,tapemeasure,158,213,189,230,35.35533905932738
237,Passive,exp01,spatial_placement,lure,toiletpaper,400,268,422,366,100.43903623591775
237,Passive,exp01,spatial_placement,lure,wateringcan,241,265,207,235,45.34313619501854
234,Passive,exp01,spatial_placement,target,alarmclock,184,347,119,361,66.49060083951716
234,Passive,exp01,spatial_placement,target,binoculars,172,298,270,339,106.23088063270491
234,Passive,exp01,spatial_placement,lure,blender,383,149,333,170,54.230987451824994
234,Passive,exp01,spatial_placement,lure,bowlingball,460,353,466,175,178.10109488714548
234,Passive,exp01,spatial_placement,target,broom,447,165,219,186,228.96506283710622
234,Passive,exp01,spatial_placement,target,cactus,312,254,167,189,158.90248582070703
234,Passive,exp01,spatial_placement,target,donut,150,360,186,309,62.42595614005443
234,Passive,exp01,spatial_placement,target,feather,149,221,178,288,73.00684899377592
234,Passive,exp01,spatial_placement,lure,frame,113,252,314,343,220.6399782451041
234,Passive,exp01,spatial_placement,target,gavel,489,217,318,328,203.86760409638407
234,Passive,exp01,spatial_placement,target,gramophone,387,164,436,237,87.92041856133307
234,Passive,exp01,spatial_placement,lure,gumballmachine,520,155,500,190,40.311288741492746
234,Passive,exp01,spatial_placement,lure,hanger,386,172,164,360,290.9089204544955
234,Passive,exp01,spatial_placement,lure,iron,161,303,285,222,148.11144452742334
234,Passive,exp01,spatial_placement,lure,ladle,390,153,333,294,152.0855022676389
234,Passive,exp01,spatial_placement,lure,landline,356,184,145,410,309.1876452900407
234,Passive,exp01,spatial_placement,target,laptop,427,296,175,219,263.50142314606194
234,Passive,exp01,spatial_placement,target,mailbox,452,144,477,199,60.41522986797286
234,Passive,exp01,spatial_placement,target,microscope,458,155,489,358,205.35335400231475
234,Passive,exp01,spatial_placement,lure,milkshake,456,180,210,220,249.23081671414553
234,Passive,exp01,spatial_placement,lure,mortarpestle,408,225,280,367,191.17531221368517
234,Passive,exp01,spatial_placement,lure,pear,206,345,145,369,65.55150646628954
234,Passive,exp01,spatial_placement,target,piggybank,376,172,330,202,54.91812087098393
234,Passive,exp01,spatial_placement,target,purse,422,225,299,319,154.80633061990713
234,Passive,exp01,spatial_placement,target,remote,154,362,371,199,271.4000736919576
234,Passive,exp01,spatial_placement,target,rubikscube,323,301,450,267,131.47243057006287
234,Passive,exp01,spatial_placement,target,soccerball,413,339,90,270,330.2877533303347
234,Passive,exp01,spatial_placement,target,straightener,469,246,459,233,16.401219466856727
234,Passive,exp01,spatial_placement,lure,tapemeasure,119,237,189,230,70.34912934784623
234,Passive,exp01,spatial_placement,lure,wateringcan,115,312,207,235,119.97082978791136
247,Passive,exp01,spatial_placement,target,alarmclock,336,286,119,361,229.5952961190625
247,Passive,exp01,spatial_placement,target,applecore,428,301,392,350,60.802960454241045
247,Passive,exp01,spatial_placement,lure,bikepump,230,334,439,350,209.6115454835444
247,Passive,exp01,spatial_placement,target,binoculars,343,283,270,339,92.00543462209176
247,Passive,exp01,spatial_placement,lure,bowlingball,148,202,466,175,319.14416804948826
247,Passive,exp01,spatial_placement,target,cactus,440,235,167,189,276.8483339303309
247,Passive,exp01,spatial_placement,target,camcorder,421,227,272,363,201.73497465734593
247,Passive,exp01,spatial_placement,lure,cereal,334,359,348,349,17.204650534085253
247,Passive,exp01,spatial_placement,target,dogbowl,166,296,246,210,117.45637488020819
247,Passive,exp01,spatial_placement,lure,doghouse,409,214,215,277,203.9730374338726
247,Passive,exp01,spatial_placement,target,donut,205,324,186,309,24.20743687382041
247,Passive,exp01,spatial_placement,target,feather,170,308,178,288,21.540659228538015
247,Passive,exp01,spatial_placement,target,fishbowl,129,269,129,290,21.0
247,Passive,exp01,spatial_placement,lure,frame,257,362,314,343,60.08327554319921
247,Passive,exp01,spatial_placement,target,gavel,452,264,318,328,148.49915824677257
247,Passive,exp01,spatial_placement,target,gramophone,84,251,436,237,352.27829907617075
247,Passive,exp01,spatial_placement,lure,gumballmachine,413,279,500,190,124.45882853377658
247,Passive,exp01,spatial_placement,lure,hanger,165,292,164,360,68.00735254367721
247,Passive,exp01,spatial_placement,lure,iron,245,332,285,222,117.04699910719626
247,Passive,exp01,spatial_placement,target,jug,349,335,423,354,76.40026177965623
247,Passive,exp01,spatial_placement,lure,ladle,237,318,333,294,98.95453501482385
247,Passive,exp01,spatial_placement,lure,landline,208,324,145,410,106.60675400742676
247,Passive,exp01,spatial_placement,target,laptop,414,265,175,219,243.38652386687312
247,Passive,exp01,spatial_placement,target,mailbox,235,245,477,199,246.3331078032346
247,Passive,exp01,spatial_placement,target,microscope,315,225,489,358,219.0091322296858
247,Passive,exp01,spatial_placement,lure,milkshake,381,269,210,220,177.88198334851114
247,Passive,exp01,spatial_placement,lure,mortarpestle,230,311,280,367,75.07329751649384
247,Passive,exp01,spatial_placement,target,paperairplane,420,339,385,345,35.510561809129406
247,Passive,exp01,spatial_placement,lure,pear,376,308,145,369,238.91839611047115
247,Passive,exp01,spatial_placement,target,piggybank,257,318,330,202,137.05838172107534
247,Passive,exp01,spatial_placement,target,pretzel,366,363,281,193,190.06577808748213
247,Passive,exp01,spatial_placement,target,purse,169,268,299,319,139.64598096615597
247,Passive,exp01,spatial_placement,lure,racquet,236,236,510,275,276.76163028859327
247,Passive,exp01,spatial_placement,target,remote,176,251,371,199,201.8142710513803
247,Passive,exp01,spatial_placement,target,rubikscube,342,354,450,267,138.68309197591464
247,Passive,exp01,spatial_placement,lure,seashell,227,362,201,358,26.30589287593181
247,Passive,exp01,spatial_placement,lure,shoppingcart,146,237,494,233,348.0229877464993
247,Passive,exp01,spatial_placement,target,skates,193,202,178,237,38.07886552931954
247,Passive,exp01,spatial_placement,lure,starfish,161,309,237,201,132.06059215375342
247,Passive,exp01,spatial_placement,target,straightener,235,316,459,233,238.88281646028875
247,Passive,exp01,spatial_placement,lure,tapemeasure,203,274,189,230,46.17358552246078
247,Passive,exp01,spatial_placement,lure,toiletpaper,249,338,422,366,175.2512482123879
247,Passive,exp01,spatial_placement,lure,trumpet,168,237,133,232,35.35533905932738
247,Passive,exp01,spatial_placement,lure,wateringcan,415,204,207,235,210.2974084481309
248,Passive,exp01,spatial_placement,target,alarmclock,422,295,119,361,310.10482098800077
248,Passive,exp01,spatial_placement,lure,bikepump,158,320,439,350,282.59688604087626
248,Passive,exp01,spatial_placement,target,binoculars,387,203,270,339,179.4017837146554
248,Passive,exp01,spatial_placement,lure,bowlingball,329,405,466,175,267.7106647109898
248,Passive,exp01,spatial_placement,target,cactus,167,367,167,189,178.0
248,Passive,exp01,spatial_placement,target,camcorder,195,380,272,363,78.85429601486528
248,Passive,exp01,spatial_placement,target,dogbowl,480,442,246,210,329.5147948120084
248,Passive,exp01,spatial_placement,target,fishbowl,419,380,129,290,303.6445290137795
248,Passive,exp01,spatial_placement,lure,frame,100,162,314,343,280.28021692584724
248,Passive,exp01,spatial_placement,target,gavel,376,337,318,328,58.69412236331676
248,Passive,exp01,spatial_placement,target,gramophone,104,343,436,237,348.51111890440455
248,Passive,exp01,spatial_placement,lure,gumballmachine,98,286,500,190,413.30376238306854
248,Passive,exp01,spatial_placement,lure,hairclip,299,214,390,170,101.07917688624102
248,Passive,exp01,spatial_placement,lure,landline,177,388,145,410,38.8329756778952
248,Passive,exp01,spatial_placement,target,mailbox,146,264,477,199,337.3218048095913
248,Passive,exp01,spatial_placement,target,microscope,400,356,489,358,89.02246907382428
248,Passive,exp01,spatial_placement,target,paperairplane,366,149,385,345,196.91876497682998
248,Passive,exp01,spatial_placement,target,piggybank,126,319,330,202,235.17015116719213
248,Passive,exp01,spatial_placement,target,pretzel,263,190,281,193,18.24828759089466
248,Passive,exp01,spatial_placement,lure,racquet,273,127,510,275,279.4154612758571
248,Passive,exp01,spatial_placement,target,remote,115,346,371,199,295.2033197645311
248,Passive,exp01,spatial_placement,target,rubikscube,367,299,450,267,88.95504482602435
248,Passive,exp01,spatial_placement,target,skates,180,283,178,237,46.04345773288535
248,Passive,exp01,spatial_placement,target,straightener,449,322,459,233,89.56003573022959
248,Passive,exp01,spatial_placement,lure,tapemeasure,355,358,189,230,209.61870145576228
248,Passive,exp01,spatial_placement,lure,trumpet,380,204,133,232,248.58197842965205
248,Passive,exp01,spatial_placement,lure,walkietalkie,468,356,393,246,133.13526955694348
249,Passive,exp01,spatial_placement,target,alarmclock,258,372,119,361,139.43457247038842
249,Passive,exp01,spatial_placement,target,applecore,377,206,392,350,144.77914214416384
249,Passive,exp01,spatial_placement,lure,bikepump,428,333,439,350,20.248456731316587
249,Passive,exp01,spatial_placement,target,binoculars,390,374,270,339,125.0
249,Passive,exp01,spatial_placement,lure,blender,357,223,333,170,58.180752831155424
249,Passive,exp01,spatial_placement,lure,bowlingball,436,144,466,175,43.139309220245984
249,Passive,exp01,spatial_placement,target,broom,129,365,219,186,200.35218990567586
249,Passive,exp01,spatial_placement,target,cactus,357,186,167,189,190.02368273454758
249,Passive,exp01,spatial_placement,target,camcorder,359,328,272,363,93.77632963600144
249,Passive,exp01,spatial_placement,target,dogbowl,214,322,246,210,116.48175822848829
249,Passive,exp01,spatial_placement,lure,doghouse,143,233,215,277,84.38009243891595
249,Passive,exp01,spatial_placement,target,donut,246,219,186,309,108.16653826391968
249,Passive,exp01,spatial_placement,target,feather,136,289,178,288,42.01190307520001
249,Passive,exp01,spatial_placement,lure,frame,231,242,314,343,130.728726758888
249,Passive,exp01,spatial_placement,target,gavel,255,223,318,328,122.4499897917513
249,Passive,exp01,spatial_placement,target,gramophone,422,290,436,237,54.817880294662984
249,Passive,exp01,spatial_placement,lure,gumballmachine,501,160,500,190,30.01666203960727
249,Passive,exp01,spatial_placement,lure,hairclip,451,126,390,170,75.21303078589507
249,Passive,exp01,spatial_placement,lure,hanger,195,311,164,360,57.982756057296896
249,Passive,exp01,spatial_placement,lure,iron,261,197,285,222,34.655446902326915
249,Passive,exp01,spatial_placement,target,jug,410,142,423,354,212.3982109152523
249,Passive,exp01,spatial_placement,lure,ladle,136,183,333,294,226.11943746613204
249,Passive,exp01,spatial_placement,lure,landline,88,347,145,410,84.95881355103778
249,Passive,exp01,spatial_placement,target,laptop,171,228,175,219,9.848857801796104
249,Passive,exp01,spatial_placement,target,mailbox,467,189,477,199,14.142135623730951
249,Passive,exp01,spatial_placement,target,microscope,503,352,489,358,15.231546211727817
249,Passive,exp01,spatial_placement,lure,milkshake,185,308,210,220,91.48223871331527
249,Passive,exp01,spatial_placement,lure,mortarpestle,263,309,280,367,60.440052945046304
249,Passive,exp01,spatial_placement,target,paperairplane,392,343,385,345,7.280109889280518
249,Passive,exp01,spatial_placement,lure,pear,279,193,145,369,221.20578654275752
249,Passive,exp01,spatial_placement,lure,pen,222,241,185,337,102.88342918079665
249,Passive,exp01,spatial_placement,target,piggybank,255,230,330,202,80.05623023850174
249,Passive,exp01,spatial_placement,target,pretzel,260,208,281,193,25.80697580112788
249,Passive,exp01,spatial_placement,lure,racquet,167,414,510,275,370.0945825056076
249,Passive,exp01,spatial_placement,target,remote,226,281,371,199,166.58031096140985
249,Passive,exp01,spatial_placement,target,rubikscube,429,323,450,267,59.80802621722272
249,Passive,exp01,spatial_placement,lure,seashell,180,362,201,358,21.37755832643195
249,Passive,exp01,spatial_placement,target,skates,186,121,178,237,116.27553482998907
249,Passive,exp01,spatial_placement,target,soccerball,439,269,90,270,349.0014326618159
249,Passive,exp01,spatial_placement,lure,starfish,233,164,237,201,37.21558813185679
249,Passive,exp01,spatial_placement,target,straightener,357,287,459,233,115.41230437002807
249,Passive,exp01,spatial_placement,lure,tapemeasure,167,222,189,230,23.40939982143925
249,Passive,exp01,spatial_placement,lure,toiletpaper,420,322,422,366,44.04543109109048
249,Passive,exp01,spatial_placement,lure,trumpet,307,230,133,232,174.01149387324966
249,Passive,exp01,spatial_placement,lure,walkietalkie,432,226,393,246,43.829214001622255
249,Passive,exp01,spatial_placement,lure,wateringcan,166,226,207,235,41.97618372363071
250,Passive,exp01,spatial_placement,target,alarmclock,363,160,119,361,316.12813857674865
250,Passive,exp01,spatial_placement,target,applecore,402,348,392,350,10.198039027185569
250,Passive,exp01,spatial_placement,lure,bikepump,392,338,439,350,48.507731342539614
250,Passive,exp01,spatial_placement,target,binoculars,120,287,270,339,158.75767697972907
250,Passive,exp01,spatial_placement,lure,blender,293,173,333,170,40.11234224026316
250,Passive,exp01,spatial_placement,lure,bowlingball,199,206,466,175,268.79360111431225
250,Passive,exp01,spatial_placement,target,broom,474,283,219,186,272.8259518447613
250,Passive,exp01,spatial_placement,target,cactus,351,141,167,189,190.1578291840754
250,Passive,exp01,spatial_placement,target,camcorder,414,237,272,363,189.84203960134857
250,Passive,exp01,spatial_placement,lure,cereal,367,353,348,349,19.4164878389476
250,Passive,exp01,spatial_placement,lure,doghouse,125,296,215,277,91.98369420718001
250,Passive,exp01,spatial_placement,target,feather,261,357,178,288,107.93516572461452
250,Passive,exp01,spatial_placement,lure,frame,366,280,314,343,81.68843247363729
250,Passive,exp01,spatial_placement,target,gramophone,378,125,436,237,126.1269202034205
250,Passive,exp01,spatial_placement,lure,hanger,128,311,164,360,60.802960454241045
250,Passive,exp01,spatial_placement,lure,iron,348,315,285,222,112.32987136109433
250,Passive,exp01,spatial_placement,target,jug,395,245,423,354,112.53888216967503
250,Passive,exp01,spatial_placement,lure,ladle,169,263,333,294,166.90416411821485
250,Passive,exp01,spatial_placement,lure,landline,69,421,145,410,76.79192665899195
250,Passive,exp01,spatial_placement,target,laptop,135,321,175,219,109.5627673984187
250,Passive,exp01,spatial_placement,target,mailbox,323,316,477,199,193.40372281835735
250,Passive,exp01,spatial_placement,target,microscope,489,412,489,358,54.0
250,Passive,exp01,spatial_placement,lure,mortarpestle,177,381,280,367,103.9471019317037
250,Passive,exp01,spatial_placement,target,paperairplane,364,322,385,345,31.144823004794873
250,Passive,exp01,spatial_placement,lure,pear,98,287,145,369,94.51454914456292
250,Passive,exp01,spatial_placement,lure,pen,155,277,185,337,67.08203932499369
250,Passive,exp01,spatial_placement,target,piggybank,104,446,330,202,332.5838240203513
250,Passive,exp01,spatial_placement,target,pretzel,419,212,281,193,139.30183056945089
250,Passive,exp01,spatial_placement,target,purse,170,352,299,319,133.15404612703287
250,Passive,exp01,spatial_placement,lure,racquet,153,318,510,275,359.58031091815917
250,Passive,exp01,spatial_placement,target,remote,130,324,371,199,271.4884896270927
250,Passive,exp01,spatial_placement,target,rubikscube,382,182,450,267,108.85311203635843
250,Passive,exp01,spatial_placement,lure,seashell,157,181,201,358,182.3869512876401
250,Passive,exp01,spatial_placement,lure,shoppingcart,398,280,494,233,106.88779163215975
250,Passive,exp01,spatial_placement,target,soccerball,486,190,90,270,404.0
250,Passive,exp01,spatial_placement,lure,starfish,253,193,237,201,17.88854381999832
250,Passive,exp01,spatial_placement,lure,tapemeasure,69,416,189,230,221.3504009483606
250,Passive,exp01,spatial_placement,lure,trumpet,314,82,133,232,235.07658326596462
250,Passive,exp01,spatial_placement,lure,walkietalkie,452,333,393,246,105.11898020814318
250,Passive,exp01,spatial_placement,lure,wateringcan,149,208,207,235,63.97655820689325
251,Passive,exp01,spatial_placement,target,applecore,421,311,392,350,48.60041152089147
251,Passive,exp01,spatial_placement,lure,bikepump,310,379,439,350,132.21951444472938
251,Passive,exp01,spatial_placement,lure,blender,301,134,333,170,48.16637831516918
251,Passive,exp01,spatial_placement,lure,bowlingball,439,310,466,175,137.6735268670052
251,Passive,exp01,spatial_placement,target,cactus,153,274,167,189,86.14522621712709
251,Passive,exp01,spatial_placement,target,camcorder,110,398,272,363,165.73774464496614
251,Passive,exp01,spatial_placement,target,dogbowl,279,217,246,210,33.734255586866
251,Passive,exp01,spatial_placement,target,feather,347,386,178,288,195.35864454894235
251,Passive,exp01,spatial_placement,lure,frame,261,287,314,343,77.10382610480494
251,Passive,exp01,spatial_placement,target,gavel,318,408,318,328,80.0
251,Passive,exp01,spatial_placement,target,gramophone,197,245,436,237,239.13385373049965
251,Passive,exp01,spatial_placement,target,mailbox,425,216,477,199,54.70831746635972
251,Passive,exp01,spatial_placement,target,microscope,446,300,489,358,72.20110802473879
251,Passive,exp01,spatial_placement,lure,mortarpestle,395,383,280,367,116.1077086157504
251,Passive,exp01,spatial_placement,target,paperairplane,345,411,385,345,77.17512552629896
251,Passive,exp01,spatial_placement,lure,pear,130,318,145,369,53.16013544000805
251,Passive,exp01,spatial_placement,target,piggybank,328,299,330,202,97.02061636580135
251,Passive,exp01,spatial_placement,lure,racquet,414,269,510,275,96.18731725128839
251,Passive,exp01,spatial_placement,target,remote,228,295,371,199,172.23530416264836
251,Passive,exp01,spatial_placement,target,rubikscube,186,155,450,267,286.77517326295873
251,Passive,exp01,spatial_placement,lure,seashell,201,378,201,358,20.0
251,Passive,exp01,spatial_placement,target,straightener,211,235,459,233,248.0080643850115
251,Passive,exp01,spatial_placement,lure,tapemeasure,190,339,189,230,109.00458705944443
251,Passive,exp01,spatial_placement,lure,trumpet,130,225,133,232,7.615773105863909
251,Passive,exp01,spatial_placement,lure,walkietalkie,310,286,393,246,92.13576938409967
254,Passive,exp01,spatial_placement,target,alarmclock,193,297,119,361,97.83659846908007
254,Passive,exp01,spatial_placement,target,applecore,279,229,392,350,165.55965692160635
254,Passive,exp01,spatial_placement,lure,bikepump,371,374,439,350,72.11102550927978
254,Passive,exp01,spatial_placement,target,binoculars,323,283,270,339,77.10382610480494
254,Passive,exp01,spatial_placement,target,broom,362,294,219,186,179.20100446147057
254,Passive,exp01,spatial_placement,target,cactus,177,177,167,189,15.620499351813308
254,Passive,exp01,spatial_placement,target,dogbowl,289,350,246,210,146.4547711752676
254,Passive,exp01,spatial_placement,target,donut,177,319,186,309,13.45362404707371
254,Passive,exp01,spatial_placement,target,feather,406,303,178,288,228.49288829195538
254,Passive,exp01,spatial_placement,lure,frame,226,225,314,343,147.20054347725758
254,Passive,exp01,spatial_placement,target,gavel,317,341,318,328,13.038404810405298
254,Passive,exp01,spatial_placement,lure,hanger,146,317,164,360,46.61544808322666
254,Passive,exp01,spatial_placement,lure,iron,269,162,285,222,62.0966987850401
254,Passive,exp01,spatial_placement,target,jug,356,214,423,354,155.2063143045411
254,Passive,exp01,spatial_placement,lure,ladle,384,189,333,294,116.73045875006231
254,Passive,exp01,spatial_placement,lure,landline,232,152,145,410,272.27375929384016
254,Passive,exp01,spatial_placement,target,laptop,161,311,175,219,93.05912099305473
254,Passive,exp01,spatial_placement,target,mailbox,258,217,477,199,219.73848092675985
254,Passive,exp01,spatial_placement,target,microscope,460,291,489,358,73.00684899377592
254,Passive,exp01,spatial_placement,lure,milkshake,130,303,210,220,115.27792503337315
254,Passive,exp01,spatial_placement,lure,mortarpestle,366,235,280,367,157.54364474646383
254,Passive,exp01,spatial_placement,target,piggybank,298,148,330,202,62.76941930590086
254,Passive,exp01,spatial_placement,target,pretzel,335,232,281,193,66.61080993352356
254,Passive,exp01,spatial_placement,lure,racquet,434,332,510,275,95.0
254,Passive,exp01,spatial_placement,target,rubikscube,370,268,450,267,80.00624975587844
254,Passive,exp01,spatial_placement,lure,seashell,154,339,201,358,50.695167422546305
254,Passive,exp01,spatial_placement,lure,shoppingcart,173,310,494,233,330.1060435678208
254,Passive,exp01,spatial_placement,target,skates,175,185,178,237,52.08646657242167
254,Passive,exp01,spatial_placement,target,straightener,387,229,459,233,72.11102550927978
254,Passive,exp01,spatial_placement,lure,toiletpaper,383,349,422,366,42.5440947723653
254,Passive,exp01,spatial_placement,lure,wateringcan,160,261,207,235,53.71219600798314
256,Passive,exp01,spatial_placement,target,alarmclock,227,338,119,361,110.42191811411355
256,Passive,exp01,spatial_placement,target,applecore,342,312,392,350,62.80127387243033
256,Passive,exp01,spatial_placement,lure,bikepump,482,390,439,350,58.728187440104094
256,Passive,exp01,spatial_placement,target,binoculars,459,383,270,339,194.05411616350733
256,Passive,exp01,spatial_placement,target,broom,110,383,219,186,225.1443981093023
256,Passive,exp01,spatial_placement,target,cactus,210,225,167,189,56.08029957123981
256,Passive,exp01,spatial_placement,target,dogbowl,253,270,246,210,60.40695324215582
256,Passive,exp01,spatial_placement,lure,doghouse,462,241,215,277,249.6096953245206
256,Passive,exp01,spatial_placement,target,donut,416,342,186,309,232.35533133543547
256,Passive,exp01,spatial_placement,target,feather,344,319,178,288,168.8697723099075
256,Passive,exp01,spatial_placement,target,fishbowl,255,298,129,290,126.25371281669304
256,Passive,exp01,spatial_placement,lure,hairclip,454,183,390,170,65.30696746902278
256,Passive,exp01,spatial_placement,lure,hanger,165,391,164,360,31.016124838541646
256,Passive,exp01,spatial_placement,lure,iron,462,5,285,222,280.0321410124202
256,Passive,exp01,spatial_placement,lure,ladle,251,267,333,294,86.33075929238663
256,Passive,exp01,spatial_placement,lure,landline,435,343,145,410,297.6390431378249
256,Passive,exp01,spatial_placement,target,laptop,497,379,175,219,359.5608432518758
256,Passive,exp01,spatial_placement,target,microscope,465,340,489,358,30.0
256,Passive,exp01,spatial_placement,target,paperairplane,472,245,385,345,132.5481044753187
256,Passive,exp01,spatial_placement,lure,pear,46,416,145,369,109.59014554237986
256,Passive,exp01,spatial_placement,target,piggybank,356,351,330,202,151.25144627407698
256,Passive,exp01,spatial_placement,target,pretzel,446,304,281,193,198.8617610301186
256,Passive,exp01,spatial_placement,lure,racquet,352,349,510,275,174.4706279005151
256,Passive,exp01,spatial_placement,target,remote,239,371,371,199,216.81328372588243
256,Passive,exp01,spatial_placement,target,rubikscube,456,396,450,267,129.1394595001853
256,Passive,exp01,spatial_placement,lure,seashell,423,457,201,358,243.0740627874558
256,Passive,exp01,spatial_placement,lure,shoppingcart,295,423,494,233,275.138147118861
256,Passive,exp01,spatial_placement,target,skates,240,311,178,237,96.54014708917737
256,Passive,exp01,spatial_placement,lure,starfish,423,392,237,201,266.6027006614899
256,Passive,exp01,spatial_placement,lure,toiletpaper,443,413,422,366,51.478150704935004
256,Passive,exp01,spatial_placement,lure,wateringcan,415,436,207,235,289.2490276561012
246,Passive,exp01,spatial_placement,target,alarmclock,131,339,119,361,25.059928172283335
246,Passive,exp01,spatial_placement,target,applecore,282,325,392,350,112.80514172678478
246,Passive,exp01,spatial_placement,target,binoculars,337,295,270,339,80.15609770940699
246,Passive,exp01,spatial_placement,lure,blender,323,385,333,170,215.23243250030885
246,Passive,exp01,spatial_placement,target,cactus,58,271,167,189,136.40014662748717
246,Passive,exp01,spatial_placement,target,camcorder,295,344,272,363,29.832867780352597
246,Passive,exp01,spatial_placement,lure,cereal,155,350,348,349,193.00259065618783
246,Passive,exp01,spatial_placement,target,dogbowl,254,386,246,210,176.1817243643619
246,Passive,exp01,spatial_placement,target,donut,395,193,186,309,239.0334704596827
246,Passive,exp01,spatial_placement,target,feather,125,203,178,288,100.16985574512923
246,Passive,exp01,spatial_placement,lure,frame,122,289,314,343,199.44924166313595
246,Passive,exp01,spatial_placement,lure,gumballmachine,144,300,500,190,372.6070316030013
246,Passive,exp01,spatial_placement,lure,hairclip,393,169,390,170,3.1622776601683795
246,Passive,exp01,spatial_placement,lure,hanger,245,372,164,360,81.88406438373708
246,Passive,exp01,spatial_placement,lure,iron,256,219,285,222,29.154759474226502
246,Passive,exp01,spatial_placement,target,jug,376,311,423,354,63.702433234531945
246,Passive,exp01,spatial_placement,lure,landline,436,268,145,410,323.79777639755343
246,Passive,exp01,spatial_placement,target,microscope,183,277,489,358,316.5390971112415
246,Passive,exp01,spatial_placement,lure,mortarpestle,300,315,280,367,55.71355310873648
246,Passive,exp01,spatial_placement,target,paperairplane,409,241,385,345,106.73331251301067
246,Passive,exp01,spatial_placement,lure,pear,345,362,145,369,200.12246250733574
246,Passive,exp01,spatial_placement,lure,pen,457,216,185,337,297.6995129320839
246,Passive,exp01,spatial_placement,target,pretzel,238,231,281,193,57.38466694161429
246,Passive,exp01,spatial_placement,target,purse,249,334,299,319,52.20153254455275
246,Passive,exp01,spatial_placement,lure,racquet,425,264,510,275,85.70880934886448
246,Passive,exp01,spatial_placement,target,remote,262,365,371,199,198.58751219550538
246,Passive,exp01,spatial_placement,target,rubikscube,453,185,450,267,82.05485969764375
246,Passive,exp01,spatial_placement,lure,shoppingcart,435,226,494,233,59.413803110051795
246,Passive,exp01,spatial_placement,lure,starfish,236,314,237,201,113.00442469213318
246,Passive,exp01,spatial_placement,target,straightener,439,221,459,233,23.323807579381203
246,Passive,exp01,spatial_placement,lure,tapemeasure,290,335,189,230,145.69145479402695
246,Passive,exp01,spatial_placement,lure,toiletpaper,200,232,422,366,259.3067681338071
246,Passive,exp01,spatial_placement,lure,trumpet,121,141,133,232,91.7877987534291
246,Passive,exp01,spatial_placement,lure,walkietalkie,442,148,393,246,109.5673308974897
246,Passive,exp01,spatial_placement,lure,wateringcan,79,259,207,235,130.23056476879765
157,Active,exp01,spatial_placement,target,alarmclock,150,261,119,361,104.69479452198185
157,Active,exp01,spatial_placement,target,applecore,382,352,392,350,10.198039027185569
157,Active,exp01,spatial_placement,lure,bikepump,194,109,439,350,343.6655350773481
157,Active,exp01,spatial_placement,target,binoculars,272,289,270,339,50.039984012787215
157,Active,exp01,spatial_placement,lure,blender,334,118,333,170,52.009614495783374
157,Active,exp01,spatial_placement,lure,bowlingball,452,103,466,175,73.348483283569
157,Active,exp01,spatial_placement,target,broom,194,140,219,186,52.354560450833695
157,Active,exp01,spatial_placement,target,cactus,443,178,167,189,276.2191159206763
157,Active,exp01,spatial_placement,target,camcorder,139,244,272,363,178.46568297574746
157,Active,exp01,spatial_placement,lure,cereal,467,239,348,349,162.0524606416083
157,Active,exp01,spatial_placement,target,dogbowl,214,166,246,210,54.405882034941776
157,Active,exp01,spatial_placement,lure,doghouse,411,324,215,277,201.55644370746373
157,Active,exp01,spatial_placement,target,donut,185,325,186,309,16.0312195418814
157,Active,exp01,spatial_placement,target,feather,212,253,178,288,48.79549159502341
157,Active,exp01,spatial_placement,target,fishbowl,103,185,129,290,108.17116066678771
157,Active,exp01,spatial_placement,lure,frame,237,353,314,343,77.64663547121665
157,Active,exp01,spatial_placement,target,gavel,317,252,318,328,76.00657866263946
157,Active,exp01,spatial_placement,target,gramophone,419,83,436,237,154.93547043850222
157,Active,exp01,spatial_placement,lure,gumballmachine,439,93,500,190,114.58621208504974
157,Active,exp01,spatial_placement,lure,hairclip,276,231,390,170,129.29423807734048
157,Active,exp01,spatial_placement,lure,hanger,261,380,164,360,99.04039579888602
157,Active,exp01,spatial_placement,lure,iron,112,307,285,222,192.753728887407
157,Active,exp01,spatial_placement,target,jug,423,170,423,354,184.0
157,Active,exp01,spatial_placement,lure,ladle,324,178,333,294,116.3486140871476
157,Active,exp01,spatial_placement,lure,landline,406,315,145,410,277.7516876636396
157,Active,exp01,spatial_placement,target,mailbox,356,282,477,199,146.7310464761974
157,Active,exp01,spatial_placement,target,microscope,321,290,489,358,181.24017214734707
157,Active,exp01,spatial_placement,lure,milkshake,363,81,210,220,206.71236053995418
157,Active,exp01,spatial_placement,lure,mortarpestle,332,296,280,367,88.0056816347672
157,Active,exp01,spatial_placement,target,paperairplane,301,318,385,345,88.23264701911646
157,Active,exp01,spatial_placement,lure,pear,187,180,145,369,193.61043360315063
157,Active,exp01,spatial_placement,lure,pen,192,273,185,337,64.38167441127949
157,Active,exp01,spatial_placement,target,piggybank,356,117,330,202,88.88756943465155
157,Active,exp01,spatial_placement,target,pretzel,262,176,281,193,25.495097567963924
157,Active,exp01,spatial_placement,target,purse,281,318,299,319,18.027756377319946
157,Active,exp01,spatial_placement,lure,racquet,151,323,510,275,362.19469902250086
157,Active,exp01,spatial_placement,target,remote,415,319,371,199,127.81236246936366
157,Active,exp01,spatial_placement,target,rubikscube,414,329,450,267,71.69379331573968
157,Active,exp01,spatial_placement,lure,seashell,395,81,201,358,338.178946713127
157,Active,exp01,spatial_placement,target,skates,161,147,178,237,91.59148432032315
157,Active,exp01,spatial_placement,target,soccerball,435,368,90,270,358.6488533370768
157,Active,exp01,spatial_placement,lure,starfish,382,342,237,201,202.25231766286387
157,Active,exp01,spatial_placement,target,straightener,139,257,459,233,320.8987379221053
157,Active,exp01,spatial_placement,lure,tapemeasure,184,140,189,230,90.13878188659973
157,Active,exp01,spatial_placement,lure,toiletpaper,491,146,422,366,230.5666931714119
157,Active,exp01,spatial_placement,lure,trumpet,121,132,133,232,100.71742649611338
157,Active,exp01,spatial_placement,lure,walkietalkie,446,200,393,246,70.178344238091
157,Active,exp01,spatial_placement,lure,wateringcan,130,152,207,235,113.21660655575224
158,Active,exp01,spatial_placement,target,alarmclock,203,267,119,361,126.0634760745554
158,Active,exp01,spatial_placement,target,applecore,325,314,392,350,76.05918747922567
158,Active,exp01,spatial_placement,lure,bikepump,132,290,439,350,312.80824797309936
158,Active,exp01,spatial_placement,target,binoculars,285,344,270,339,15.811388300841896
158,Active,exp01,spatial_placement,target,broom,388,342,219,186,229.99347816840373
158,Active,exp01,spatial_placement,target,cactus,117,205,167,189,52.49761899362675
158,Active,exp01,spatial_placement,target,camcorder,130,173,272,363,237.2003372678884
158,Active,exp01,spatial_placement,lure,cereal,333,340,348,349,17.4928556845359
158,Active,exp01,spatial_placement,target,dogbowl,246,190,246,210,20.0
158,Active,exp01,spatial_placement,lure,doghouse,416,347,215,277,212.84031572989173
158,Active,exp01,spatial_placement,target,donut,112,274,186,309,81.85963596303125
158,Active,exp01,spatial_placement,target,feather,219,198,178,288,98.89893831583835
158,Active,exp01,spatial_placement,target,fishbowl,207,324,129,290,85.0881895447306
158,Active,exp01,spatial_placement,lure,frame,283,298,314,343,54.644304369257
158,Active,exp01,spatial_placement,target,gavel,257,174,318,328,165.64117845511726
158,Active,exp01,spatial_placement,target,gramophone,472,125,436,237,117.64352935882194
158,Active,exp01,spatial_placement,lure,gumballmachine,469,103,500,190,92.35799911215054
158,Active,exp01,spatial_placement,lure,hairclip,322,204,390,170,76.02631123499285
158,Active,exp01,spatial_placement,lure,hanger,139,301,164,360,64.07807737440318
158,Active,exp01,spatial_placement,lure,iron,276,169,285,222,53.75872022286245
158,Active,exp01,spatial_placement,target,jug,362,195,423,354,170.29973576021777
158,Active,exp01,spatial_placement,lure,ladle,405,334,333,294,82.365041127896
158,Active,exp01,spatial_placement,lure,landline,152,341,145,410,69.35416353759881
158,Active,exp01,spatial_placement,target,laptop,180,272,175,219,53.23532661682466
158,Active,exp01,spatial_placement,target,mailbox,172,290,477,199,318.2860348805772
158,Active,exp01,spatial_placement,target,microscope,434,283,489,358,93.00537618869137
158,Active,exp01,spatial_placement,lure,mortarpestle,266,322,280,367,47.12748667179272
158,Active,exp01,spatial_placement,target,paperairplane,128,217,385,345,287.1114766079545
158,Active,exp01,spatial_placement,lure,pear,431,125,145,369,375.9414848084739
158,Active,exp01,spatial_placement,lure,pen,116,299,185,337,78.77182237323191
158,Active,exp01,spatial_placement,target,piggybank,160,302,330,202,197.2308292331602
158,Active,exp01,spatial_placement,target,pretzel,172,193,281,193,109.0
158,Active,exp01,spatial_placement,target,purse,309,326,299,319,12.206555615733702
158,Active,exp01,spatial_placement,lure,racquet,101,197,510,275,416.37122859294686
158,Active,exp01,spatial_placement,target,rubikscube,375,219,450,267,89.04493247793498
158,Active,exp01,spatial_placement,lure,seashell,263,340,201,358,64.5600495662759
158,Active,exp01,spatial_placement,lure,shoppingcart,176,255,494,233,318.76009787926716
158,Active,exp01,spatial_placement,target,soccerball,102,265,90,270,13.0
158,Active,exp01,spatial_placement,lure,starfish,213,178,237,201,33.24154027718932
158,Active,exp01,spatial_placement,target,straightener,280,163,459,233,192.20041623263984
158,Active,exp01,spatial_placement,lure,tapemeasure,298,423,189,230,221.65288177689007
158,Active,exp01,spatial_placement,lure,toiletpaper,303,335,422,366,122.97154142320898
158,Active,exp01,spatial_placement,lure,trumpet,260,51,133,232,221.11083193728885
158,Active,exp01,spatial_placement,lure,walkietalkie,405,154,393,246,92.77930803794561
158,Active,exp01,spatial_placement,lure,wateringcan,133,155,207,235,108.97706180660222
159,Active,exp01,spatial_placement,target,alarmclock,411,204,119,361,331.53129565698623
159,Active,exp01,spatial_placement,target,applecore,257,383,392,350,138.97481786280562
159,Active,exp01,spatial_placement,lure,bikepump,410,157,439,350,195.1665955024066
159,Active,exp01,spatial_placement,target,binoculars,354,329,270,339,84.5931439302264
159,Active,exp01,spatial_placement,lure,blender,259,178,333,170,74.43117626371358
159,Active,exp01,spatial_placement,lure,bowlingball,407,243,466,175,90.02777349240623
159,Active,exp01,spatial_placement,target,broom,63,237,219,186,164.12495239907915
159,Active,exp01,spatial_placement,target,cactus,128,306,167,189,123.3288287465668
159,Active,exp01,spatial_placement,target,camcorder,171,212,272,363,181.6645259812713
159,Active,exp01,spatial_placement,lure,cereal,395,194,348,349,161.96913286178943
159,Active,exp01,spatial_placement,target,dogbowl,243,239,246,210,29.154759474226502
159,Active,exp01,spatial_placement,lure,doghouse,269,252,215,277,59.50630218724736
159,Active,exp01,spatial_placement,target,donut,328,362,186,309,151.56846637740978
159,Active,exp01,spatial_placement,target,feather,57,318,178,288,124.66354719804824
159,Active,exp01,spatial_placement,target,fishbowl,106,299,129,290,24.698178070456937
159,Active,exp01,spatial_placement,lure,frame,108,277,314,343,216.31458573105976
159,Active,exp01,spatial_placement,target,gavel,258,370,318,328,73.23933369440222
159,Active,exp01,spatial_placement,target,gramophone,473,233,436,237,37.21558813185679
159,Active,exp01,spatial_placement,lure,gumballmachine,470,199,500,190,31.32091952673165
159,Active,exp01,spatial_placement,lure,hanger,114,340,164,360,53.85164807134504
159,Active,exp01,spatial_placement,lure,iron,268,162,285,222,62.36184731067546
159,Active,exp01,spatial_placement,target,jug,147,230,423,354,302.5756103852391
159,Active,exp01,spatial_placement,lure,ladle,349,203,333,294,92.39588735436226
159,Active,exp01,spatial_placement,lure,landline,374,204,145,410,308.021103173143
159,Active,exp01,spatial_placement,target,laptop,244,170,175,219,84.62860036654276
159,Active,exp01,spatial_placement,target,mailbox,127,257,477,199,354.7731669672891
159,Active,exp01,spatial_placement,target,microscope,305,168,489,358,264.4919658515169
159,Active,exp01,spatial_placement,lure,milkshake,448,237,210,220,238.6063704095094
159,Active,exp01,spatial_placement,lure,mortarpestle,254,235,280,367,134.5362404707371
159,Active,exp01,spatial_placement,target,paperairplane,147,341,385,345,238.03361107205006
159,Active,exp01,spatial_placement,lure,pear,100,293,145,369,88.32326986700618
159,Active,exp01,spatial_placement,lure,pen,301,168,185,337,204.98048687619024
159,Active,exp01,spatial_placement,target,piggybank,275,204,330,202,55.036351623268054
159,Active,exp01,spatial_placement,target,pretzel,411,269,281,193,150.58552387264854
159,Active,exp01,spatial_placement,target,purse,435,371,299,319,145.60219778561037
159,Active,exp01,spatial_placement,lure,racquet,415,251,510,275,97.98469268207153
159,Active,exp01,spatial_placement,target,remote,362,257,371,199,58.69412236331676
159,Active,exp01,spatial_placement,target,rubikscube,241,130,450,267,249.899979991996
159,Active,exp01,spatial_placement,lure,seashell,50,214,201,358,208.65521800328887
159,Active,exp01,spatial_placement,lure,shoppingcart,101,294,494,233,397.70592150482247
159,Active,exp01,spatial_placement,target,skates,148,169,178,237,74.32361670424818
159,Active,exp01,spatial_placement,target,soccerball,49,222,90,270,63.12685640834652
159,Active,exp01,spatial_placement,lure,starfish,274,289,237,201,95.46203433826454
159,Active,exp01,spatial_placement,target,straightener,435,255,459,233,32.55764119219941
159,Active,exp01,spatial_placement,lure,tapemeasure,127,289,189,230,85.58621384311844
159,Active,exp01,spatial_placement,lure,toiletpaper,274,174,422,366,242.42112119202815
159,Active,exp01,spatial_placement,lure,trumpet,98,220,133,232,37.0
160,Active,exp01,spatial_placement,target,alarmclock,192,238,119,361,143.0314650697531
160,Active,exp01,spatial_placement,target,applecore,222,270,392,350,187.88294228055935
160,Active,exp01,spatial_placement,lure,bikepump,189,396,439,350,254.19677417308034
160,Active,exp01,spatial_placement,lure,blender,390,369,333,170,207.0024154448445
160,Active,exp01,spatial_placement,lure,bowlingball,147,385,466,175,381.9175303648682
160,Active,exp01,spatial_placement,target,broom,370,197,219,186,151.40013210033868
160,Active,exp01,spatial_placement,target,cactus,389,199,167,189,222.22511109233358
160,Active,exp01,spatial_placement,lure,cereal,197,360,348,349,151.40013210033868
160,Active,exp01,spatial_placement,target,dogbowl,189,230,246,210,60.40695324215582
160,Active,exp01,spatial_placement,lure,doghouse,195,363,215,277,88.29496021857646
160,Active,exp01,spatial_placement,target,donut,137,247,186,309,79.02531240052139
160,Active,exp01,spatial_placement,target,feather,148,331,178,288,52.43090691567332
160,Active,exp01,spatial_placement,target,fishbowl,238,387,129,290,145.91093173576817
160,Active,exp01,spatial_placement,lure,frame,212,349,314,343,102.17631819555841
160,Active,exp01,spatial_placement,target,gavel,254,430,318,328,120.41594578792295
160,Active,exp01,spatial_placement,target,gramophone,421,235,436,237,15.132745950421556
160,Active,exp01,spatial_placement,lure,gumballmachine,331,230,500,190,173.66922582887275
160,Active,exp01,spatial_placement,lure,hairclip,432,216,390,170,62.289646009589745
160,Active,exp01,spatial_placement,lure,hanger,255,252,164,360,141.2267680009707
160,Active,exp01,spatial_placement,lure,iron,161,242,285,222,125.60254774486066
160,Active,exp01,spatial_placement,target,jug,255,359,423,354,168.07438829280326
160,Active,exp01,spatial_placement,lure,ladle,145,289,333,294,188.06647760831805
160,Active,exp01,spatial_placement,lure,milkshake,273,265,210,220,77.42092740338364
160,Active,exp01,spatial_placement,lure,mortarpestle,173,281,280,367,137.27709204379295
160,Active,exp01,spatial_placement,target,paperairplane,448,313,385,345,70.66116330771806
160,Active,exp01,spatial_placement,lure,pear,211,268,145,369,120.65239326262865
160,Active,exp01,spatial_placement,target,piggybank,155,299,330,202,200.08498194517247
160,Active,exp01,spatial_placement,target,pretzel,132,280,281,193,172.53985046939155
160,Active,exp01,spatial_placement,target,purse,385,353,299,319,92.47702417357513
160,Active,exp01,spatial_placement,lure,racquet,413,327,510,275,110.05907504608605
160,Active,exp01,spatial_placement,target,remote,214,204,371,199,157.07959765672945
160,Active,exp01,spatial_placement,target,rubikscube,122,329,450,267,333.8083282364297
160,Active,exp01,spatial_placement,target,skates,146,342,178,237,109.7679370308106
160,Active,exp01,spatial_placement,lure,starfish,232,231,237,201,30.4138126514911
160,Active,exp01,spatial_placement,target,straightener,422,307,459,233,82.73451516749222
160,Active,exp01,spatial_placement,lure,toiletpaper,360,313,422,366,81.5659242576212
160,Active,exp01,spatial_placement,lure,trumpet,140,182,133,232,50.48762224545735
160,Active,exp01,spatial_placement,lure,wateringcan,155,250,207,235,54.120236510939236
161,Active,exp01,spatial_placement,target,alarmclock,131,366,119,361,13.0
161,Active,exp01,spatial_placement,target,applecore,443,283,392,350,84.20213774008353
161,Active,exp01,spatial_placement,lure,bikepump,210,357,439,350,229.10696191953662
161,Active,exp01,spatial_placement,target,binoculars,296,344,270,339,26.476404589747453
161,Active,exp01,spatial_placement,lure,blender,320,199,333,170,31.78049716414141
161,Active,exp01,spatial_placement,lure,bowlingball,443,212,466,175,43.56604182158393
161,Active,exp01,spatial_placement,target,broom,359,278,219,186,167.5231327309754
161,Active,exp01,spatial_placement,target,cactus,116,207,167,189,54.08326913195984
161,Active,exp01,spatial_placement,target,camcorder,193,275,272,363,118.25819210524064
161,Active,exp01,spatial_placement,lure,cereal,278,369,348,349,72.80109889280519
161,Active,exp01,spatial_placement,target,dogbowl,161,221,246,210,85.70880934886448
161,Active,exp01,spatial_placement,lure,doghouse,436,206,215,277,232.12496634356245
161,Active,exp01,spatial_placement,target,donut,173,354,186,309,46.84015371452148
161,Active,exp01,spatial_placement,target,feather,224,232,178,288,72.47068372797375
161,Active,exp01,spatial_placement,target,fishbowl,329,379,129,290,218.908656749796
161,Active,exp01,spatial_placement,lure,frame,205,226,314,343,159.90622251807463
161,Active,exp01,spatial_placement,target,gavel,452,390,318,328,147.648230602334
161,Active,exp01,spatial_placement,target,gramophone,463,257,436,237,33.60059523282288
161,Active,exp01,spatial_placement,lure,gumballmachine,441,254,500,190,87.04596486914255
161,Active,exp01,spatial_placement,lure,hairclip,416,222,390,170,58.137767414994535
161,Active,exp01,spatial_placement,lure,hanger,326,179,164,360,242.90944814889355
161,Active,exp01,spatial_placement,lure,iron,305,344,285,222,123.62847568420473
161,Active,exp01,spatial_placement,target,jug,442,315,423,354,43.382023926967726
161,Active,exp01,spatial_placement,lure,ladle,323,290,333,294,10.770329614269007
161,Active,exp01,spatial_placement,lure,landline,155,388,145,410,24.166091947189145
161,Active,exp01,spatial_placement,target,laptop,141,235,175,219,37.57658845611187
161,Active,exp01,spatial_placement,target,microscope,479,256,489,358,102.48902380255166
161,Active,exp01,spatial_placement,lure,milkshake,254,210,210,220,45.12205669071391
161,Active,exp01,spatial_placement,lure,mortarpestle,271,172,280,367,195.20758181996928
161,Active,exp01,spatial_placement,target,paperairplane,176,389,385,345,213.58136622842358
161,Active,exp01,spatial_placement,lure,pear,214,148,145,369,231.52105735764079
161,Active,exp01,spatial_placement,target,piggybank,340,297,330,202,95.524865872714
161,Active,exp01,spatial_placement,target,pretzel,348,230,281,193,76.53757247260981
161,Active,exp01,spatial_placement,target,purse,288,258,299,319,61.98386886924694
161,Active,exp01,spatial_placement,lure,racquet,384,132,510,275,190.59118552545917
161,Active,exp01,spatial_placement,target,remote,192,304,371,199,207.52349264601347
161,Active,exp01,spatial_placement,target,rubikscube,474,269,450,267,24.08318915758459
161,Active,exp01,spatial_placement,lure,seashell,242,389,201,358,51.40038910358559
161,Active,exp01,spatial_placement,lure,shoppingcart,429,283,494,233,82.00609733428362
161,Active,exp01,spatial_placement,target,skates,224,296,178,237,74.81310045707235
161,Active,exp01,spatial_placement,target,soccerball,173,277,90,270,83.2946576918352
161,Active,exp01,spatial_placement,lure,starfish,144,356,237,201,180.75950874020432
161,Active,exp01,spatial_placement,target,straightener,177,351,459,233,305.69265611067596
161,Active,exp01,spatial_placement,lure,tapemeasure,261,236,189,230,72.24956747275377
161,Active,exp01,spatial_placement,lure,toiletpaper,436,288,422,366,79.2464510246358
161,Active,exp01,spatial_placement,lure,walkietalkie,480,258,393,246,87.82368700982668
162,Active,exp01,spatial_placement,target,alarmclock,96,266,119,361,97.74456506629922
162,Active,exp01,spatial_placement,target,applecore,91,210,392,350,331.96535963862254
162,Active,exp01,spatial_placement,lure,bikepump,366,286,439,350,97.082439194738
162,Active,exp01,spatial_placement,target,binoculars,375,336,270,339,105.04284840006957
162,Active,exp01,spatial_placement,lure,blender,357,174,333,170,24.331050121192877
162,Active,exp01,spatial_placement,lure,bowlingball,432,100,466,175,82.34682750416071
162,Active,exp01,spatial_placement,target,broom,407,90,219,186,211.09239683134018
162,Active,exp01,spatial_placement,target,cactus,68,167,167,189,101.41498903022176
162,Active,exp01,spatial_placement,target,camcorder,426,292,272,363,169.57889019568444
162,Active,exp01,spatial_placement,lure,cereal,465,110,348,349,266.101484400219
162,Active,exp01,spatial_placement,target,dogbowl,172,154,246,210,92.80086206496145
162,Active,exp01,spatial_placement,lure,doghouse,154,416,215,277,151.79591562357663
162,Active,exp01,spatial_placement,target,donut,154,317,186,309,32.984845004941285
162,Active,exp01,spatial_placement,target,feather,59,263,178,288,121.59769734661919
162,Active,exp01,spatial_placement,target,fishbowl,128,173,129,290,117.00427342623003
162,Active,exp01,spatial_placement,lure,frame,179,323,314,343,136.4734406395618
162,Active,exp01,spatial_placement,target,gavel,411,405,318,328,120.7393887677091
162,Active,exp01,spatial_placement,target,gramophone,437,219,436,237,18.027756377319946
162,Active,exp01,spatial_placement,lure,gumballmachine,478,166,500,190,32.55764119219941
162,Active,exp01,spatial_placement,lure,hairclip,321,171,390,170,69.00724599634447
162,Active,exp01,spatial_placement,lure,hanger,327,314,164,360,169.36646657470303
162,Active,exp01,spatial_placement,lure,iron,147,338,285,222,180.27756377319946
162,Active,exp01,spatial_placement,target,jug,118,304,423,354,309.0711892105118
162,Active,exp01,spatial_placement,lure,landline,360,245,145,410,271.01660465735307
162,Active,exp01,spatial_placement,target,mailbox,222,387,477,199,316.8106690122667
162,Active,exp01,spatial_placement,target,microscope,189,303,489,358,305.0
162,Active,exp01,spatial_placement,lure,milkshake,423,338,210,220,243.50154003619772
162,Active,exp01,spatial_placement,lure,mortarpestle,388,402,280,367,113.52973178863765
162,Active,exp01,spatial_placement,target,paperairplane,121,167,385,345,318.4022612985027
162,Active,exp01,spatial_placement,lure,pear,440,156,145,369,363.85986313414674
162,Active,exp01,spatial_placement,lure,pen,261,273,185,337,99.35793878699377
162,Active,exp01,spatial_placement,target,piggybank,206,228,330,202,126.69648771769484
162,Active,exp01,spatial_placement,target,pretzel,390,176,281,193,110.3177229641729
162,Active,exp01,spatial_placement,target,purse,213,260,299,319,104.29285689825551
162,Active,exp01,spatial_placement,lure,racquet,457,316,510,275,67.00746227100382
162,Active,exp01,spatial_placement,target,remote,282,110,371,199,125.86500705120545
162,Active,exp01,spatial_placement,target,rubikscube,363,319,450,267,101.35580891098448
162,Active,exp01,spatial_placement,lure,seashell,212,219,201,358,139.43457247038842
162,Active,exp01,spatial_placement,lure,shoppingcart,161,123,494,233,350.69787567078305
162,Active,exp01,spatial_placement,target,skates,240,317,178,237,101.21264743103995
162,Active,exp01,spatial_placement,target,soccerball,77,428,90,270,158.5339080449353
162,Active,exp01,spatial_placement,lure,starfish,111,245,237,201,133.46160496562297
162,Active,exp01,spatial_placement,target,straightener,359,366,459,233,166.4001201922643
162,Active,exp01,spatial_placement,lure,tapemeasure,349,161,189,230,174.24408167854654
162,Active,exp01,spatial_placement,lure,toiletpaper,429,312,422,366,54.45181356024793
162,Active,exp01,spatial_placement,lure,trumpet,89,130,133,232,111.08555261599052
162,Active,exp01,spatial_placement,lure,walkietalkie,409,183,393,246,65.0
162,Active,exp01,spatial_placement,lure,wateringcan,87,345,207,235,162.78820596099706
163,Active,exp01,spatial_placement,target,alarmclock,362,308,119,361,248.71268564349506
163,Active,exp01,spatial_placement,target,applecore,373,340,392,350,21.470910553583888
163,Active,exp01,spatial_placement,lure,bikepump,207,297,439,350,237.9768896342668
163,Active,exp01,spatial_placement,target,binoculars,457,213,270,339,225.48835890129672
163,Active,exp01,spatial_placement,lure,blender,213,232,333,170,135.07035203922436
163,Active,exp01,spatial_placement,lure,bowlingball,190,332,466,175,317.52952618614853
163,Active,exp01,spatial_placement,target,broom,208,229,219,186,44.384682042344295
163,Active,exp01,spatial_placement,target,cactus,178,276,167,189,87.69264507357501
163,Active,exp01,spatial_placement,target,camcorder,395,358,272,363,123.10158406779338
163,Active,exp01,spatial_placement,lure,cereal,114,339,348,349,234.21357774475842
163,Active,exp01,spatial_placement,target,dogbowl,520,308,246,210,290.99828178186897
163,Active,exp01,spatial_placement,lure,doghouse,230,281,215,277,15.524174696260024
163,Active,exp01,spatial_placement,target,donut,281,348,186,309,102.69371937952194
163,Active,exp01,spatial_placement,target,feather,237,311,178,288,63.324560795950255
163,Active,exp01,spatial_placement,target,fishbowl,298,341,129,290,176.52761823578768
163,Active,exp01,spatial_placement,lure,frame,210,216,314,343,164.14932226482082
163,Active,exp01,spatial_placement,target,gavel,348,212,318,328,119.81652640600127
163,Active,exp01,spatial_placement,target,gramophone,432,180,436,237,57.14017850864661
163,Active,exp01,spatial_placement,lure,gumballmachine,505,140,500,190,50.24937810560445
163,Active,exp01,spatial_placement,lure,hanger,329,188,164,360,238.3463865889307
163,Active,exp01,spatial_placement,lure,iron,180,327,285,222,148.49242404917499
163,Active,exp01,spatial_placement,lure,ladle,491,176,333,294,197.2004056790959
163,Active,exp01,spatial_placement,lure,landline,53,342,145,410,114.40279716860073
163,Active,exp01,spatial_placement,target,laptop,216,305,175,219,95.2732911156112
163,Active,exp01,spatial_placement,target,mailbox,459,190,477,199,20.12461179749811
163,Active,exp01,spatial_placement,target,microscope,492,324,489,358,34.132096331752024
163,Active,exp01,spatial_placement,lure,mortarpestle,199,232,280,367,157.4357011608231
163,Active,exp01,spatial_placement,target,paperairplane,304,160,385,345,201.95544062985775
163,Active,exp01,spatial_placement,lure,pear,327,323,145,369,187.72320048411703
163,Active,exp01,spatial_placement,lure,pen,418,286,185,337,238.51624682608102
163,Active,exp01,spatial_placement,target,piggybank,226,372,330,202,199.28873525616044
163,Active,exp01,spatial_placement,target,pretzel,307,329,281,193,138.4629914453678
163,Active,exp01,spatial_placement,target,purse,249,215,299,319,115.39497389401325
163,Active,exp01,spatial_placement,lure,racquet,516,234,510,275,41.43669871020132
163,Active,exp01,spatial_placement,target,remote,111,341,371,199,296.24989451474914
163,Active,exp01,spatial_placement,target,rubikscube,153,331,450,267,303.8173793580611
163,Active,exp01,spatial_placement,lure,seashell,146,193,201,358,173.92527130926086
163,Active,exp01,spatial_placement,lure,shoppingcart,401,274,494,233,101.6366075781753
163,Active,exp01,spatial_placement,target,skates,289,348,178,237,156.97770542341354
163,Active,exp01,spatial_placement,target,soccerball,208,188,90,270,143.69411957348845
163,Active,exp01,spatial_placement,lure,starfish,210,316,237,201,118.12705024675762
163,Active,exp01,spatial_placement,target,straightener,472,189,459,233,45.880278987817846
163,Active,exp01,spatial_placement,lure,tapemeasure,334,326,189,230,173.89939620366712
163,Active,exp01,spatial_placement,lure,toiletpaper,132,204,422,366,332.1806737304264
163,Active,exp01,spatial_placement,lure,trumpet,495,88,133,232,389.58952757999026
163,Active,exp01,spatial_placement,lure,walkietalkie,264,203,393,246,135.9779393872403
163,Active,exp01,spatial_placement,lure,wateringcan,108,361,207,235,160.2404443328837
164,Active,exp01,spatial_placement,target,alarmclock,462,376,119,361,343.32783167113035
164,Active,exp01,spatial_placement,target,applecore,426,104,392,350,248.33847869389874
164,Active,exp01,spatial_placement,lure,bikepump,281,295,439,350,167.29913329123974
164,Active,exp01,spatial_placement,target,binoculars,378,212,270,339,166.71232707871366
164,Active,exp01,spatial_placement,lure,blender,264,349,333,170,191.83847372203522
164,Active,exp01,spatial_placement,lure,bowlingball,281,424,466,175,310.20315923600776
164,Active,exp01,spatial_placement,target,broom,280,333,219,186,159.15401345866212
164,Active,exp01,spatial_placement,target,cactus,284,378,167,189,222.28360263411244
164,Active,exp01,spatial_placement,target,camcorder,257,189,272,363,174.6453549339346
164,Active,exp01,spatial_placement,target,dogbowl,139,361,246,210,185.06755523321746
164,Active,exp01,spatial_placement,lure,doghouse,469,156,215,277,281.3485382936972
164,Active,exp01,spatial_placement,target,donut,426,284,186,309,241.29857024027308
164,Active,exp01,spatial_placement,target,feather,407,347,178,288,236.47832881682837
164,Active,exp01,spatial_placement,target,fishbowl,176,248,129,290,63.0317380372777
164,Active,exp01,spatial_placement,lure,frame,260,407,314,343,83.73768566183328
164,Active,exp01,spatial_placement,target,gavel,146,463,318,328,218.65269264292172
164,Active,exp01,spatial_placement,target,gramophone,407,224,436,237,31.78049716414141
164,Active,exp01,spatial_placement,lure,gumballmachine,474,361,500,190,172.96531444194238
164,Active,exp01,spatial_placement,lure,hairclip,260,339,390,170,213.21585306913744
164,Active,exp01,spatial_placement,lure,hanger,248,187,164,360,192.31484602078956
164,Active,exp01,spatial_placement,lure,iron,377,305,285,222,123.90722335683259
164,Active,exp01,spatial_placement,lure,ladle,449,310,333,294,117.09824934643558
164,Active,exp01,spatial_placement,lure,landline,180,375,145,410,49.49747468305833
164,Active,exp01,spatial_placement,target,laptop,144,321,175,219,106.60675400742676
164,Active,exp01,spatial_placement,target,mailbox,259,342,477,199,260.71632093139084
164,Active,exp01,spatial_placement,target,microscope,421,313,489,358,81.54140052758476
164,Active,exp01,spatial_placement,lure,mortarpestle,480,135,280,367,306.30703550522634
164,Active,exp01,spatial_placement,target,paperairplane,447,325,385,345,65.14598989960932
164,Active,exp01,spatial_placement,lure,pen,455,201,185,337,302.3177136722227
164,Active,exp01,spatial_placement,target,piggybank,305,169,330,202,41.400483088968905
164,Active,exp01,spatial_placement,target,pretzel,205,336,281,193,161.94134740701648
164,Active,exp01,spatial_placement,target,purse,442,323,299,319,143.05593311708537
164,Active,exp01,spatial_placement,lure,racquet,304,166,510,275,233.0600780914655
164,Active,exp01,spatial_placement,target,remote,253,164,371,199,123.08127396155761
164,Active,exp01,spatial_placement,target,rubikscube,461,288,450,267,23.706539182259394
164,Active,exp01,spatial_placement,lure,seashell,286,348,201,358,85.58621384311844
164,Active,exp01,spatial_placement,lure,shoppingcart,242,121,494,233,275.7680184502909
164,Active,exp01,spatial_placement,target,skates,184,362,178,237,125.14391715141412
164,Active,exp01,spatial_placement,target,soccerball,296,171,90,270,228.55415113272392
164,Active,exp01,spatial_placement,target,straightener,271,409,459,233,257.52669764511796
164,Active,exp01,spatial_placement,lure,tapemeasure,285,387,189,230,184.0244548966251
164,Active,exp01,spatial_placement,lure,toiletpaper,144,381,422,366,278.40438214941946
164,Active,exp01,spatial_placement,lure,trumpet,293,71,133,232,226.98237817064125
164,Active,exp01,spatial_placement,lure,walkietalkie,270,326,393,246,146.72763884149435
164,Active,exp01,spatial_placement,lure,wateringcan,272,438,207,235,213.15252754776333
165,Active,exp01,spatial_placement,target,alarmclock,280,339,119,361,162.49615380063616
165,Active,exp01,spatial_placement,target,applecore,212,201,392,350,233.66856870362346
165,Active,exp01,spatial_placement,lure,bikepump,129,365,439,350,310.3626910567699
165,Active,exp01,spatial_placement,target,binoculars,185,235,270,339,134.31678971744373
165,Active,exp01,spatial_placement,target,cactus,241,311,167,189,142.68847185389575
165,Active,exp01,spatial_placement,target,camcorder,423,247,272,363,190.41270965983338
165,Active,exp01,spatial_placement,lure,cereal,411,282,348,349,91.96738552334735
165,Active,exp01,spatial_placement,target,dogbowl,298,215,246,210,52.23983154643591
165,Active,exp01,spatial_placement,target,donut,206,368,186,309,62.297672508690084
165,Active,exp01,spatial_placement,target,feather,151,396,178,288,111.32385189167684
165,Active,exp01,spatial_placement,target,fishbowl,263,227,129,290,148.07092894960846
165,Active,exp01,spatial_placement,lure,frame,303,234,314,343,109.55363982999378
165,Active,exp01,spatial_placement,lure,gumballmachine,383,386,500,190,228.26519664635694
165,Active,exp01,spatial_placement,lure,hairclip,418,221,390,170,58.180752831155424
165,Active,exp01,spatial_placement,lure,hanger,341,290,164,360,190.33917095542893
165,Active,exp01,spatial_placement,lure,iron,393,352,285,222,169.00887550658396
165,Active,exp01,spatial_placement,target,jug,198,359,423,354,225.055548698538
165,Active,exp01,spatial_placement,lure,landline,298,368,145,410,158.66001386612822
165,Active,exp01,spatial_placement,target,mailbox,391,398,477,199,216.78791479231492
165,Active,exp01,spatial_placement,target,microscope,116,345,489,358,373.2264728017025
165,Active,exp01,spatial_placement,lure,mortarpestle,288,425,280,367,58.54912467321779
165,Active,exp01,spatial_placement,target,paperairplane,305,385,385,345,89.44271909999159
165,Active,exp01,spatial_placement,lure,pen,423,204,185,337,272.6407893181063
165,Active,exp01,spatial_placement,target,pretzel,239,282,281,193,98.41239759298622
165,Active,exp01,spatial_placement,target,purse,177,344,299,319,124.53513560437472
165,Active,exp01,spatial_placement,lure,racquet,429,385,510,275,136.60527076214885
165,Active,exp01,spatial_placement,target,remote,341,362,371,199,165.73774464496614
165,Active,exp01,spatial_placement,target,rubikscube,360,360,450,267,129.41792766073794
165,Active,exp01,spatial_placement,target,skates,413,128,178,237,259.04825805243314
165,Active,exp01,spatial_placement,lure,starfish,394,184,237,201,157.91770008456936
165,Active,exp01,spatial_placement,target,straightener,231,346,459,233,254.46610776290032
165,Active,exp01,spatial_placement,lure,tapemeasure,392,359,189,230,240.52026941611388
165,Active,exp01,spatial_placement,lure,toiletpaper,176,221,422,366,285.55384781158176
165,Active,exp01,spatial_placement,lure,trumpet,399,237,133,232,266.04698833100895
165,Active,exp01,spatial_placement,lure,walkietalkie,163,234,393,246,230.31283073246266
166,Active,exp01,spatial_placement,target,alarmclock,308,161,119,361,275.17449009673845
166,Active,exp01,spatial_placement,target,applecore,220,190,392,350,234.91274976041638
166,Active,exp01,spatial_placement,target,binoculars,397,201,270,339,187.5446613476374
166,Active,exp01,spatial_placement,lure,blender,134,303,333,170,239.35329536064467
166,Active,exp01,spatial_placement,lure,bowlingball,442,390,466,175,216.33538776631067
166,Active,exp01,spatial_placement,target,cactus,260,130,167,189,110.13627921806692
166,Active,exp01,spatial_placement,lure,cereal,333,157,348,349,192.5850461484484
166,Active,exp01,spatial_placement,target,dogbowl,402,285,246,210,173.09246084101989
166,Active,exp01,spatial_placement,lure,doghouse,190,249,215,277,37.53664875824692
166,Active,exp01,spatial_placement,target,donut,285,231,186,309,126.03570922560003
166,Active,exp01,spatial_placement,target,feather,150,242,178,288,53.85164807134504
166,Active,exp01,spatial_placement,target,fishbowl,410,193,129,290,297.27092020579477
166,Active,exp01,spatial_placement,target,gavel,197,201,318,328,175.41379649275024
166,Active,exp01,spatial_placement,target,gramophone,412,168,436,237,73.05477397131553
166,Active,exp01,spatial_placement,lure,hairclip,258,174,390,170,132.06059215375342
166,Active,exp01,spatial_placement,lure,hanger,386,145,164,360,309.0453041222274
166,Active,exp01,spatial_placement,lure,ladle,89,445,333,294,286.9442454554543
166,Active,exp01,spatial_placement,lure,landline,374,311,145,410,249.48346638605133
166,Active,exp01,spatial_placement,target,microscope,428,315,489,358,74.63243262818116
166,Active,exp01,spatial_placement,lure,mortarpestle,153,290,280,367,148.51935900750448
166,Active,exp01,spatial_placement,target,paperairplane,450,217,385,345,143.55835050598765
166,Active,exp01,spatial_placement,target,pretzel,138,338,281,193,203.6516633862832
166,Active,exp01,spatial_placement,target,purse,338,297,299,319,44.77722635447622
166,Active,exp01,spatial_placement,target,remote,145,364,371,199,279.8231584411841
166,Active,exp01,spatial_placement,target,rubikscube,380,223,450,267,82.68010643437755
166,Active,exp01,spatial_placement,lure,seashell,361,245,201,358,195.88006534611938
166,Active,exp01,spatial_placement,lure,shoppingcart,117,298,494,233,382.5624132086162
166,Active,exp01,spatial_placement,target,skates,395,159,178,237,230.59271454232893
166,Active,exp01,spatial_placement,target,straightener,345,167,459,233,131.7269904006009
166,Active,exp01,spatial_placement,lure,walkietalkie,297,287,393,246,104.38869670610895
167,Active,exp01,spatial_placement,target,binoculars,100,309,270,339,172.6267650163207
167,Active,exp01,spatial_placement,lure,blender,165,170,333,170,168.0
167,Active,exp01,spatial_placement,lure,bowlingball,255,138,466,175,214.21951358361358
167,Active,exp01,spatial_placement,target,broom,367,169,219,186,148.9731519435633
167,Active,exp01,spatial_placement,target,cactus,190,182,167,189,24.041630560342615
167,Active,exp01,spatial_placement,target,camcorder,126,263,272,363,176.96327302578916
167,Active,exp01,spatial_placement,lure,cereal,414,267,348,349,105.26157893552613
167,Active,exp01,spatial_placement,target,feather,107,212,178,288,104.00480758118829
167,Active,exp01,spatial_placement,target,fishbowl,108,158,129,290,133.6600164596728
167,Active,exp01,spatial_placement,lure,frame,127,273,314,343,199.6722314193939
167,Active,exp01,spatial_placement,target,gavel,142,318,318,328,176.28386199536246
167,Active,exp01,spatial_placement,target,gramophone,391,253,436,237,47.75981574503821
167,Active,exp01,spatial_placement,target,microscope,95,236,489,358,412.45605826560484
167,Active,exp01,spatial_placement,lure,milkshake,248,120,210,220,106.97663296253066
167,Active,exp01,spatial_placement,target,paperairplane,422,178,385,345,171.04970037974343
167,Active,exp01,spatial_placement,target,pretzel,137,232,281,193,149.18780110987626
167,Active,exp01,spatial_placement,lure,racquet,156,315,510,275,356.2527192878673
167,Active,exp01,spatial_placement,target,rubikscube,434,206,450,267,63.06346010171025
167,Active,exp01,spatial_placement,lure,seashell,379,347,201,358,178.33956375409244
167,Active,exp01,spatial_placement,lure,shoppingcart,367,166,494,233,143.58969322343438
167,Active,exp01,spatial_placement,target,soccerball,411,246,90,270,321.895945920417
167,Active,exp01,spatial_placement,lure,starfish,133,285,237,201,133.68619973654722
167,Active,exp01,spatial_placement,target,straightener,102,238,459,233,357.03501228871096
257,Passive,exp01,spatial_placement,target,alarmclock,188,328,119,361,76.48529270389177
257,Passive,exp01,spatial_placement,target,applecore,327,345,392,350,65.19202405202648
257,Passive,exp01,spatial_placement,lure,bikepump,330,233,439,350,159.90622251807463
257,Passive,exp01,spatial_placement,lure,blender,430,362,333,170,215.11159894343214
257,Passive,exp01,spatial_placement,lure,bowlingball,377,382,466,175,225.32199182503248
257,Passive,exp01,spatial_placement,target,broom,231,240,219,186,55.31726674375732
257,Passive,exp01,spatial_placement,target,cactus,455,333,167,189,321.99378875996973
257,Passive,exp01,spatial_placement,target,camcorder,105,367,272,363,167.0478973228936
257,Passive,exp01,spatial_placement,lure,doghouse,178,305,215,277,46.400431032480725
257,Passive,exp01,spatial_placement,target,donut,423,351,186,309,240.69275020241054
257,Passive,exp01,spatial_placement,target,feather,262,397,178,288,137.6117727521886
257,Passive,exp01,spatial_placement,lure,frame,321,352,314,343,11.40175425099138
257,Passive,exp01,spatial_placement,target,gavel,360,364,318,328,55.31726674375732
257,Passive,exp01,spatial_placement,lure,gumballmachine,472,231,500,190,49.64876634922564
257,Passive,exp01,spatial_placement,lure,iron,262,261,285,222,45.27692569068709
257,Passive,exp01,spatial_placement,target,jug,123,300,423,354,304.8212591011329
257,Passive,exp01,spatial_placement,lure,ladle,309,215,333,294,82.56512580987206
257,Passive,exp01,spatial_placement,target,mailbox,462,200,477,199,15.033296378372908
257,Passive,exp01,spatial_placement,target,microscope,171,260,489,358,332.75817044814994
257,Passive,exp01,spatial_placement,target,paperairplane,195,350,385,345,190.06577808748213
257,Passive,exp01,spatial_placement,target,piggybank,189,359,330,202,211.0213259365034
257,Passive,exp01,spatial_placement,target,pretzel,146,205,281,193,135.5322839769182
257,Passive,exp01,spatial_placement,target,purse,206,327,299,319,93.34345183246653
257,Passive,exp01,spatial_placement,lure,racquet,286,333,510,275,231.38712150852302
257,Passive,exp01,spatial_placement,target,remote,437,246,371,199,81.02468759581859
257,Passive,exp01,spatial_placement,target,rubikscube,349,187,450,267,128.84486796143648
257,Passive,exp01,spatial_placement,lure,seashell,353,358,201,358,152.0
257,Passive,exp01,spatial_placement,lure,shoppingcart,204,173,494,233,296.1418578992169
257,Passive,exp01,spatial_placement,lure,starfish,380,338,237,201,198.0353503796734
257,Passive,exp01,spatial_placement,target,straightener,423,264,459,233,47.50789408087881
257,Passive,exp01,spatial_placement,lure,tapemeasure,176,273,189,230,44.9221548904324
257,Passive,exp01,spatial_placement,lure,trumpet,201,139,133,232,115.20850663036997
257,Passive,exp01,spatial_placement,lure,walkietalkie,189,337,393,246,223.37636401374252
258,Passive,exp01,spatial_placement,target,alarmclock,34,269,119,361,125.25573839150046
258,Passive,exp01,spatial_placement,target,applecore,109,394,392,350,286.40006983239374
258,Passive,exp01,spatial_placement,lure,bikepump,311,364,439,350,128.76334882255898
258,Passive,exp01,spatial_placement,target,binoculars,328,172,270,339,176.78518037437414
258,Passive,exp01,spatial_placement,lure,blender,140,379,333,170,284.48198536990003
258,Passive,exp01,spatial_placement,target,broom,473,137,219,186,258.68320393871727
258,Passive,exp01,spatial_placement,target,camcorder,370,266,272,363,137.88763541376724
258,Passive,exp01,spatial_placement,target,dogbowl,152,424,246,210,233.73489255992567
258,Passive,exp01,spatial_placement,lure,doghouse,401,124,215,277,240.8422720371156
258,Passive,exp01,spatial_placement,target,donut,79,371,186,309,123.664869708418
258,Passive,exp01,spatial_placement,target,feather,89,296,178,288,89.35882720806042
258,Passive,exp01,spatial_placement,target,fishbowl,302,382,129,290,195.94131774590065
258,Passive,exp01,spatial_placement,lure,frame,264,395,314,343,72.13875518748573
258,Passive,exp01,spatial_placement,target,gavel,107,395,318,328,221.38202275704322
258,Passive,exp01,spatial_placement,target,gramophone,389,323,436,237,98.00510190801293
258,Passive,exp01,spatial_placement,lure,gumballmachine,520,39,500,190,152.31874474272692
258,Passive,exp01,spatial_placement,lure,hairclip,229,219,390,170,168.2914139223983
258,Passive,exp01,spatial_placement,lure,hanger,144,367,164,360,21.18962010041709
258,Passive,exp01,spatial_placement,lure,iron,61,220,285,222,224.0089283934906
258,Passive,exp01,spatial_placement,target,jug,22,252,423,354,413.7692593704854
258,Passive,exp01,spatial_placement,lure,ladle,385,267,333,294,58.59180830116101
258,Passive,exp01,spatial_placement,target,laptop,56,215,175,219,119.06720791217035
258,Passive,exp01,spatial_placement,target,mailbox,454,354,477,199,156.69716015295236
258,Passive,exp01,spatial_placement,target,microscope,460,158,489,358,202.09156340629363
258,Passive,exp01,spatial_placement,lure,milkshake,59,355,210,220,202.5487595617411
258,Passive,exp01,spatial_placement,lure,mortarpestle,157,304,280,367,138.19551367537227
258,Passive,exp01,spatial_placement,target,paperairplane,441,174,385,345,179.93609976877903
258,Passive,exp01,spatial_placement,lure,pear,459,332,145,369,316.17242131469976
258,Passive,exp01,spatial_placement,lure,pen,345,156,185,337,241.58021442162848
258,Passive,exp01,spatial_placement,target,piggybank,298,418,330,202,218.3575050232989
258,Passive,exp01,spatial_placement,target,pretzel,106,401,281,193,271.82531155137116
258,Passive,exp01,spatial_placement,target,purse,129,351,299,319,172.9855485293497
258,Passive,exp01,spatial_placement,lure,racquet,520,182,510,275,93.53608929178085
258,Passive,exp01,spatial_placement,target,rubikscube,231,461,450,267,292.56964982718216
258,Passive,exp01,spatial_placement,lure,seashell,311,194,201,358,197.47404892795407
258,Passive,exp01,spatial_placement,lure,shoppingcart,113,475,494,233,451.3590588434002
258,Passive,exp01,spatial_placement,target,skates,433,339,178,237,274.6434051638597
258,Passive,exp01,spatial_placement,lure,starfish,105,66,237,201,188.80942773071476
258,Passive,exp01,spatial_placement,target,straightener,462,122,459,233,111.04053313993049
258,Passive,exp01,spatial_placement,lure,toiletpaper,434,406,422,366,41.7612260356422
258,Passive,exp01,spatial_placement,lure,walkietalkie,405,329,393,246,83.86298349093002
259,Passive,exp01,spatial_placement,target,alarmclock,472,259,119,361,367.441151750862
259,Passive,exp01,spatial_placement,target,applecore,415,348,392,350,23.08679276123039
259,Passive,exp01,spatial_placement,lure,bikepump,364,278,439,350,103.96634070698074
259,Passive,exp01,spatial_placement,lure,blender,306,177,333,170,27.892651361962706
259,Passive,exp01,spatial_placement,lure,bowlingball,419,296,466,175,129.80754985747168
259,Passive,exp01,spatial_placement,target,broom,150,65,219,186,139.29106216839614
259,Passive,exp01,spatial_placement,target,cactus,70,161,167,189,100.96038827183659
259,Passive,exp01,spatial_placement,target,camcorder,264,299,272,363,64.4980619863884
259,Passive,exp01,spatial_placement,lure,cereal,200,280,348,349,163.29421300217592
259,Passive,exp01,spatial_placement,target,dogbowl,303,232,246,210,61.09828148156051
259,Passive,exp01,spatial_placement,lure,doghouse,308,295,215,277,94.72592042308166
259,Passive,exp01,spatial_placement,target,donut,150,393,186,309,91.3892772703669
259,Passive,exp01,spatial_placement,target,feather,151,212,178,288,80.65358020571685
259,Passive,exp01,spatial_placement,target,fishbowl,65,214,129,290,99.35793878699377
259,Passive,exp01,spatial_placement,lure,frame,298,327,314,343,22.627416997969522
259,Passive,exp01,spatial_placement,target,gavel,358,331,318,328,40.11234224026316
259,Passive,exp01,spatial_placement,target,gramophone,456,256,436,237,27.586228448267445
259,Passive,exp01,spatial_placement,lure,gumballmachine,208,228,500,190,294.462221685567
259,Passive,exp01,spatial_placement,lure,hairclip,436,207,390,170,59.033888572581766
259,Passive,exp01,spatial_placement,lure,hanger,237,240,164,360,140.45995870709916
259,Passive,exp01,spatial_placement,lure,iron,225,303,285,222,100.80178569846865
259,Passive,exp01,spatial_placement,target,jug,371,251,423,354,115.3819743287486
259,Passive,exp01,spatial_placement,lure,ladle,382,317,333,294,54.12947441089743
259,Passive,exp01,spatial_placement,lure,landline,159,219,145,410,191.51240168720145
259,Passive,exp01,spatial_placement,target,mailbox,430,302,477,199,113.21660655575224
259,Passive,exp01,spatial_placement,target,microscope,479,342,489,358,18.867962264113206
259,Passive,exp01,spatial_placement,lure,milkshake,330,308,210,220,148.8086019019062
259,Passive,exp01,spatial_placement,lure,mortarpestle,326,412,280,367,64.35060217278468
259,Passive,exp01,spatial_placement,target,paperairplane,391,327,385,345,18.973665961010276
259,Passive,exp01,spatial_placement,lure,pear,69,197,145,369,188.04254837669055
259,Passive,exp01,spatial_placement,target,pretzel,387,241,281,193,116.36150566231085
259,Passive,exp01,spatial_placement,target,purse,275,379,299,319,64.62197768561404
259,Passive,exp01,spatial_placement,lure,racquet,471,256,510,275,43.382023926967726
259,Passive,exp01,spatial_placement,target,remote,475,356,371,199,188.32153355365392
259,Passive,exp01,spatial_placement,target,rubikscube,422,219,450,267,55.569775957799216
259,Passive,exp01,spatial_placement,lure,seashell,189,222,201,358,136.5283853270081
259,Passive,exp01,spatial_placement,lure,shoppingcart,429,94,494,233,153.44705927452634
259,Passive,exp01,spatial_placement,target,skates,150,299,178,237,68.0294054067798
259,Passive,exp01,spatial_placement,target,soccerball,455,395,90,270,385.8108344772085
259,Passive,exp01,spatial_placement,lure,starfish,243,168,237,201,33.54101966249684
259,Passive,exp01,spatial_placement,target,straightener,185,254,459,233,274.8035662068453
259,Passive,exp01,spatial_placement,lure,tapemeasure,216,348,189,230,121.0495766204905
259,Passive,exp01,spatial_placement,lure,trumpet,146,133,133,232,99.84988733093293
259,Passive,exp01,spatial_placement,lure,walkietalkie,56,124,393,246,358.4034040016919
259,Passive,exp01,spatial_placement,lure,wateringcan,124,196,207,235,91.706052144883
262,Passive,exp01,spatial_placement,target,alarmclock,125,173,119,361,188.09572031282372
262,Passive,exp01,spatial_placement,target,applecore,398,270,392,350,80.22468448052632
262,Passive,exp01,spatial_placement,lure,blender,123,254,333,170,226.17692189964916
262,Passive,exp01,spatial_placement,lure,bowlingball,494,102,466,175,78.18567643756751
262,Passive,exp01,spatial_placement,target,broom,180,315,219,186,134.7664646712972
262,Passive,exp01,spatial_placement,target,cactus,129,189,167,189,38.0
262,Passive,exp01,spatial_placement,target,camcorder,184,309,272,363,103.24727599312246
262,Passive,exp01,spatial_placement,target,dogbowl,180,320,246,210,128.2809416865966
262,Passive,exp01,spatial_placement,lure,doghouse,424,238,215,277,212.60761980700502
262,Passive,exp01,spatial_placement,target,donut,196,299,186,309,14.142135623730951
262,Passive,exp01,spatial_placement,target,feather,170,350,178,288,62.51399843235114
262,Passive,exp01,spatial_placement,target,fishbowl,173,299,129,290,44.91102314577124
262,Passive,exp01,spatial_placement,lure,frame,142,228,314,343,206.90335908341362
262,Passive,exp01,spatial_placement,target,gavel,465,203,318,328,192.96113598338914
262,Passive,exp01,spatial_placement,target,gramophone,461,166,436,237,75.27283706623525
262,Passive,exp01,spatial_placement,lure,gumballmachine,429,50,500,190,156.97452022541748
262,Passive,exp01,spatial_placement,lure,hanger,172,303,164,360,57.55866572463264
262,Passive,exp01,spatial_placement,lure,iron,378,192,285,222,97.71898484941399
262,Passive,exp01,spatial_placement,target,jug,387,220,423,354,138.7515765676196
262,Passive,exp01,spatial_placement,lure,ladle,360,137,333,294,159.3047394147456
262,Passive,exp01,spatial_placement,lure,landline,187,181,145,410,232.81967270830015
262,Passive,exp01,spatial_placement,target,mailbox,69,165,477,199,409.41421567893804
262,Passive,exp01,spatial_placement,target,microscope,455,357,489,358,34.0147027033899
262,Passive,exp01,spatial_placement,lure,milkshake,232,264,210,220,49.193495504995376
262,Passive,exp01,spatial_placement,target,paperairplane,469,222,385,345,148.94629904767692
262,Passive,exp01,spatial_placement,lure,pear,407,205,145,369,309.0954545120326
262,Passive,exp01,spatial_placement,lure,pen,220,137,185,337,203.03940504246953
262,Passive,exp01,spatial_placement,target,pretzel,192,286,281,193,128.7245120402482
262,Passive,exp01,spatial_placement,target,purse,253,324,299,319,46.2709412050371
262,Passive,exp01,spatial_placement,target,rubikscube,385,237,450,267,71.58910531638176
262,Passive,exp01,spatial_placement,lure,seashell,144,281,201,358,95.80187889597991
262,Passive,exp01,spatial_placement,target,skates,153,145,178,237,95.33624704172071
262,Passive,exp01,spatial_placement,target,soccerball,119,199,90,270,76.69419795525604
262,Passive,exp01,spatial_placement,lure,starfish,416,141,237,201,188.7882411592417
262,Passive,exp01,spatial_placement,target,straightener,205,336,459,233,274.0894014733149
262,Passive,exp01,spatial_placement,lure,tapemeasure,91,221,189,230,98.41239759298622
262,Passive,exp01,spatial_placement,lure,toiletpaper,395,157,422,366,210.7368026710095
262,Passive,exp01,spatial_placement,lure,trumpet,146,168,133,232,65.30696746902278
263,Passive,exp01,spatial_placement,target,alarmclock,319,173,119,361,274.4886154287642
263,Passive,exp01,spatial_placement,target,applecore,420,344,392,350,28.635642126552707
263,Passive,exp01,spatial_placement,lure,bikepump,335,154,439,350,221.8828519737386
263,Passive,exp01,spatial_placement,target,binoculars,269,337,270,339,2.23606797749979
263,Passive,exp01,spatial_placement,lure,bowlingball,147,267,466,175,332.00150602068055
263,Passive,exp01,spatial_placement,target,broom,261,228,219,186,59.39696961966999
263,Passive,exp01,spatial_placement,target,cactus,162,227,167,189,38.3275357934736
263,Passive,exp01,spatial_placement,target,camcorder,268,342,272,363,21.37755832643195
263,Passive,exp01,spatial_placement,lure,cereal,347,331,348,349,18.027756377319946
263,Passive,exp01,spatial_placement,target,dogbowl,225,214,246,210,21.37755832643195
263,Passive,exp01,spatial_placement,lure,doghouse,214,243,215,277,34.0147027033899
263,Passive,exp01,spatial_placement,target,donut,146,285,186,309,46.647615158762406
263,Passive,exp01,spatial_placement,target,feather,54,180,178,288,164.43843832875572
263,Passive,exp01,spatial_placement,target,fishbowl,110,286,129,290,19.4164878389476
263,Passive,exp01,spatial_placement,lure,frame,117,260,314,343,213.77090541044166
263,Passive,exp01,spatial_placement,target,gavel,327,341,318,328,15.811388300841896
263,Passive,exp01,spatial_placement,target,gramophone,77,335,436,237,372.1357279273249
263,Passive,exp01,spatial_placement,lure,gumballmachine,492,121,500,190,69.46221994724903
263,Passive,exp01,spatial_placement,lure,hairclip,261,331,390,170,206.30559856678636
263,Passive,exp01,spatial_placement,lure,hanger,147,356,164,360,17.46424919657298
263,Passive,exp01,spatial_placement,lure,iron,125,329,285,222,192.4811679100062
263,Passive,exp01,spatial_placement,target,jug,193,167,423,354,296.42705679475347
263,Passive,exp01,spatial_placement,lure,ladle,363,206,333,294,92.97311439335567
263,Passive,exp01,spatial_placement,lure,landline,53,429,145,410,93.94147114027967
263,Passive,exp01,spatial_placement,target,laptop,262,156,175,219,107.41508273980894
263,Passive,exp01,spatial_placement,target,mailbox,418,190,477,199,59.682493245507096
263,Passive,exp01,spatial_placement,target,microscope,418,363,489,358,71.17583859709698
263,Passive,exp01,spatial_placement,lure,milkshake,187,184,210,220,42.720018726587654
263,Passive,exp01,spatial_placement,lure,mortarpestle,350,341,280,367,74.67261881037788
263,Passive,exp01,spatial_placement,target,paperairplane,320,197,385,345,161.64467204334326
263,Passive,exp01,spatial_placement,lure,pear,133,332,145,369,38.897300677553446
263,Passive,exp01,spatial_placement,lure,pen,198,251,185,337,86.97700845625813
263,Passive,exp01,spatial_placement,target,piggybank,189,207,330,202,141.088624630053
263,Passive,exp01,spatial_placement,target,pretzel,192,239,281,193,100.18482919085105
263,Passive,exp01,spatial_placement,target,purse,280,219,299,319,101.78899744078434
263,Passive,exp01,spatial_placement,lure,racquet,520,209,510,275,66.75327707311455
263,Passive,exp01,spatial_placement,target,remote,376,194,371,199,7.0710678118654755
263,Passive,exp01,spatial_placement,target,rubikscube,455,209,450,267,58.215118311311535
263,Passive,exp01,spatial_placement,lure,seashell,168,369,201,358,34.785054261852174
263,Passive,exp01,spatial_placement,lure,shoppingcart,512,180,494,233,55.97320787662612
263,Passive,exp01,spatial_placement,target,skates,143,328,178,237,97.49871794028884
263,Passive,exp01,spatial_placement,target,soccerball,65,207,90,270,67.77905281132217
263,Passive,exp01,spatial_placement,lure,starfish,239,154,237,201,47.042533945356304
263,Passive,exp01,spatial_placement,target,straightener,209,270,459,233,252.7231687044146
263,Passive,exp01,spatial_placement,lure,tapemeasure,238,229,189,230,49.01020301937138
263,Passive,exp01,spatial_placement,lure,toiletpaper,406,348,422,366,24.08318915758459
263,Passive,exp01,spatial_placement,lure,trumpet,104,116,133,232,119.57006314291216
263,Passive,exp01,spatial_placement,lure,walkietalkie,118,305,393,246,281.2578887782528
263,Passive,exp01,spatial_placement,lure,wateringcan,146,407,207,235,182.49657531033287
264,Passive,exp01,spatial_placement,target,alarmclock,468,294,119,361,355.37304343464206
264,Passive,exp01,spatial_placement,target,applecore,161,178,392,350,288.00173610587836
264,Passive,exp01,spatial_placement,target,binoculars,173,229,270,339,146.6594695203825
264,Passive,exp01,spatial_placement,lure,bowlingball,115,377,466,175,404.97530788925883
264,Passive,exp01,spatial_placement,target,broom,158,204,219,186,63.60031446463138
264,Passive,exp01,spatial_placement,target,cactus,58,239,167,189,119.9208072020865
264,Passive,exp01,spatial_placement,target,camcorder,393,102,272,363,287.68385425671704
264,Passive,exp01,spatial_placement,target,dogbowl,450,370,246,210,259.26048676958084
264,Passive,exp01,spatial_placement,lure,doghouse,105,401,215,277,165.75886099994776
264,Passive,exp01,spatial_placement,target,donut,154,362,186,309,61.91122676865643
264,Passive,exp01,spatial_placement,target,fishbowl,134,357,129,290,67.1863081289633
264,Passive,exp01,spatial_placement,target,gavel,460,309,318,328,143.26548781894402
264,Passive,exp01,spatial_placement,target,gramophone,153,368,436,237,311.8493225902535
264,Passive,exp01,spatial_placement,lure,gumballmachine,138,326,500,190,386.7040211841609
264,Passive,exp01,spatial_placement,lure,hairclip,453,257,390,170,107.41508273980894
264,Passive,exp01,spatial_placement,lure,hanger,202,404,164,360,58.137767414994535
264,Passive,exp01,spatial_placement,lure,iron,260,195,285,222,36.796738985948195
264,Passive,exp01,spatial_placement,target,jug,169,268,423,354,268.16412884649577
264,Passive,exp01,spatial_placement,lure,landline,232,426,145,410,88.45903006477066
264,Passive,exp01,spatial_placement,target,microscope,454,317,489,358,53.907327887774215
264,Passive,exp01,spatial_placement,lure,milkshake,107,195,210,220,105.99056561788883
264,Passive,exp01,spatial_placement,lure,mortarpestle,255,436,280,367,73.38937252763509
264,Passive,exp01,spatial_placement,target,paperairplane,173,416,385,345,223.57325421436258
264,Passive,exp01,spatial_placement,lure,pear,189,390,145,369,48.75448697299562
264,Passive,exp01,spatial_placement,target,piggybank,164,460,330,202,306.78983033992506
264,Passive,exp01,spatial_placement,target,pretzel,391,312,281,193,162.0524606416083
264,Passive,exp01,spatial_placement,target,purse,144,329,299,319,155.32224567009067
264,Passive,exp01,spatial_placement,lure,racquet,354,343,510,275,170.1763790894612
264,Passive,exp01,spatial_placement,target,remote,373,126,371,199,73.02739212103907
264,Passive,exp01,spatial_placement,target,rubikscube,411,234,450,267,51.088159097779204
264,Passive,exp01,spatial_placement,lure,shoppingcart,151,387,494,233,375.985372055882
264,Passive,exp01,spatial_placement,target,skates,382,112,178,237,239.25091431382242
264,Passive,exp01,spatial_placement,lure,starfish,242,394,237,201,193.06475597581243
264,Passive,exp01,spatial_placement,target,straightener,157,460,459,233,377.80021175219053
264,Passive,exp01,spatial_placement,lure,tapemeasure,231,273,189,230,60.108235708594876
264,Passive,exp01,spatial_placement,lure,toiletpaper,139,292,422,366,292.5149568825499
265,Passive,exp01,spatial_placement,target,alarmclock,250,349,119,361,131.54847015454038
265,Passive,exp01,spatial_placement,target,applecore,94,341,392,350,298.1358750637031
265,Passive,exp01,spatial_placement,lure,bikepump,294,204,439,350,205.7692882818036
265,Passive,exp01,spatial_placement,target,binoculars,352,396,270,339,99.86490875177326
265,Passive,exp01,spatial_placement,lure,bowlingball,67,236,466,175,403.6359746107871
265,Passive,exp01,spatial_placement,target,cactus,440,272,167,189,285.3383955937231
265,Passive,exp01,spatial_placement,target,dogbowl,292,254,246,210,63.655321851358195
265,Passive,exp01,spatial_placement,lure,doghouse,168,234,215,277,63.702433234531945
265,Passive,exp01,spatial_placement,target,donut,314,445,186,309,186.76188047886004
265,Passive,exp01,spatial_placement,target,fishbowl,124,250,129,290,40.311288741492746
265,Passive,exp01,spatial_placement,lure,frame,143,334,314,343,171.23667831396403
265,Passive,exp01,spatial_placement,target,gavel,279,239,318,328,97.16995420396162
265,Passive,exp01,spatial_placement,target,gramophone,422,323,436,237,87.13208364316786
265,Passive,exp01,spatial_placement,lure,gumballmachine,415,196,500,190,85.21150157109074
265,Passive,exp01,spatial_placement,lure,hairclip,260,241,390,170,148.12494725737457
265,Passive,exp01,spatial_placement,lure,hanger,271,377,164,360,108.34205093129813
265,Passive,exp01,spatial_placement,lure,ladle,182,331,333,294,155.46703830716015
265,Passive,exp01,spatial_placement,lure,landline,387,389,145,410,242.90944814889355
265,Passive,exp01,spatial_placement,target,mailbox,103,313,477,199,390.98849087920735
265,Passive,exp01,spatial_placement,target,microscope,123,223,489,358,390.10383233185496
265,Passive,exp01,spatial_placement,lure,mortarpestle,87,396,280,367,195.1665955024066
265,Passive,exp01,spatial_placement,target,paperairplane,314,249,385,345,119.4026800369238
265,Passive,exp01,spatial_placement,target,piggybank,150,364,330,202,242.1652328473268
265,Passive,exp01,spatial_placement,target,purse,436,307,299,319,137.5245432641025
265,Passive,exp01,spatial_placement,lure,racquet,474,318,510,275,56.08029957123981
265,Passive,exp01,spatial_placement,target,remote,281,344,371,199,170.66048165876012
265,Passive,exp01,spatial_placement,target,rubikscube,264,259,450,267,186.17196351760379
265,Passive,exp01,spatial_placement,lure,seashell,420,397,201,358,222.4454989429995
265,Passive,exp01,spatial_placement,lure,shoppingcart,171,324,494,233,335.574134879314
265,Passive,exp01,spatial_placement,target,soccerball,461,240,90,270,372.21096168705185
265,Passive,exp01,spatial_placement,lure,starfish,99,395,237,201,238.0756182392477
265,Passive,exp01,spatial_placement,target,straightener,181,323,459,233,292.205407205274
265,Passive,exp01,spatial_placement,lure,tapemeasure,256,212,189,230,69.3757882838098
265,Passive,exp01,spatial_placement,lure,toiletpaper,446,222,422,366,145.98630072715727
265,Passive,exp01,spatial_placement,lure,trumpet,239,180,133,232,118.06777714516353
265,Passive,exp01,spatial_placement,lure,wateringcan,443,158,207,235,248.2438317461282
266,Passive,exp01,spatial_placement,target,alarmclock,255,372,119,361,136.444127759314
266,Passive,exp01,spatial_placement,target,applecore,319,183,392,350,182.25805880673698
266,Passive,exp01,spatial_placement,target,binoculars,428,164,270,339,235.77319610167734
266,Passive,exp01,spatial_placement,lure,blender,172,248,333,170,178.89941307897016
266,Passive,exp01,spatial_placement,lure,bowlingball,310,369,466,175,248.9417602572939
266,Passive,exp01,spatial_placement,target,broom,258,400,219,186,217.52471123989568
266,Passive,exp01,spatial_placement,target,cactus,486,139,167,189,322.89471968429586
266,Passive,exp01,spatial_placement,target,camcorder,268,328,272,363,35.22782990761707
266,Passive,exp01,spatial_placement,target,dogbowl,91,443,246,210,279.84638643370045
266,Passive,exp01,spatial_placement,target,donut,262,375,186,309,100.65783625729296
266,Passive,exp01,spatial_placement,target,feather,493,381,178,288,328.4417756619885
266,Passive,exp01,spatial_placement,lure,frame,286,136,314,343,208.88513590009222
266,Passive,exp01,spatial_placement,target,gavel,256,387,318,328,85.58621384311844
266,Passive,exp01,spatial_placement,lure,iron,143,82,285,222,199.40912717325654
266,Passive,exp01,spatial_placement,lure,ladle,19,238,333,294,318.9545422156581
266,Passive,exp01,spatial_placement,lure,milkshake,442,208,210,220,232.31013753170566
266,Passive,exp01,spatial_placement,lure,mortarpestle,278,350,280,367,17.11724276862369
266,Passive,exp01,spatial_placement,target,paperairplane,478,125,385,345,238.8493248891443
266,Passive,exp01,spatial_placement,lure,pear,111,396,145,369,43.41658669218482
266,Passive,exp01,spatial_placement,target,piggybank,440,362,330,202,194.164878389476
266,Passive,exp01,spatial_placement,target,pretzel,274,163,281,193,30.805843601498726
266,Passive,exp01,spatial_placement,target,purse,111,313,299,319,188.09572031282372
266,Passive,exp01,spatial_placement,lure,racquet,56,350,510,275,460.15323534666146
266,Passive,exp01,spatial_placement,target,rubikscube,318,327,450,267,144.99655168313487
266,Passive,exp01,spatial_placement,lure,seashell,104,410,201,358,110.05907504608605
266,Passive,exp01,spatial_placement,lure,shoppingcart,270,168,494,233,233.2402195162747
266,Passive,exp01,spatial_placement,target,soccerball,59,425,90,270,158.06960492137634
266,Passive,exp01,spatial_placement,lure,starfish,458,352,237,201,267.6602323842674
266,Passive,exp01,spatial_placement,target,straightener,63,119,459,233,412.0825160086266
266,Passive,exp01,spatial_placement,lure,tapemeasure,84,103,189,230,164.78470802838473
266,Passive,exp01,spatial_placement,lure,toiletpaper,300,272,422,366,154.01298646542764
266,Passive,exp01,spatial_placement,lure,wateringcan,236,101,207,235,137.10215169719257
267,Passive,exp01,spatial_placement,target,alarmclock,128,247,119,361,114.35471131527551
267,Passive,exp01,spatial_placement,target,applecore,155,277,392,350,247.98790293076797
267,Passive,exp01,spatial_placement,target,binoculars,256,209,270,339,130.75167302944922
267,Passive,exp01,spatial_placement,lure,bowlingball,255,94,466,175,226.01327394646538
267,Passive,exp01,spatial_placement,target,camcorder,121,238,272,363,196.02550854416882
267,Passive,exp01,spatial_placement,lure,cereal,467,295,348,349,130.6789960169575
267,Passive,exp01,spatial_placement,lure,doghouse,183,336,215,277,67.11929677819934
267,Passive,exp01,spatial_placement,target,donut,284,319,186,309,98.50888284819801
267,Passive,exp01,spatial_placement,lure,frame,314,461,314,343,118.0
267,Passive,exp01,spatial_placement,lure,gumballmachine,299,203,500,190,201.41995928904365
267,Passive,exp01,spatial_placement,lure,hanger,63,415,164,360,115.00434774390054
267,Passive,exp01,spatial_placement,target,jug,434,218,423,354,136.444127759314
267,Passive,exp01,spatial_placement,lure,ladle,284,310,333,294,51.54609587543949
267,Passive,exp01,spatial_placement,lure,landline,419,407,145,410,274.0164228654918
267,Passive,exp01,spatial_placement,target,mailbox,162,198,477,199,315.00158729758806
267,Passive,exp01,spatial_placement,target,microscope,415,326,489,358,80.62257748298549
267,Passive,exp01,spatial_placement,lure,milkshake,120,397,210,220,198.56736892047493
267,Passive,exp01,spatial_placement,target,piggybank,242,264,330,202,107.64757312638311
267,Passive,exp01,spatial_placement,target,remote,72,395,371,199,357.5150346488942
267,Passive,exp01,spatial_placement,target,rubikscube,151,231,450,267,301.1594262180747
267,Passive,exp01,spatial_placement,lure,seashell,179,388,201,358,37.20215047547655
267,Passive,exp01,spatial_placement,lure,shoppingcart,440,225,494,233,54.589376255824725
267,Passive,exp01,spatial_placement,target,skates,265,366,178,237,155.59562975867928
267,Passive,exp01,spatial_placement,lure,starfish,232,277,237,201,76.16429609731846
260,Passive,exp01,spatial_placement,target,alarmclock,98,296,119,361,68.30812543175226
260,Passive,exp01,spatial_placement,target,binoculars,99,317,270,339,172.40939649566667
260,Passive,exp01,spatial_placement,target,broom,74,202,219,186,145.8800877433243
260,Passive,exp01,spatial_placement,target,camcorder,244,358,272,363,28.442925306655784
260,Passive,exp01,spatial_placement,target,dogbowl,132,334,246,210,168.43990026119107
260,Passive,exp01,spatial_placement,target,donut,193,368,186,309,59.413803110051795
260,Passive,exp01,spatial_placement,target,feather,83,294,178,288,95.1892851112981
260,Passive,exp01,spatial_placement,lure,frame,289,320,314,343,33.97057550292606
260,Passive,exp01,spatial_placement,lure,gumballmachine,417,261,500,190,109.22453936730518
260,Passive,exp01,spatial_placement,lure,landline,420,243,145,410,321.73591655269075
260,Passive,exp01,spatial_placement,target,microscope,226,210,489,358,301.7830346457534
260,Passive,exp01,spatial_placement,target,paperairplane,360,290,385,345,60.41522986797286
260,Passive,exp01,spatial_placement,lure,pen,192,112,185,337,225.10886255321003
260,Passive,exp01,spatial_placement,target,pretzel,332,297,281,193,115.83177456984762
260,Passive,exp01,spatial_placement,target,purse,428,253,299,319,144.90341610879986
260,Passive,exp01,spatial_placement,lure,racquet,478,239,510,275,48.16637831516918
260,Passive,exp01,spatial_placement,target,remote,207,231,371,199,167.09278859364338
260,Passive,exp01,spatial_placement,target,rubikscube,443,263,450,267,8.06225774829855
260,Passive,exp01,spatial_placement,target,soccerball,68,281,90,270,24.596747752497688
260,Passive,exp01,spatial_placement,lure,starfish,327,233,237,201,95.51963149007642
260,Passive,exp01,spatial_placement,lure,trumpet,152,219,133,232,23.021728866442675
